employee_id,gender,company_type,wfh_setup_available,designation,resource_allocation,mental_fatigue_score,hours_per_week,years_experience,team_size,burn_rate
EMP_00001,Male,Product,Yes,2,4.9,1.98,44,6,25,0.4437
EMP_00002,Non-binary,Product,Yes,4,1.2,7.39,52,10,29,0.3979
EMP_00003,Female,Service,No,4,1.5,2.8,65,15,5,0.4029
EMP_00004,Female,Service,Yes,2,7.1,4.93,60,9,22,0.5406
EMP_00005,Male,Product,No,5,4.3,3.27,37,4,6,0.485
EMP_00006,Male,Product,No,5,8.8,5.07,59,8,15,0.8182
EMP_00007,Male,Product,Yes,3,7.6,3.47,63,13,28,0.594
EMP_00008,Female,Product,Yes,3,1.2,9.94,62,17,22,0.3344
EMP_00009,Female,Product,Yes,5,7.2,3.57,30,4,29,0.6626
EMP_00010,Female,Product,No,5,2.7,6.27,45,2,10,0.5016
EMP_00011,Male,Product,No,5,4.8,8.88,40,5,4,0.6039
EMP_00012,Non-binary,Service,No,5,6.6,6.38,56,2,4,0.6989
EMP_00013,Female,Product,Yes,4,8.9,5.66,51,16,23,0.5781
EMP_00014,Male,Product,No,3,5.1,5.69,69,15,8,0.408
EMP_00015,Male,Product,Yes,2,8.3,4.96,48,4,22,0.4729
EMP_00016,Male,Service,Yes,1,8.0,8.08,35,15,9,0.4227
EMP_00017,Male,Product,No,2,4.7,0.5,69,5,28,0.421
EMP_00018,Male,Product,Yes,1,5.5,8.85,68,3,6,0.478
EMP_00019,Male,Product,No,4,7.3,5.86,49,14,10,0.5237
EMP_00020,Male,Service,Yes,3,1.3,8.49,32,7,20,0.2168
EMP_00021,Female,Service,No,1,9.0,0.1,30,15,12,0.434
EMP_00022,Male,Service,Yes,5,7.9,8.69,52,5,22,0.8355
EMP_00023,Male,Service,Yes,4,3.2,1.2,67,9,13,0.3744
EMP_00024,Male,Service,Yes,1,9.8,7.21,32,13,9,0.4966
EMP_00025,Male,Service,Yes,5,2.6,4.17,63,7,7,0.4528
EMP_00026,Female,Product,Yes,4,9.2,6.81,46,4,28,0.7553
EMP_00027,Male,Product,No,1,3.9,6.28,56,7,13,0.4263
EMP_00028,Male,Service,Yes,5,7.9,1.63,68,1,20,0.8107
EMP_00029,Female,Product,Yes,3,5.1,5.15,52,15,18,0.3749
EMP_00030,Male,Product,Yes,4,7.6,2.77,67,15,21,0.5664
EMP_00031,Female,Service,Yes,1,2.4,5.6,40,18,22,0.1338
EMP_00032,Male,Product,No,5,3.4,7.38,44,15,7,0.477
EMP_00033,Male,Service,No,3,1.9,0.81,55,3,9,0.3608
EMP_00034,Non-binary,Service,Yes,5,8.8,5.16,40,5,5,0.7475
EMP_00035,Non-binary,Product,Yes,3,3.7,6.18,36,5,27,0.4037
EMP_00036,Female,Service,No,1,7.3,2.95,37,16,12,0.3394
EMP_00037,Male,Product,Yes,5,8.4,9.53,34,10,21,0.6713
EMP_00038,Male,Product,Yes,5,9.1,5.2,46,13,7,0.6773
EMP_00039,Female,Product,Yes,2,2.0,1.83,52,15,7,0.1491
EMP_00040,Male,Service,Yes,4,9.0,1.08,31,8,25,0.5479
EMP_00041,Male,Service,Yes,5,2.8,5.42,56,7,24,0.589
EMP_00042,Male,Product,Yes,3,7.6,3.75,50,14,13,0.5383
EMP_00043,Male,Service,No,4,7.6,1.93,36,6,21,0.6657
EMP_00044,Female,Product,Yes,1,1.1,0.31,67,8,14,0.1885
EMP_00045,Male,Service,Yes,4,3.0,5.67,55,15,19,0.3988
EMP_00046,Female,Product,Yes,2,5.4,5.99,59,17,24,0.3831
EMP_00047,Male,Service,Yes,1,4.8,1.42,41,5,29,0.2813
EMP_00048,Male,Product,Yes,5,9.3,6.02,40,12,24,0.5981
EMP_00049,Male,Product,No,1,4.2,9.52,46,13,22,0.2596
EMP_00050,Male,Product,Yes,1,9.4,9.78,39,3,17,0.6301
EMP_00051,Non-binary,Service,No,2,5.1,8.88,45,19,20,0.3164
EMP_00052,Female,Product,Yes,3,9.7,8.07,44,15,11,0.5827
EMP_00053,Non-binary,Service,No,1,7.6,2.09,44,18,24,0.3541
EMP_00054,Female,Product,Yes,3,8.5,1.56,49,7,19,0.5985
EMP_00055,Female,Product,Yes,4,1.9,4.45,33,14,26,0.2746
EMP_00056,Female,Product,No,2,6.3,6.2,61,19,28,0.4008
EMP_00057,Male,Service,Yes,5,2.3,8.51,51,11,25,0.4779
EMP_00058,Male,Product,No,1,3.7,2.32,64,7,29,0.4294
EMP_00059,Male,Service,Yes,3,6.6,4.8,43,11,13,0.453
EMP_00060,Male,Service,No,1,7.5,6.47,59,8,8,0.4253
EMP_00061,Male,Service,No,2,1.4,4.46,60,10,14,0.2514
EMP_00062,Male,Product,No,5,5.8,4.54,39,11,13,0.5333
EMP_00063,Female,Service,Yes,4,6.1,2.25,35,1,29,0.4624
EMP_00064,Male,Service,Yes,4,1.7,9.87,56,10,19,0.4202
EMP_00065,Male,Product,No,3,5.5,4.75,40,7,12,0.4911
EMP_00066,Male,Service,No,4,7.4,5.33,65,3,15,0.6473
EMP_00067,Male,Product,No,3,1.5,2.19,39,19,7,0.1734
EMP_00068,Female,Product,Yes,5,7.8,5.14,45,4,6,0.7297
EMP_00069,Male,Product,No,1,6.2,2.55,53,6,9,0.4227
EMP_00070,Non-binary,Product,Yes,2,8.5,2.02,50,1,17,0.602
EMP_00071,Female,Product,Yes,5,3.0,2.76,69,4,4,0.5563
EMP_00072,Male,Product,Yes,5,8.5,0.03,65,7,19,0.7337
EMP_00073,Male,Service,Yes,4,1.9,5.7,52,11,25,0.4572
EMP_00074,Female,Product,No,4,4.6,3.87,50,6,26,0.538
EMP_00075,Female,Product,Yes,2,2.8,8.99,61,5,23,0.3072
EMP_00076,Female,Product,No,1,8.9,0.41,46,12,10,0.4587
EMP_00077,Female,Service,Yes,5,7.3,0.43,46,2,18,0.7548
EMP_00078,Male,Service,Yes,4,1.2,8.86,50,18,22,0.3096
EMP_00079,Male,Service,Yes,5,1.1,1.27,33,9,26,0.2383
EMP_00080,Male,Service,Yes,1,3.6,0.02,52,14,29,0.187
EMP_00081,Female,Product,Yes,3,2.3,1.79,54,12,5,0.3138
EMP_00082,Female,Service,No,1,6.7,8.24,61,9,25,0.4388
EMP_00083,Male,Product,No,5,7.0,8.03,35,1,24,0.7563
EMP_00084,Male,Product,Yes,5,9.5,3.4,43,7,19,0.6702
EMP_00085,Male,Service,Yes,2,9.6,6.68,67,7,7,0.6668
EMP_00086,Male,Product,Yes,5,6.9,5.07,67,10,16,0.6771
EMP_00087,Female,Service,No,4,1.1,9.05,45,2,16,0.4947
EMP_00088,Female,Service,Yes,2,4.2,0.56,61,4,16,0.4179
EMP_00089,Female,Product,Yes,5,5.6,8.13,45,8,13,0.6507
EMP_00090,Male,Product,Yes,1,5.5,1.71,48,14,22,0.2996
EMP_00091,Male,Product,No,5,6.4,3.92,66,13,15,0.6174
EMP_00092,Female,Service,Yes,1,9.6,1.92,50,16,24,0.4489
EMP_00093,Female,Service,Yes,1,9.0,7.03,44,7,11,0.4411
EMP_00094,Female,Product,No,5,2.0,6.78,55,10,22,0.506
EMP_00095,Female,Product,No,1,3.4,5.48,59,11,4,0.3439
EMP_00096,Male,Service,No,3,8.5,6.98,69,11,14,0.65
EMP_00097,Male,Service,Yes,2,8.4,6.4,44,6,10,0.535
EMP_00098,Male,Product,No,5,3.5,7.76,42,12,18,0.405
EMP_00099,Male,Product,No,3,7.6,2.39,56,10,3,0.5292
EMP_00100,Male,Service,No,1,7.0,4.29,52,9,18,0.438
EMP_00101,Male,Product,No,1,5.3,1.52,63,6,8,0.4279
EMP_00102,Female,Product,No,2,2.8,4.3,63,9,22,0.3782
EMP_00103,Male,Service,Yes,3,9.0,7.02,52,3,8,0.6385
EMP_00104,Male,Service,Yes,3,7.1,6.91,49,7,5,0.523
EMP_00105,Female,Product,No,5,2.5,7.09,38,3,11,0.4789
EMP_00106,Male,Product,Yes,1,7.3,3.09,49,8,21,0.4265
EMP_00107,Male,Product,Yes,4,7.7,6.62,68,8,5,0.7216
EMP_00108,Female,Product,Yes,5,9.0,3.67,43,13,23,0.5869
EMP_00109,Male,Service,No,5,3.0,9.44,55,2,9,0.6045
EMP_00110,Male,Product,Yes,5,9.9,3.43,56,14,16,0.7256
EMP_00111,Male,Service,No,2,2.4,6.03,63,5,24,0.3503
EMP_00112,Male,Service,No,2,6.4,7.5,58,13,16,0.4871
EMP_00113,Female,Product,Yes,5,6.9,9.06,61,13,25,0.6889
EMP_00114,Female,Product,Yes,4,4.8,4.38,34,19,27,0.2731
EMP_00115,Female,Product,Yes,3,5.3,3.6,33,3,5,0.556
EMP_00116,Female,Service,Yes,3,9.0,4.3,52,14,7,0.5776
EMP_00117,Female,Service,Yes,1,6.8,3.24,50,4,7,0.4825
EMP_00118,Male,Product,Yes,3,5.5,6.54,62,10,21,0.5369
EMP_00119,Female,Service,No,3,2.2,9.33,53,6,29,0.4133
EMP_00120,Male,Service,Yes,4,1.1,1.26,45,6,12,0.3125
EMP_00121,Female,Service,No,3,2.1,5.61,61,2,11,0.4393
EMP_00122,Female,Product,Yes,4,9.6,8.98,48,2,18,0.7661
EMP_00123,Male,Product,No,2,7.9,1.0,55,19,11,0.4492
EMP_00124,Male,Service,Yes,4,9.7,4.94,32,3,8,0.7662
EMP_00125,Male,Product,No,2,1.3,8.65,64,4,7,0.3487
EMP_00126,Male,Product,No,4,7.1,9.0,68,4,6,0.6641
EMP_00127,Female,Product,No,5,1.4,5.14,47,11,22,0.3921
EMP_00128,Female,Product,Yes,2,8.0,0.25,36,3,23,0.4687
EMP_00129,Male,Product,No,2,4.4,1.06,61,17,20,0.2738
EMP_00130,Male,Service,Yes,3,1.9,5.87,53,9,18,0.3111
EMP_00131,Male,Product,Yes,2,6.1,1.24,45,14,26,0.3047
EMP_00132,Male,Product,Yes,4,3.5,1.49,53,2,9,0.4277
EMP_00133,Male,Service,Yes,5,6.9,7.72,33,14,16,0.6324
EMP_00134,Male,Product,Yes,5,6.9,7.51,61,3,25,0.7828
EMP_00135,Non-binary,Product,No,3,7.3,8.43,63,2,19,0.6639
EMP_00136,Male,Service,Yes,4,9.9,1.06,48,1,10,0.6842
EMP_00137,Male,Service,Yes,4,4.5,1.98,43,4,13,0.395
EMP_00138,Female,Service,Yes,1,5.2,8.33,67,10,19,0.4149
EMP_00139,Male,Service,No,2,8.2,7.21,42,15,16,0.5097
EMP_00140,Non-binary,Product,Yes,3,6.2,8.06,51,12,11,0.4973
EMP_00141,Non-binary,Service,Yes,5,1.3,9.9,60,6,8,0.5405
EMP_00142,Male,Product,No,1,8.6,8.64,59,3,10,0.5774
EMP_00143,Male,Service,Yes,4,1.5,5.2,52,3,19,0.4088
EMP_00144,Male,Product,Yes,2,2.5,3.11,41,19,24,0.2166
EMP_00145,Male,Service,Yes,5,1.9,5.7,43,4,15,0.3903
EMP_00146,Male,Service,No,1,1.7,6.39,65,19,15,0.2094
EMP_00147,Female,Service,No,4,1.2,3.35,37,14,19,0.2748
EMP_00148,Male,Product,Yes,5,1.5,7.71,53,4,21,0.4717
EMP_00149,Male,Product,Yes,5,5.0,0.93,32,8,4,0.5545
EMP_00150,Male,Service,Yes,4,3.3,7.79,43,19,20,0.3902
EMP_00151,Female,Service,No,4,2.1,0.32,40,19,6,0.1747
EMP_00152,Male,Product,No,3,6.9,4.98,67,1,9,0.6298
EMP_00153,Male,Service,Yes,5,3.0,8.61,57,15,18,0.4378
EMP_00154,Male,Service,Yes,4,1.2,0.86,52,11,21,0.3153
EMP_00155,Non-binary,Product,No,1,4.8,5.18,47,9,17,0.2927
EMP_00156,Male,Service,No,2,3.8,1.59,49,3,25,0.3317
EMP_00157,Female,Product,No,3,3.9,8.95,62,18,27,0.3933
EMP_00158,Female,Product,No,4,5.0,8.32,31,19,16,0.3949
EMP_00159,Male,Product,No,2,7.0,9.34,68,16,15,0.4709
EMP_00160,Female,Service,Yes,3,6.5,8.75,66,16,22,0.4856
EMP_00161,Male,Service,Yes,5,9.4,7.37,55,3,9,0.732
EMP_00162,Female,Product,Yes,2,5.7,1.85,31,18,17,0.304
EMP_00163,Female,Service,No,3,5.3,3.03,32,13,3,0.3525
EMP_00164,Male,Service,Yes,4,2.9,4.97,49,8,4,0.399
EMP_00165,Male,Service,Yes,4,7.8,5.89,39,7,26,0.65
EMP_00166,Female,Product,Yes,3,2.3,7.82,50,19,5,0.1592
EMP_00167,Male,Service,Yes,5,5.4,2.27,69,12,23,0.6169
EMP_00168,Male,Product,No,3,4.8,1.28,38,18,26,0.3907
EMP_00169,Male,Product,Yes,1,6.9,4.83,31,15,7,0.2234
EMP_00170,Female,Product,Yes,3,9.3,1.58,57,12,18,0.5087
EMP_00171,Female,Product,No,3,9.5,6.94,32,6,19,0.547
EMP_00172,Male,Service,Yes,4,2.5,5.76,45,17,20,0.2733
EMP_00173,Male,Product,No,5,3.4,7.41,33,4,28,0.5475
EMP_00174,Male,Service,No,3,8.3,0.63,52,12,18,0.5323
EMP_00175,Female,Product,No,2,5.7,9.65,59,17,13,0.5285
EMP_00176,Male,Product,No,4,5.1,0.0,67,5,5,0.5463
EMP_00177,Female,Service,Yes,4,7.4,3.25,42,6,12,0.5788
EMP_00178,Male,Service,Yes,3,6.4,6.8,35,15,20,0.4981
EMP_00179,Non-binary,Product,Yes,2,9.7,0.45,39,8,18,0.4159
EMP_00180,Male,Product,Yes,3,6.3,0.83,46,16,11,0.4224
EMP_00181,Male,Product,Yes,2,5.2,0.77,37,13,23,0.3468
EMP_00182,Male,Product,Yes,4,5.9,5.82,38,15,3,0.5207
EMP_00183,Female,Service,No,2,8.3,8.96,63,13,13,0.6155
EMP_00184,Female,Service,Yes,3,6.5,5.55,46,15,13,0.4744
EMP_00185,Male,Product,Yes,1,6.8,6.04,51,2,29,0.56
EMP_00186,Female,Service,Yes,1,9.7,3.46,32,18,15,0.4791
EMP_00187,Female,Service,Yes,2,6.6,0.19,69,7,10,0.5486
EMP_00188,Female,Product,No,3,4.4,0.22,58,9,21,0.3787
EMP_00189,Male,Product,Yes,5,7.2,8.88,68,7,29,0.7469
EMP_00190,Male,Service,No,1,6.9,1.03,56,9,11,0.4692
EMP_00191,Male,Service,Yes,4,1.1,10.0,68,12,27,0.3981
EMP_00192,Female,Product,Yes,3,5.2,1.64,69,10,8,0.5298
EMP_00193,Female,Product,Yes,3,7.7,6.75,66,10,6,0.6131
EMP_00194,Female,Product,No,1,5.5,9.49,32,13,11,0.2905
EMP_00195,Male,Service,Yes,5,8.0,3.62,48,5,29,0.7032
EMP_00196,Male,Product,Yes,4,5.1,7.34,63,8,27,0.5046
EMP_00197,Female,Product,Yes,5,9.8,3.51,43,10,17,0.7247
EMP_00198,Female,Service,No,4,3.6,3.05,50,6,20,0.4285
EMP_00199,Female,Service,No,1,1.8,2.02,31,11,28,0.168
EMP_00200,Female,Service,Yes,3,4.9,8.21,39,4,24,0.4235
EMP_00201,Female,Product,Yes,4,5.9,2.57,46,2,29,0.6692
EMP_00202,Male,Product,No,3,4.1,2.83,31,6,6,0.3248
EMP_00203,Male,Product,No,2,3.2,9.99,56,13,21,0.3948
EMP_00204,Female,Product,No,2,7.0,3.27,30,12,28,0.3861
EMP_00205,Female,Service,No,1,4.4,4.23,65,14,18,0.3604
EMP_00206,Male,Product,No,1,6.7,9.9,62,8,8,0.536
EMP_00207,Male,Product,Yes,1,8.0,3.69,51,3,29,0.5111
EMP_00208,Female,Product,No,2,7.8,3.66,64,5,14,0.5777
EMP_00209,Male,Product,No,4,4.4,8.28,63,7,17,0.5493
EMP_00210,Male,Service,Yes,5,6.1,3.12,47,18,17,0.4117
EMP_00211,Male,Product,Yes,1,5.0,2.34,65,6,17,0.4527
EMP_00212,Female,Product,No,5,8.8,4.23,32,18,18,0.5815
EMP_00213,Female,Product,Yes,5,8.9,7.01,45,8,16,0.7021
EMP_00214,Male,Product,No,2,4.1,0.43,40,7,10,0.324
EMP_00215,Female,Product,Yes,4,1.8,3.74,39,2,27,0.3733
EMP_00216,Male,Service,Yes,2,2.5,3.46,50,4,27,0.2368
EMP_00217,Male,Service,Yes,1,4.3,2.45,54,9,4,0.3048
EMP_00218,Female,Service,Yes,2,6.1,6.54,64,16,17,0.4469
EMP_00219,Female,Service,Yes,2,6.9,2.9,35,19,10,0.3058
EMP_00220,Female,Service,Yes,2,4.0,6.07,37,10,13,0.33
EMP_00221,Female,Service,No,1,7.0,5.04,63,8,18,0.5277
EMP_00222,Female,Product,No,1,9.4,2.17,30,16,10,0.3712
EMP_00223,Male,Product,Yes,2,6.9,2.67,32,8,7,0.3521
EMP_00224,Male,Product,Yes,2,2.4,1.71,67,4,22,0.3778
EMP_00225,Male,Service,Yes,5,6.2,0.57,56,13,27,0.5867
EMP_00226,Male,Service,Yes,4,5.9,6.19,42,10,6,0.605
EMP_00227,Non-binary,Service,Yes,5,8.8,6.73,48,9,14,0.6901
EMP_00228,Male,Product,Yes,4,4.2,1.66,48,12,12,0.4277
EMP_00229,Female,Service,Yes,4,4.8,6.15,35,15,6,0.4746
EMP_00230,Female,Product,Yes,2,6.4,9.82,43,1,21,0.4929
EMP_00231,Female,Product,Yes,5,5.7,0.74,34,12,12,0.5163
EMP_00232,Male,Product,No,4,7.5,4.9,65,14,21,0.6386
EMP_00233,Female,Product,Yes,4,1.4,7.33,38,2,21,0.4289
EMP_00234,Male,Product,No,1,6.1,0.46,52,3,13,0.3995
EMP_00235,Male,Product,No,4,2.1,7.78,61,6,25,0.4197
EMP_00236,Female,Product,No,2,3.8,9.8,58,19,15,0.32
EMP_00237,Male,Service,No,3,7.0,0.88,57,13,23,0.5016
EMP_00238,Male,Service,Yes,1,2.4,8.22,69,8,27,0.2714
EMP_00239,Female,Service,Yes,3,3.8,3.79,40,4,4,0.4387
EMP_00240,Male,Product,Yes,2,7.3,1.44,48,19,16,0.4346
EMP_00241,Non-binary,Service,No,3,6.9,4.93,30,7,22,0.4271
EMP_00242,Non-binary,Service,No,4,1.8,0.72,38,7,20,0.3793
EMP_00243,Female,Product,No,3,6.2,5.22,31,1,29,0.456
EMP_00244,Male,Product,Yes,5,2.3,0.19,33,19,18,0.2537
EMP_00245,Male,Product,No,2,3.3,7.29,58,17,26,0.3151
EMP_00246,Female,Product,Yes,5,5.1,4.88,33,8,6,0.5231
EMP_00247,Male,Service,Yes,3,2.0,4.59,30,15,3,0.2953
EMP_00248,Non-binary,Service,No,5,9.9,1.96,57,19,28,0.7085
EMP_00249,Non-binary,Product,Yes,1,2.5,3.61,47,7,5,0.2705
EMP_00250,Female,Service,No,3,8.0,1.82,42,13,14,0.4694
EMP_00251,Male,Service,Yes,5,8.5,7.35,69,1,25,0.8081
EMP_00252,Male,Service,No,4,10.0,1.99,35,7,5,0.6129
EMP_00253,Female,Product,Yes,3,4.9,6.17,68,5,23,0.5231
EMP_00254,Male,Service,No,1,8.9,2.8,51,18,20,0.5181
EMP_00255,Male,Product,No,4,9.6,6.57,59,8,26,0.7308
EMP_00256,Female,Service,No,3,2.6,5.4,56,15,6,0.3435
EMP_00257,Non-binary,Product,Yes,4,5.3,4.23,37,18,19,0.3824
EMP_00258,Female,Product,No,3,1.5,6.73,57,6,14,0.3266
EMP_00259,Female,Service,Yes,3,6.6,4.16,31,5,22,0.4993
EMP_00260,Male,Product,Yes,2,6.2,8.21,49,11,10,0.4637
EMP_00261,Female,Product,Yes,5,2.8,7.3,40,8,27,0.5198
EMP_00262,Non-binary,Product,No,3,8.2,5.41,43,9,19,0.543
EMP_00263,Male,Service,Yes,1,1.3,8.77,53,13,16,0.1876
EMP_00264,Male,Product,No,5,8.3,8.29,42,3,24,0.695
EMP_00265,Female,Service,No,2,1.2,5.32,37,3,22,0.2779
EMP_00266,Female,Product,Yes,5,6.9,0.68,50,7,13,0.6777
EMP_00267,Female,Product,No,5,1.7,5.66,51,3,10,0.5326
EMP_00268,Female,Product,Yes,3,3.3,3.55,38,11,3,0.415
EMP_00269,Male,Product,No,1,7.5,5.4,40,14,23,0.327
EMP_00270,Male,Product,Yes,3,3.5,6.47,45,10,19,0.4004
EMP_00271,Female,Product,Yes,1,5.6,6.45,38,9,22,0.3771
EMP_00272,Female,Service,Yes,1,9.2,6.74,32,12,20,0.3846
EMP_00273,Female,Service,Yes,4,1.4,6.79,65,8,12,0.4757
EMP_00274,Female,Product,Yes,3,8.3,1.09,42,12,11,0.404
EMP_00275,Male,Product,Yes,2,1.6,1.92,30,9,4,0.1814
EMP_00276,Male,Service,Yes,5,2.1,6.31,40,18,22,0.2653
EMP_00277,Female,Product,Yes,4,2.1,4.08,53,17,5,0.4824
EMP_00278,Female,Product,Yes,2,9.9,7.63,34,11,3,0.5501
EMP_00279,Female,Service,No,3,2.6,1.25,31,2,3,0.386
EMP_00280,Female,Service,Yes,1,9.1,1.92,46,19,20,0.4129
EMP_00281,Female,Service,No,3,9.9,5.58,46,14,10,0.5701
EMP_00282,Male,Product,No,3,4.5,5.01,49,3,20,0.5384
EMP_00283,Male,Product,No,4,6.7,2.66,44,6,3,0.5663
EMP_00284,Male,Service,No,2,8.0,4.08,33,4,24,0.4523
EMP_00285,Female,Product,Yes,4,4.5,0.35,40,12,19,0.3744
EMP_00286,Male,Product,No,2,2.5,0.37,52,2,12,0.292
EMP_00287,Male,Product,Yes,4,4.9,0.95,30,6,11,0.4392
EMP_00288,Male,Product,No,5,7.9,5.77,33,5,24,0.6456
EMP_00289,Male,Service,No,1,8.0,8.64,67,5,12,0.5725
EMP_00290,Female,Service,Yes,1,3.1,2.6,31,8,24,0.2424
EMP_00291,Male,Service,No,1,2.6,0.34,56,5,3,0.4182
EMP_00292,Male,Product,Yes,5,9.3,7.09,63,8,18,0.7932
EMP_00293,Female,Product,Yes,5,1.4,8.55,42,1,9,0.4346
EMP_00294,Male,Product,Yes,1,7.6,1.38,47,9,5,0.5445
EMP_00295,Male,Product,No,1,1.4,3.86,40,14,19,0.211
EMP_00296,Male,Service,No,2,8.5,1.59,34,2,11,0.5631
EMP_00297,Female,Product,No,2,9.1,1.06,58,11,17,0.5632
EMP_00298,Male,Product,Yes,3,3.7,6.48,54,4,10,0.4866
EMP_00299,Female,Product,Yes,4,1.7,9.68,43,4,6,0.306
EMP_00300,Male,Service,No,2,5.3,6.78,67,17,21,0.3378
EMP_00301,Male,Product,Yes,2,3.7,9.85,66,16,4,0.4208
EMP_00302,Male,Product,No,2,4.8,4.34,40,7,4,0.4542
EMP_00303,Male,Product,Yes,2,7.0,8.98,61,12,15,0.4305
EMP_00304,Female,Service,Yes,5,2.9,2.05,35,17,29,0.3035
EMP_00305,Female,Product,Yes,3,4.2,1.18,35,5,21,0.3569
EMP_00306,Non-binary,Service,No,2,8.0,7.03,51,8,3,0.5043
EMP_00307,Male,Service,Yes,4,6.8,3.71,32,5,28,0.5655
EMP_00308,Male,Product,Yes,2,3.9,3.18,48,11,25,0.3683
EMP_00309,Female,Service,Yes,5,7.0,6.71,63,19,17,0.5563
EMP_00310,Male,Product,Yes,1,7.9,3.33,36,19,4,0.271
EMP_00311,Male,Service,Yes,1,6.3,5.73,45,4,18,0.3806
EMP_00312,Male,Product,Yes,3,3.2,2.99,67,11,24,0.3863
EMP_00313,Male,Product,No,1,1.0,7.84,38,19,16,0.1785
EMP_00314,Non-binary,Product,Yes,2,8.2,3.12,42,5,8,0.5361
EMP_00315,Female,Product,No,5,8.4,5.35,63,2,13,0.8875
EMP_00316,Female,Service,No,3,7.3,0.23,66,19,16,0.529
EMP_00317,Male,Product,Yes,2,1.7,7.92,35,17,22,0.1532
EMP_00318,Male,Service,Yes,1,6.3,6.2,67,18,6,0.403
EMP_00319,Male,Product,No,4,8.4,1.92,33,15,19,0.5003
EMP_00320,Male,Service,Yes,2,4.5,2.15,34,16,18,0.2122
EMP_00321,Male,Product,Yes,4,2.8,2.62,35,12,29,0.3213
EMP_00322,Female,Product,Yes,4,6.3,5.77,42,8,8,0.5882
EMP_00323,Female,Product,No,3,8.4,5.48,53,6,10,0.601
EMP_00324,Male,Service,Yes,5,1.4,2.74,57,18,15,0.3376
EMP_00325,Non-binary,Product,No,1,6.4,6.94,42,11,28,0.3561
EMP_00326,Female,Product,No,1,6.8,8.89,47,6,6,0.5359
EMP_00327,Female,Product,Yes,2,6.4,0.44,36,17,18,0.3217
EMP_00328,Female,Service,Yes,1,6.9,4.17,33,10,19,0.354
EMP_00329,Male,Product,Yes,3,6.7,5.94,60,19,6,0.4668
EMP_00330,Male,Service,Yes,1,2.2,5.86,53,15,18,0.2285
EMP_00331,Male,Product,Yes,2,3.1,0.2,51,16,4,0.2546
EMP_00332,Female,Service,Yes,1,6.6,2.11,50,17,22,0.3888
EMP_00333,Male,Service,Yes,5,1.2,0.62,55,7,26,0.3916
EMP_00334,Male,Product,Yes,4,6.7,5.69,59,19,15,0.6158
EMP_00335,Male,Product,Yes,4,7.0,6.45,64,8,5,0.6105
EMP_00336,Male,Product,No,4,3.2,1.6,52,8,23,0.4357
EMP_00337,Female,Product,Yes,5,6.4,3.33,69,5,12,0.7165
EMP_00338,Female,Product,No,3,5.8,3.3,59,11,29,0.4898
EMP_00339,Male,Service,Yes,2,3.3,8.2,48,2,20,0.4099
EMP_00340,Male,Product,Yes,5,5.2,1.95,61,18,27,0.4647
EMP_00341,Male,Service,Yes,2,9.2,5.48,48,4,5,0.6465
EMP_00342,Male,Product,Yes,3,4.8,7.83,51,12,3,0.4539
EMP_00343,Male,Service,Yes,5,6.7,8.3,33,4,25,0.6362
EMP_00344,Male,Product,No,1,1.3,6.67,41,5,13,0.13
EMP_00345,Male,Product,No,3,1.7,3.0,44,17,7,0.2603
EMP_00346,Female,Product,Yes,4,1.7,8.23,44,19,27,0.3287
EMP_00347,Female,Product,Yes,5,8.0,7.42,39,10,5,0.5136
EMP_00348,Male,Product,Yes,3,4.2,7.04,48,14,13,0.4242
EMP_00349,Male,Service,Yes,3,3.0,0.67,37,15,3,0.2535
EMP_00350,Female,Service,Yes,5,7.7,0.43,60,14,17,0.5455
EMP_00351,Male,Product,Yes,4,2.5,6.95,38,16,9,0.2794
EMP_00352,Female,Product,Yes,4,3.2,9.45,58,8,26,0.4329
EMP_00353,Female,Product,Yes,3,4.9,7.74,36,9,29,0.386
EMP_00354,Male,Product,Yes,2,4.0,8.31,37,8,4,0.3837
EMP_00355,Male,Product,Yes,3,6.3,5.45,46,11,17,0.5141
EMP_00356,Female,Service,Yes,5,4.0,3.05,44,12,20,0.4932
EMP_00357,Male,Service,No,5,4.5,6.78,45,14,27,0.4808
EMP_00358,Female,Service,Yes,5,8.8,7.12,36,18,6,0.7401
EMP_00359,Non-binary,Product,No,4,9.0,6.75,48,12,3,0.5257
EMP_00360,Female,Service,No,1,8.4,9.47,67,4,11,0.5614
EMP_00361,Male,Service,No,5,8.8,3.67,54,13,11,0.6947
EMP_00362,Female,Product,No,5,6.1,0.4,41,16,24,0.4579
EMP_00363,Male,Product,No,2,6.8,9.08,61,10,8,0.5157
EMP_00364,Male,Service,No,2,6.0,1.6,39,11,16,0.3808
EMP_00365,Non-binary,Product,Yes,3,8.1,6.97,53,12,11,0.564
EMP_00366,Male,Product,Yes,3,6.0,8.73,33,18,4,0.3284
EMP_00367,Non-binary,Product,No,3,2.0,3.1,66,2,11,0.472
EMP_00368,Female,Service,No,5,8.3,8.3,68,19,15,0.7255
EMP_00369,Male,Product,No,2,7.8,3.32,33,5,22,0.5698
EMP_00370,Male,Service,No,3,8.4,7.94,65,10,22,0.5544
EMP_00371,Male,Service,No,2,2.7,0.7,66,16,27,0.3207
EMP_00372,Male,Service,No,5,3.4,6.55,54,12,25,0.4481
EMP_00373,Male,Product,No,5,3.7,6.77,59,9,14,0.5375
EMP_00374,Female,Service,Yes,3,5.6,4.91,30,3,12,0.4369
EMP_00375,Male,Product,No,5,2.2,6.87,58,1,7,0.4973
EMP_00376,Male,Product,No,5,4.5,9.23,45,5,26,0.6115
EMP_00377,Female,Product,No,2,2.6,7.34,66,8,14,0.466
EMP_00378,Male,Product,No,1,3.4,9.61,66,17,3,0.4043
EMP_00379,Female,Service,Yes,4,7.4,4.49,36,1,25,0.6747
EMP_00380,Male,Product,Yes,3,8.7,5.28,69,13,6,0.5769
EMP_00381,Male,Product,No,1,1.2,2.64,62,6,15,0.2453
EMP_00382,Female,Product,Yes,3,6.1,9.86,51,15,20,0.4834
EMP_00383,Female,Service,Yes,1,1.3,0.55,56,7,4,0.2439
EMP_00384,Female,Service,Yes,5,1.8,3.59,58,8,13,0.4903
EMP_00385,Female,Service,No,3,7.3,2.98,45,3,27,0.5477
EMP_00386,Female,Product,No,1,7.6,3.87,50,15,24,0.4698
EMP_00387,Male,Product,No,4,8.3,9.18,40,4,29,0.7927
EMP_00388,Male,Service,No,5,5.3,3.68,50,9,6,0.58
EMP_00389,Female,Product,Yes,3,8.7,9.17,38,11,20,0.5507
EMP_00390,Female,Product,Yes,3,2.5,4.23,56,14,9,0.3851
EMP_00391,Non-binary,Service,Yes,1,3.2,8.55,68,9,11,0.4169
EMP_00392,Male,Product,No,3,2.2,5.22,51,12,4,0.3611
EMP_00393,Male,Service,Yes,5,8.2,3.11,44,5,6,0.6885
EMP_00394,Female,Product,No,2,3.1,4.49,52,6,16,0.4292
EMP_00395,Male,Product,Yes,1,2.4,4.24,58,19,19,0.1454
EMP_00396,Non-binary,Product,Yes,4,6.6,2.6,68,5,3,0.6404
EMP_00397,Female,Product,No,3,1.7,2.9,45,1,5,0.4576
EMP_00398,Male,Service,Yes,5,1.4,1.86,32,10,3,0.3321
EMP_00399,Female,Service,No,3,2.0,3.36,45,14,22,0.2745
EMP_00400,Female,Product,Yes,4,1.0,6.24,37,17,24,0.2634
EMP_00401,Male,Product,Yes,5,7.3,3.87,55,11,23,0.5967
EMP_00402,Female,Service,Yes,4,6.1,7.12,38,4,27,0.5115
EMP_00403,Male,Service,Yes,5,2.9,9.87,64,18,15,0.4464
EMP_00404,Female,Product,No,2,3.1,3.77,36,19,16,0.1934
EMP_00405,Male,Product,Yes,5,8.3,4.63,37,4,14,0.7475
EMP_00406,Female,Product,Yes,4,5.5,1.64,64,12,13,0.539
EMP_00407,Male,Service,Yes,1,7.3,3.92,68,14,20,0.5334
EMP_00408,Male,Service,No,2,5.1,7.27,65,18,4,0.4255
EMP_00409,Female,Product,No,3,3.1,2.17,35,1,5,0.4273
EMP_00410,Male,Service,Yes,2,9.7,1.82,36,11,6,0.5505
EMP_00411,Male,Product,Yes,2,6.1,3.76,41,19,11,0.417
EMP_00412,Non-binary,Product,No,3,2.2,8.19,68,1,13,0.4861
EMP_00413,Non-binary,Product,No,5,4.7,6.24,30,1,24,0.5621
EMP_00414,Female,Service,Yes,2,4.0,9.58,54,3,27,0.4024
EMP_00415,Female,Product,No,2,2.9,9.05,41,14,23,0.3259
EMP_00416,Male,Product,No,1,9.4,1.51,56,8,27,0.5146
EMP_00417,Male,Product,No,1,8.9,0.43,52,15,11,0.481
EMP_00418,Male,Product,No,4,2.8,3.99,48,4,19,0.4576
EMP_00419,Female,Product,No,3,4.2,5.22,50,11,17,0.3539
EMP_00420,Female,Service,Yes,5,7.9,5.16,50,8,11,0.6878
EMP_00421,Female,Product,No,5,2.9,1.34,53,7,9,0.4556
EMP_00422,Female,Service,Yes,4,6.3,1.25,42,2,29,0.498
EMP_00423,Male,Product,No,5,7.3,0.47,65,8,10,0.6926
EMP_00424,Male,Product,Yes,5,6.9,8.51,44,19,5,0.6427
EMP_00425,Male,Product,Yes,1,7.4,9.48,30,9,3,0.3721
EMP_00426,Male,Product,No,5,7.4,1.16,63,16,6,0.4801
EMP_00427,Male,Product,No,5,9.7,2.13,60,8,19,0.8687
EMP_00428,Female,Product,Yes,4,4.1,0.9,61,8,3,0.408
EMP_00429,Male,Service,Yes,4,8.9,8.78,65,11,6,0.804
EMP_00430,Male,Service,Yes,2,1.2,9.59,58,7,10,0.3896
EMP_00431,Male,Product,No,5,3.6,2.62,39,2,19,0.5149
EMP_00432,Female,Product,No,5,1.4,3.04,50,5,28,0.4022
EMP_00433,Female,Product,Yes,5,6.9,3.63,65,18,28,0.6559
EMP_00434,Male,Product,No,1,1.9,5.02,53,11,14,0.2353
EMP_00435,Male,Product,No,5,8.6,6.82,56,17,27,0.759
EMP_00436,Female,Service,Yes,1,6.8,5.04,50,6,24,0.4812
EMP_00437,Male,Product,No,2,1.3,9.51,47,13,18,0.3347
EMP_00438,Female,Product,Yes,3,7.4,1.0,33,7,7,0.5353
EMP_00439,Female,Product,No,5,8.8,7.99,47,11,27,0.7692
EMP_00440,Male,Product,Yes,4,7.0,3.34,38,18,27,0.4883
EMP_00441,Male,Service,Yes,4,1.3,3.78,59,6,27,0.4009
EMP_00442,Non-binary,Product,Yes,5,8.7,7.09,64,12,15,0.7157
EMP_00443,Male,Product,Yes,1,7.6,9.29,59,3,15,0.5172
EMP_00444,Male,Service,No,4,4.4,7.16,68,19,14,0.4653
EMP_00445,Female,Product,Yes,4,4.0,7.76,35,11,5,0.3735
EMP_00446,Non-binary,Service,Yes,2,5.3,7.51,43,2,14,0.4496
EMP_00447,Non-binary,Service,No,2,8.8,3.21,58,3,26,0.6329
EMP_00448,Female,Product,Yes,2,3.3,7.57,61,17,28,0.3509
EMP_00449,Male,Service,Yes,4,1.9,7.85,43,5,22,0.4806
EMP_00450,Male,Product,No,4,8.8,5.33,49,2,22,0.7277
EMP_00451,Female,Product,No,5,1.2,5.37,38,12,25,0.3725
EMP_00452,Female,Product,Yes,5,9.2,7.6,41,5,26,0.7361
EMP_00453,Male,Product,Yes,1,3.8,8.17,43,13,22,0.2764
EMP_00454,Female,Service,No,4,5.6,3.37,52,7,13,0.5481
EMP_00455,Male,Service,Yes,5,2.2,8.02,63,11,12,0.5923
EMP_00456,Male,Service,Yes,5,9.1,8.14,45,5,18,0.779
EMP_00457,Male,Service,Yes,2,7.7,2.34,47,18,8,0.3595
EMP_00458,Male,Product,Yes,2,9.3,7.17,69,6,19,0.6857
EMP_00459,Male,Product,No,2,7.1,1.87,62,3,15,0.5149
EMP_00460,Male,Product,No,3,2.7,0.93,34,6,20,0.2851
EMP_00461,Male,Product,No,5,3.8,5.75,68,16,14,0.5151
EMP_00462,Female,Product,No,2,5.4,9.09,39,3,7,0.4858
EMP_00463,Female,Service,Yes,2,6.5,0.35,51,18,22,0.3902
EMP_00464,Female,Product,Yes,4,9.3,8.27,62,4,18,0.742
EMP_00465,Non-binary,Product,No,2,4.5,5.06,60,5,5,0.3736
EMP_00466,Male,Product,Yes,4,7.3,8.61,35,9,18,0.5702
EMP_00467,Male,Service,Yes,1,9.6,8.43,65,4,13,0.6443
EMP_00468,Female,Service,No,2,2.4,8.75,32,1,16,0.3321
EMP_00469,Male,Service,Yes,4,8.8,7.69,33,11,24,0.6198
EMP_00470,Non-binary,Product,Yes,2,4.8,8.43,56,5,28,0.4493
EMP_00471,Male,Service,No,1,7.6,1.76,67,10,24,0.5313
EMP_00472,Non-binary,Product,No,2,3.6,3.04,54,3,15,0.4338
EMP_00473,Male,Service,Yes,4,4.0,2.42,66,15,13,0.4937
EMP_00474,Female,Product,No,1,1.2,7.42,56,14,16,0.2719
EMP_00475,Male,Product,Yes,1,9.7,1.54,65,5,12,0.626
EMP_00476,Non-binary,Product,Yes,1,8.3,1.82,65,8,26,0.5266
EMP_00477,Male,Service,No,3,1.8,8.79,36,17,20,0.2417
EMP_00478,Female,Product,No,4,10.0,7.06,59,19,9,0.7025
EMP_00479,Non-binary,Service,Yes,3,6.4,8.75,58,4,25,0.6043
EMP_00480,Male,Product,Yes,1,8.7,1.39,69,2,20,0.5058
EMP_00481,Female,Product,Yes,3,1.6,3.99,34,2,24,0.2942
EMP_00482,Female,Product,Yes,2,4.5,2.83,35,2,23,0.4598
EMP_00483,Male,Product,Yes,3,7.0,0.1,36,3,4,0.4217
EMP_00484,Female,Product,Yes,5,2.0,2.85,68,9,27,0.4963
EMP_00485,Female,Product,Yes,1,5.4,3.8,61,5,10,0.4592
EMP_00486,Female,Service,Yes,1,5.0,0.92,44,15,25,0.2632
EMP_00487,Male,Product,Yes,4,2.9,5.66,42,4,17,0.4103
EMP_00488,Male,Service,No,2,3.7,3.83,47,3,8,0.335
EMP_00489,Non-binary,Service,Yes,4,9.7,0.46,39,9,23,0.6452
EMP_00490,Female,Service,Yes,3,3.6,7.04,69,10,15,0.4477
EMP_00491,Male,Product,No,5,2.9,7.29,40,17,27,0.4709
EMP_00492,Female,Product,No,5,5.8,8.34,69,8,7,0.699
EMP_00493,Male,Product,Yes,5,7.0,4.86,69,19,24,0.5944
EMP_00494,Male,Service,Yes,5,7.5,9.69,31,5,5,0.676
EMP_00495,Male,Service,No,2,7.8,9.14,56,11,27,0.513
EMP_00496,Male,Product,Yes,3,1.3,5.51,37,4,17,0.3049
EMP_00497,Female,Product,No,5,4.5,4.45,67,4,29,0.5367
EMP_00498,Male,Service,Yes,1,8.0,0.03,45,15,26,0.3673
EMP_00499,Non-binary,Product,Yes,3,9.1,7.11,53,8,11,0.6789
EMP_00500,Non-binary,Service,Yes,2,6.4,5.65,52,13,19,0.4335
EMP_00501,Female,Product,No,5,1.5,9.38,43,12,19,0.4439
EMP_00502,Male,Service,No,2,4.6,5.94,56,2,15,0.5349
EMP_00503,Male,Product,Yes,5,1.7,9.93,39,1,20,0.5225
EMP_00504,Female,Product,Yes,1,7.7,8.54,57,14,22,0.5678
EMP_00505,Female,Service,Yes,3,1.6,9.54,54,8,28,0.421
EMP_00506,Male,Service,Yes,1,2.7,3.28,31,16,7,0.1444
EMP_00507,Female,Product,No,5,4.8,1.49,62,5,15,0.5868
EMP_00508,Female,Product,Yes,4,5.2,7.97,64,2,9,0.6114
EMP_00509,Non-binary,Service,No,3,4.7,7.86,42,15,6,0.3557
EMP_00510,Female,Service,No,2,5.2,2.11,34,4,15,0.4072
EMP_00511,Female,Service,No,5,7.4,7.65,34,4,19,0.6436
EMP_00512,Male,Service,No,1,4.3,5.82,51,10,10,0.2629
EMP_00513,Non-binary,Product,Yes,4,5.9,1.1,63,18,29,0.5275
EMP_00514,Female,Product,Yes,5,3.7,5.02,30,7,5,0.433
EMP_00515,Male,Service,Yes,2,4.2,9.31,46,5,27,0.3465
EMP_00516,Male,Service,Yes,1,6.5,5.06,38,4,18,0.4782
EMP_00517,Male,Product,Yes,3,5.4,7.89,39,15,4,0.468
EMP_00518,Female,Product,Yes,4,7.5,0.29,44,18,29,0.4326
EMP_00519,Non-binary,Service,No,5,6.0,7.28,58,17,3,0.5449
EMP_00520,Male,Product,Yes,5,8.2,9.47,54,6,28,0.7086
EMP_00521,Female,Product,No,5,5.0,5.0,50,1,10,0.5899
EMP_00522,Male,Product,No,5,5.4,3.38,46,3,5,0.4964
EMP_00523,Non-binary,Service,No,1,7.0,6.47,56,9,19,0.4439
EMP_00524,Female,Service,Yes,3,3.0,9.16,57,5,29,0.4371
EMP_00525,Female,Product,Yes,2,4.5,1.77,52,6,21,0.4776
EMP_00526,Male,Service,Yes,4,6.6,4.04,68,13,26,0.5953
EMP_00527,Male,Service,Yes,5,1.3,1.56,65,3,18,0.4553
EMP_00528,Male,Product,Yes,5,4.9,4.97,32,3,29,0.5589
EMP_00529,Male,Service,No,3,6.4,5.4,62,5,22,0.5169
EMP_00530,Female,Product,Yes,3,9.7,9.44,36,12,12,0.6105
EMP_00531,Female,Product,Yes,1,8.9,4.13,34,18,29,0.3556
EMP_00532,Non-binary,Product,No,1,3.5,5.67,55,7,25,0.3394
EMP_00533,Non-binary,Product,Yes,1,5.6,8.85,46,12,26,0.3922
EMP_00534,Female,Product,Yes,4,1.5,3.21,46,2,17,0.3737
EMP_00535,Female,Service,No,1,3.2,6.74,32,16,9,0.2
EMP_00536,Non-binary,Service,Yes,5,8.0,7.57,32,2,18,0.6608
EMP_00537,Female,Service,No,1,2.1,3.31,63,8,19,0.2261
EMP_00538,Male,Product,Yes,4,3.3,1.64,37,1,22,0.4906
EMP_00539,Male,Product,No,1,9.5,5.03,35,14,15,0.5046
EMP_00540,Male,Product,Yes,1,8.4,3.57,66,10,12,0.5358
EMP_00541,Non-binary,Product,Yes,5,8.0,2.66,51,13,11,0.674
EMP_00542,Female,Product,Yes,5,8.8,9.73,62,10,9,0.6891
EMP_00543,Male,Service,Yes,5,7.7,5.02,36,13,14,0.6332
EMP_00544,Female,Service,Yes,1,2.1,8.56,69,13,3,0.3597
EMP_00545,Female,Product,Yes,5,5.6,1.95,48,1,26,0.6519
EMP_00546,Male,Product,Yes,3,5.0,9.39,39,5,18,0.477
EMP_00547,Male,Service,Yes,2,3.8,7.94,52,16,6,0.2609
EMP_00548,Female,Product,Yes,2,8.5,8.09,31,6,16,0.5607
EMP_00549,Male,Service,Yes,5,5.2,3.9,50,4,25,0.6272
EMP_00550,Female,Service,No,4,1.5,4.86,53,10,24,0.4228
EMP_00551,Male,Service,Yes,5,3.5,5.93,42,11,25,0.4474
EMP_00552,Female,Product,Yes,5,3.1,7.9,34,2,28,0.4789
EMP_00553,Female,Service,No,1,9.0,8.49,47,9,28,0.4919
EMP_00554,Female,Product,No,4,6.8,0.78,40,14,19,0.4384
EMP_00555,Female,Service,Yes,5,6.0,9.04,66,2,14,0.7509
EMP_00556,Male,Product,Yes,3,5.6,9.37,61,5,17,0.5715
EMP_00557,Male,Product,Yes,2,6.9,5.93,57,12,24,0.51
EMP_00558,Male,Product,Yes,3,7.8,1.87,51,1,14,0.6259
EMP_00559,Female,Product,No,3,6.0,8.18,57,19,5,0.4374
EMP_00560,Female,Service,Yes,3,9.4,5.49,30,12,12,0.5093
EMP_00561,Female,Service,No,4,9.8,8.17,35,12,22,0.7162
EMP_00562,Male,Service,Yes,4,10.0,8.15,40,5,19,0.7401
EMP_00563,Male,Product,Yes,4,7.0,0.87,62,2,16,0.7145
EMP_00564,Male,Service,No,2,9.4,6.07,45,14,15,0.5592
EMP_00565,Male,Product,Yes,1,4.6,4.83,42,17,15,0.2347
EMP_00566,Female,Service,Yes,5,8.7,9.46,50,15,28,0.6641
EMP_00567,Male,Service,No,5,9.2,2.97,68,17,10,0.6638
EMP_00568,Male,Product,No,1,9.1,2.06,53,2,16,0.6329
EMP_00569,Female,Service,No,5,8.5,8.97,56,8,4,0.818
EMP_00570,Male,Product,Yes,3,4.7,1.49,66,10,21,0.4496
EMP_00571,Male,Product,Yes,2,2.4,6.87,32,3,25,0.3423
EMP_00572,Female,Product,No,5,4.0,3.0,41,11,4,0.4454
EMP_00573,Male,Product,Yes,2,7.9,5.68,36,9,14,0.4118
EMP_00574,Female,Service,No,1,3.1,6.16,49,15,22,0.2095
EMP_00575,Female,Product,Yes,5,5.3,4.17,44,11,14,0.5674
EMP_00576,Non-binary,Product,Yes,2,6.1,9.75,30,3,25,0.5191
EMP_00577,Male,Service,No,3,6.4,1.32,39,7,21,0.4748
EMP_00578,Female,Service,Yes,3,9.4,3.91,43,7,18,0.5883
EMP_00579,Male,Service,Yes,1,7.0,4.3,44,4,4,0.3995
EMP_00580,Male,Service,Yes,4,8.1,6.31,63,6,10,0.6871
EMP_00581,Male,Service,Yes,5,6.2,4.07,54,19,4,0.5202
EMP_00582,Non-binary,Product,Yes,3,8.5,0.97,60,14,12,0.5513
EMP_00583,Male,Product,Yes,3,3.4,9.47,39,4,18,0.3692
EMP_00584,Male,Product,Yes,1,2.9,4.16,66,19,9,0.2547
EMP_00585,Female,Product,No,3,9.3,3.43,35,19,29,0.5006
EMP_00586,Male,Service,Yes,5,7.2,4.47,35,17,21,0.5198
EMP_00587,Male,Product,No,1,7.0,2.17,57,19,22,0.3622
EMP_00588,Male,Service,Yes,2,5.2,1.0,67,12,24,0.4456
EMP_00589,Male,Product,Yes,1,4.4,1.49,43,17,29,0.2556
EMP_00590,Male,Product,Yes,5,6.0,1.67,42,15,5,0.569
EMP_00591,Male,Product,No,5,2.1,1.98,42,9,19,0.4636
EMP_00592,Female,Service,No,2,5.1,4.2,39,16,10,0.344
EMP_00593,Male,Service,No,1,5.1,6.24,45,18,6,0.2744
EMP_00594,Male,Service,Yes,5,5.8,6.29,68,18,3,0.5475
EMP_00595,Female,Product,Yes,5,6.7,0.0,64,4,20,0.7209
EMP_00596,Male,Service,No,2,9.6,9.21,44,4,24,0.5801
EMP_00597,Female,Product,No,4,6.9,8.23,52,1,3,0.6777
EMP_00598,Male,Product,No,1,9.0,9.64,66,5,11,0.5791
EMP_00599,Male,Service,Yes,5,6.0,3.6,37,12,16,0.5754
EMP_00600,Male,Product,No,3,6.6,6.65,55,14,9,0.5474
EMP_00601,Male,Service,Yes,2,1.6,1.68,51,10,10,0.2486
EMP_00602,Male,Product,Yes,4,2.2,8.17,34,18,10,0.4399
EMP_00603,Male,Service,Yes,4,6.2,1.61,63,10,24,0.5295
EMP_00604,Male,Service,Yes,2,4.6,3.26,56,16,26,0.3659
EMP_00605,Male,Product,No,4,8.2,4.91,48,6,25,0.6812
EMP_00606,Male,Service,No,5,5.9,5.95,64,3,3,0.7016
EMP_00607,Male,Product,No,4,8.9,5.6,49,15,5,0.6027
EMP_00608,Male,Service,No,1,9.8,1.02,67,5,11,0.6147
EMP_00609,Male,Product,Yes,3,2.3,4.22,42,6,10,0.4343
EMP_00610,Female,Product,No,5,4.6,9.23,47,12,7,0.5367
EMP_00611,Male,Product,Yes,2,7.0,8.72,47,1,3,0.598
EMP_00612,Female,Product,No,3,3.7,5.91,30,10,4,0.2631
EMP_00613,Female,Service,No,5,3.4,5.72,61,3,12,0.5721
EMP_00614,Male,Product,No,3,8.3,1.12,54,5,16,0.725
EMP_00615,Female,Product,Yes,4,9.8,2.0,50,15,17,0.6089
EMP_00616,Female,Product,No,2,8.0,2.53,56,4,12,0.5434
EMP_00617,Male,Product,Yes,2,5.7,4.88,40,19,11,0.4122
EMP_00618,Male,Service,Yes,1,5.0,7.31,30,17,14,0.2175
EMP_00619,Female,Service,No,4,5.9,4.61,48,8,12,0.5073
EMP_00620,Female,Product,Yes,1,5.2,1.26,61,5,26,0.4438
EMP_00621,Male,Service,No,1,5.5,4.39,37,4,11,0.4943
EMP_00622,Male,Service,Yes,4,2.8,1.63,48,19,20,0.3598
EMP_00623,Male,Product,Yes,5,9.1,7.51,45,9,21,0.7256
EMP_00624,Male,Service,No,1,7.8,1.67,64,13,21,0.5272
EMP_00625,Female,Product,Yes,3,7.1,4.83,31,17,19,0.4104
EMP_00626,Male,Service,Yes,5,9.5,6.93,41,8,4,0.7055
EMP_00627,Male,Service,Yes,4,3.6,2.28,58,19,12,0.4546
EMP_00628,Female,Product,Yes,2,1.7,0.76,39,11,7,0.2679
EMP_00629,Male,Service,No,5,8.4,5.63,51,14,9,0.6428
EMP_00630,Male,Service,Yes,1,10.0,0.54,63,18,8,0.5503
EMP_00631,Female,Product,No,3,6.2,5.88,50,5,4,0.6084
EMP_00632,Female,Service,No,4,1.5,7.53,66,12,10,0.3996
EMP_00633,Male,Product,Yes,2,8.0,3.29,34,16,6,0.422
EMP_00634,Male,Service,No,3,1.7,4.88,35,16,29,0.165
EMP_00635,Male,Service,No,2,5.9,9.29,61,14,20,0.4621
EMP_00636,Male,Product,Yes,4,3.5,4.71,32,7,6,0.3789
EMP_00637,Male,Product,Yes,5,9.2,9.97,39,9,10,0.7126
EMP_00638,Male,Service,Yes,1,5.1,1.57,34,3,19,0.2757
EMP_00639,Male,Product,No,4,9.1,7.09,53,14,29,0.7192
EMP_00640,Male,Product,No,3,3.7,6.53,49,1,27,0.5304
EMP_00641,Male,Product,Yes,5,4.5,8.72,66,14,16,0.6339
EMP_00642,Male,Product,No,2,9.5,0.92,60,18,10,0.5235
EMP_00643,Male,Product,No,5,2.8,2.8,46,3,16,0.4772
EMP_00644,Male,Product,No,5,6.2,1.32,53,6,10,0.6321
EMP_00645,Male,Product,No,3,4.5,9.33,47,4,28,0.5135
EMP_00646,Female,Service,Yes,1,8.0,4.27,55,1,27,0.6273
EMP_00647,Female,Product,No,5,2.2,9.1,36,3,16,0.4858
EMP_00648,Female,Product,No,5,4.9,2.94,43,18,25,0.4544
EMP_00649,Female,Product,No,1,7.3,1.26,31,3,13,0.4585
EMP_00650,Male,Service,Yes,1,4.7,2.97,59,16,11,0.2118
EMP_00651,Male,Product,Yes,2,1.5,5.97,46,7,19,0.3524
EMP_00652,Male,Product,Yes,2,7.3,8.45,49,9,19,0.5557
EMP_00653,Female,Product,Yes,1,5.5,3.85,39,2,14,0.4173
EMP_00654,Female,Service,No,4,1.1,9.15,53,3,22,0.4658
EMP_00655,Male,Service,Yes,1,6.5,2.44,41,1,4,0.4863
EMP_00656,Male,Service,No,2,9.3,6.94,56,6,26,0.7664
EMP_00657,Male,Service,No,3,2.0,7.36,44,15,19,0.2684
EMP_00658,Male,Service,No,3,6.3,2.74,38,5,22,0.5503
EMP_00659,Female,Product,Yes,5,7.6,0.27,47,13,13,0.6146
EMP_00660,Female,Service,No,3,1.6,3.65,36,8,29,0.2419
EMP_00661,Male,Product,No,2,1.2,0.45,57,13,11,0.2758
EMP_00662,Non-binary,Service,No,3,5.2,9.01,65,19,20,0.474
EMP_00663,Female,Service,Yes,4,8.1,9.54,32,9,8,0.6253
EMP_00664,Male,Product,Yes,1,2.4,7.35,45,3,6,0.3143
EMP_00665,Male,Product,Yes,1,8.5,7.27,65,14,16,0.541
EMP_00666,Male,Product,Yes,2,6.9,2.41,33,7,22,0.4779
EMP_00667,Male,Service,Yes,5,4.0,0.74,64,13,24,0.4827
EMP_00668,Male,Service,Yes,1,5.6,8.02,38,9,12,0.3627
EMP_00669,Male,Service,No,3,9.7,5.59,41,11,6,0.6615
EMP_00670,Male,Product,Yes,4,2.9,6.82,39,9,17,0.3555
EMP_00671,Male,Service,Yes,5,5.5,7.8,31,11,11,0.5771
EMP_00672,Female,Service,No,5,6.6,4.09,48,14,14,0.573
EMP_00673,Male,Service,Yes,5,2.2,1.45,42,15,10,0.4078
EMP_00674,Male,Product,No,1,1.4,7.95,62,17,26,0.2332
EMP_00675,Male,Product,Yes,5,1.1,4.54,30,1,7,0.3838
EMP_00676,Non-binary,Service,Yes,2,3.9,8.27,57,3,18,0.4331
EMP_00677,Male,Service,Yes,3,1.7,4.38,69,3,24,0.3955
EMP_00678,Male,Service,No,4,8.2,2.17,35,3,17,0.5669
EMP_00679,Non-binary,Product,Yes,3,10.0,1.71,32,4,19,0.6328
EMP_00680,Female,Product,No,2,1.6,7.44,54,17,3,0.2472
EMP_00681,Female,Service,Yes,2,4.9,5.75,45,4,27,0.4676
EMP_00682,Male,Product,Yes,3,1.2,4.05,33,13,14,0.2063
EMP_00683,Male,Service,No,1,2.2,4.92,37,7,22,0.2552
EMP_00684,Female,Product,Yes,2,3.9,5.5,68,4,21,0.5194
EMP_00685,Female,Product,No,5,4.5,2.39,45,8,7,0.6126
EMP_00686,Female,Service,Yes,4,9.5,3.78,67,11,17,0.675
EMP_00687,Female,Service,Yes,4,4.6,2.92,52,19,11,0.4741
EMP_00688,Male,Product,No,2,5.5,3.88,35,7,27,0.415
EMP_00689,Female,Product,No,5,3.2,5.01,45,9,5,0.4902
EMP_00690,Male,Service,Yes,3,1.0,1.73,45,4,14,0.2898
EMP_00691,Male,Product,No,4,9.1,3.94,52,4,25,0.7756
EMP_00692,Male,Service,Yes,5,1.7,3.85,45,1,21,0.4873
EMP_00693,Male,Product,No,5,9.7,2.86,65,6,17,0.7449
EMP_00694,Male,Service,No,1,2.2,9.98,41,3,5,0.216
EMP_00695,Male,Service,Yes,2,6.4,0.74,66,3,22,0.5428
EMP_00696,Female,Service,Yes,5,10.0,6.43,38,1,20,0.8245
EMP_00697,Male,Product,Yes,3,2.2,1.74,47,7,24,0.3056
EMP_00698,Female,Service,Yes,4,4.8,8.4,38,9,18,0.4722
EMP_00699,Male,Product,Yes,1,8.0,9.14,50,3,17,0.6083
EMP_00700,Male,Product,No,3,1.3,4.01,30,15,7,0.1853
EMP_00701,Male,Service,No,4,7.2,8.23,52,3,12,0.6994
EMP_00702,Male,Service,Yes,2,1.7,2.5,34,11,12,0.1763
EMP_00703,Male,Service,Yes,3,3.1,1.4,48,18,15,0.345
EMP_00704,Male,Product,Yes,4,2.4,3.16,64,3,20,0.5047
EMP_00705,Male,Product,No,1,9.2,3.42,62,7,12,0.5801
EMP_00706,Non-binary,Product,Yes,4,2.6,3.97,47,9,18,0.4713
EMP_00707,Male,Service,Yes,5,1.4,3.73,69,17,4,0.3331
EMP_00708,Female,Service,Yes,1,6.3,4.11,43,9,20,0.4217
EMP_00709,Male,Product,Yes,3,4.1,7.1,49,10,6,0.3525
EMP_00710,Female,Service,Yes,2,4.7,2.46,42,13,21,0.3372
EMP_00711,Female,Product,Yes,1,2.1,0.19,45,5,27,0.2406
EMP_00712,Female,Product,Yes,1,7.7,4.9,60,14,7,0.4807
EMP_00713,Male,Product,Yes,1,6.4,4.48,68,4,19,0.4268
EMP_00714,Male,Product,Yes,4,4.3,0.6,64,14,4,0.4756
EMP_00715,Male,Product,Yes,5,2.5,1.34,49,11,17,0.4862
EMP_00716,Female,Service,Yes,2,6.3,5.1,30,10,25,0.3701
EMP_00717,Female,Product,No,2,8.0,2.35,69,5,26,0.5755
EMP_00718,Non-binary,Service,No,5,3.8,8.78,42,12,8,0.4667
EMP_00719,Male,Product,Yes,4,1.2,1.73,36,15,25,0.296
EMP_00720,Female,Service,Yes,4,2.9,0.2,51,13,20,0.3338
EMP_00721,Non-binary,Service,No,5,7.1,4.48,36,8,16,0.5942
EMP_00722,Male,Service,Yes,5,9.9,9.86,49,4,14,0.8682
EMP_00723,Male,Product,Yes,3,1.1,6.34,66,13,8,0.2927
EMP_00724,Female,Service,Yes,4,3.8,3.54,65,15,24,0.5041
EMP_00725,Female,Service,No,1,1.6,0.17,33,9,22,0.1218
EMP_00726,Female,Product,No,2,3.8,4.85,35,6,29,0.3385
EMP_00727,Male,Product,Yes,4,4.7,2.06,32,18,22,0.4029
EMP_00728,Female,Product,Yes,5,9.3,6.48,32,9,20,0.7339
EMP_00729,Male,Service,No,1,1.7,5.83,32,6,5,0.1875
EMP_00730,Male,Product,No,3,8.0,2.65,65,7,28,0.5866
EMP_00731,Male,Product,No,3,4.6,0.69,38,12,8,0.4334
EMP_00732,Female,Product,Yes,1,8.3,7.55,45,4,6,0.5257
EMP_00733,Female,Product,Yes,1,5.6,5.85,45,11,21,0.3839
EMP_00734,Male,Service,No,5,1.4,8.42,41,3,19,0.4966
EMP_00735,Male,Product,Yes,5,9.5,2.6,67,7,13,0.7603
EMP_00736,Female,Service,Yes,2,1.7,6.53,49,2,16,0.2782
EMP_00737,Male,Service,Yes,2,6.4,1.19,60,10,29,0.4986
EMP_00738,Female,Product,No,3,8.9,2.92,59,3,13,0.6111
EMP_00739,Male,Service,No,1,1.7,6.57,50,17,21,0.1272
EMP_00740,Male,Product,Yes,3,6.0,8.26,32,11,19,0.4855
EMP_00741,Male,Service,No,5,8.4,3.21,50,1,6,0.7716
EMP_00742,Male,Product,Yes,4,9.9,7.99,57,2,14,0.821
EMP_00743,Female,Service,No,5,7.5,6.78,57,13,6,0.6373
EMP_00744,Male,Product,Yes,4,3.5,3.49,34,14,29,0.4168
EMP_00745,Male,Product,Yes,1,7.3,8.76,36,17,14,0.3252
EMP_00746,Female,Service,Yes,1,7.4,5.09,34,2,19,0.3657
EMP_00747,Male,Product,Yes,1,7.3,6.48,38,17,17,0.2765
EMP_00748,Male,Service,Yes,2,8.7,4.96,50,19,9,0.4847
EMP_00749,Female,Product,Yes,2,1.8,4.53,49,9,23,0.2745
EMP_00750,Female,Service,No,4,2.0,8.48,67,12,3,0.4742
EMP_00751,Male,Product,Yes,3,6.8,2.95,69,16,7,0.5521
EMP_00752,Non-binary,Service,Yes,3,9.6,0.37,66,4,14,0.701
EMP_00753,Female,Product,Yes,4,5.2,8.8,46,11,9,0.4436
EMP_00754,Male,Product,Yes,2,9.6,8.25,57,4,24,0.6457
EMP_00755,Male,Product,Yes,5,9.4,3.67,60,2,28,0.789
EMP_00756,Female,Service,No,4,9.1,1.85,62,10,17,0.762
EMP_00757,Female,Product,Yes,3,9.2,6.76,61,9,7,0.6648
EMP_00758,Male,Service,No,4,9.1,0.79,61,17,26,0.6671
EMP_00759,Female,Service,No,4,8.4,4.24,52,12,11,0.6319
EMP_00760,Female,Product,Yes,1,7.3,0.86,50,4,3,0.4615
EMP_00761,Male,Service,Yes,2,1.2,5.98,54,9,8,0.2506
EMP_00762,Male,Product,No,1,2.2,0.27,62,14,18,0.2397
EMP_00763,Male,Product,Yes,2,2.2,6.29,32,4,17,0.2391
EMP_00764,Female,Service,Yes,4,1.2,6.73,35,2,4,0.3759
EMP_00765,Male,Service,No,2,2.1,4.87,57,18,15,0.2458
EMP_00766,Female,Service,Yes,3,9.3,1.75,31,13,26,0.5315
EMP_00767,Female,Product,Yes,1,7.0,1.01,61,10,7,0.3972
EMP_00768,Female,Product,No,4,3.8,3.13,55,14,18,0.4046
EMP_00769,Male,Product,Yes,3,8.1,4.65,34,9,3,0.5476
EMP_00770,Female,Service,Yes,2,5.4,6.42,40,11,23,0.3979
EMP_00771,Male,Product,No,2,2.3,0.01,39,1,12,0.3639
EMP_00772,Female,Service,No,3,9.0,7.11,44,12,18,0.5786
EMP_00773,Male,Product,Yes,2,4.0,7.13,47,17,15,0.249
EMP_00774,Male,Product,Yes,1,7.3,4.45,43,17,23,0.3385
EMP_00775,Female,Product,No,5,3.6,3.43,57,8,4,0.4693
EMP_00776,Male,Product,No,2,5.5,8.42,59,17,6,0.4905
EMP_00777,Male,Product,Yes,4,8.3,7.85,42,13,24,0.6414
EMP_00778,Female,Service,Yes,2,2.4,9.83,49,13,3,0.316
EMP_00779,Female,Service,Yes,4,9.8,3.72,31,15,13,0.6072
EMP_00780,Female,Product,No,2,1.6,9.07,54,18,11,0.2327
EMP_00781,Female,Product,No,2,5.8,0.87,41,13,25,0.2882
EMP_00782,Male,Product,No,4,9.2,4.11,54,8,8,0.669
EMP_00783,Male,Service,No,1,9.5,4.65,33,7,3,0.381
EMP_00784,Male,Product,Yes,5,3.1,4.41,41,19,10,0.4062
EMP_00785,Male,Service,Yes,5,2.3,6.25,36,10,10,0.4144
EMP_00786,Female,Product,No,1,7.5,1.7,67,12,6,0.4691
EMP_00787,Female,Product,No,2,1.4,8.66,69,2,6,0.3631
EMP_00788,Male,Service,Yes,5,5.4,5.52,61,14,3,0.5652
EMP_00789,Male,Product,Yes,1,8.2,9.04,35,10,27,0.4874
EMP_00790,Non-binary,Service,No,1,6.0,0.03,56,17,10,0.342
EMP_00791,Male,Product,Yes,5,2.7,6.3,64,13,28,0.4292
EMP_00792,Female,Product,Yes,4,5.4,4.12,50,1,25,0.5481
EMP_00793,Male,Product,No,3,9.3,5.05,49,15,20,0.6126
EMP_00794,Female,Service,No,4,6.6,7.44,48,1,25,0.6313
EMP_00795,Male,Service,Yes,2,7.5,2.27,62,15,22,0.5702
EMP_00796,Female,Product,No,4,4.0,2.05,33,15,21,0.3031
EMP_00797,Non-binary,Service,Yes,3,2.7,7.03,48,14,13,0.3226
EMP_00798,Female,Product,Yes,3,3.3,5.21,57,13,28,0.3616
EMP_00799,Female,Product,Yes,1,5.8,2.34,51,2,22,0.4223
EMP_00800,Female,Product,No,2,3.5,4.84,53,8,12,0.315
EMP_00801,Female,Product,No,1,5.9,4.6,59,9,8,0.3263
EMP_00802,Male,Product,No,4,7.4,6.91,58,19,9,0.5879
EMP_00803,Female,Service,No,4,7.6,0.03,39,19,4,0.5438
EMP_00804,Female,Product,Yes,5,2.5,5.87,61,9,25,0.4731
EMP_00805,Male,Product,Yes,1,7.8,6.06,38,7,28,0.4707
EMP_00806,Female,Product,Yes,1,7.1,7.46,54,14,20,0.4205
EMP_00807,Non-binary,Service,Yes,1,1.1,8.89,45,2,29,0.2577
EMP_00808,Female,Service,No,1,1.5,4.4,44,12,20,0.1418
EMP_00809,Male,Product,No,3,6.8,3.43,47,11,19,0.5304
EMP_00810,Male,Product,No,5,4.5,1.02,52,17,15,0.4686
EMP_00811,Non-binary,Product,Yes,2,2.3,3.37,32,2,17,0.2592
EMP_00812,Female,Product,Yes,2,1.4,0.68,36,12,13,0.211
EMP_00813,Male,Product,Yes,2,2.4,8.03,68,15,9,0.3997
EMP_00814,Female,Product,Yes,3,9.6,8.07,40,8,19,0.6972
EMP_00815,Female,Product,Yes,5,7.5,4.17,53,8,21,0.6625
EMP_00816,Male,Product,Yes,5,5.7,2.6,64,18,29,0.4994
EMP_00817,Female,Product,Yes,3,9.5,1.18,54,14,10,0.5437
EMP_00818,Male,Service,Yes,1,6.6,8.51,57,10,19,0.4322
EMP_00819,Male,Service,Yes,4,7.5,8.77,41,4,18,0.6231
EMP_00820,Male,Service,Yes,1,3.5,2.66,52,16,16,0.2775
EMP_00821,Female,Product,Yes,2,6.3,6.22,46,16,24,0.3058
EMP_00822,Male,Product,Yes,1,2.3,2.59,66,17,20,0.2164
EMP_00823,Male,Product,Yes,3,4.6,2.25,47,9,11,0.3907
EMP_00824,Male,Service,Yes,2,1.3,0.21,38,11,20,0.1432
EMP_00825,Male,Product,Yes,4,2.9,5.77,64,13,24,0.4645
EMP_00826,Female,Service,Yes,2,1.7,1.5,65,1,22,0.3308
EMP_00827,Male,Service,Yes,1,4.5,0.12,47,7,27,0.3088
EMP_00828,Male,Product,No,5,8.6,1.05,49,11,18,0.7025
EMP_00829,Female,Service,No,5,4.4,3.14,50,3,19,0.5565
EMP_00830,Male,Product,No,5,8.5,6.69,49,2,19,0.8237
EMP_00831,Male,Product,Yes,2,6.9,2.03,35,14,18,0.3412
EMP_00832,Male,Product,Yes,5,5.6,8.88,38,10,28,0.4184
EMP_00833,Male,Product,No,3,3.1,2.88,58,17,21,0.3541
EMP_00834,Male,Service,Yes,4,9.3,3.31,58,8,13,0.7174
EMP_00835,Male,Product,No,5,1.5,2.18,42,15,8,0.3801
EMP_00836,Male,Product,Yes,3,7.2,2.54,65,6,21,0.6217
EMP_00837,Female,Service,Yes,3,6.6,0.74,56,2,9,0.6453
EMP_00838,Male,Service,No,2,5.0,2.95,35,15,11,0.3183
EMP_00839,Female,Product,Yes,2,3.2,8.6,68,16,14,0.4066
EMP_00840,Female,Service,Yes,4,4.9,6.88,61,2,28,0.6463
EMP_00841,Male,Service,Yes,4,8.9,8.75,57,14,4,0.6382
EMP_00842,Female,Product,Yes,1,8.5,1.05,30,1,6,0.4558
EMP_00843,Male,Product,Yes,4,9.5,4.56,60,9,5,0.7033
EMP_00844,Non-binary,Product,Yes,2,3.8,2.29,59,17,24,0.4146
EMP_00845,Male,Service,No,3,4.5,7.21,47,14,23,0.374
EMP_00846,Male,Service,No,1,1.2,9.7,58,10,14,0.2713
EMP_00847,Male,Service,Yes,4,9.5,8.15,67,13,5,0.7312
EMP_00848,Non-binary,Product,No,3,4.0,0.35,52,13,11,0.3757
EMP_00849,Male,Product,Yes,2,4.6,3.17,51,19,14,0.307
EMP_00850,Female,Product,Yes,5,9.2,0.29,31,8,10,0.6304
EMP_00851,Male,Product,No,1,5.7,0.4,34,7,21,0.2702
EMP_00852,Female,Service,No,3,6.1,0.8,44,17,28,0.3481
EMP_00853,Male,Service,No,2,2.6,2.76,61,8,7,0.3769
EMP_00854,Female,Product,Yes,2,5.5,3.04,35,4,23,0.4348
EMP_00855,Male,Product,Yes,1,9.3,4.0,43,7,7,0.5295
EMP_00856,Male,Product,No,1,6.0,4.05,53,17,10,0.4275
EMP_00857,Male,Product,Yes,4,3.3,7.71,50,5,5,0.6107
EMP_00858,Male,Product,No,4,1.3,1.41,43,4,21,0.3104
EMP_00859,Female,Product,Yes,1,4.0,1.58,41,19,26,0.2611
EMP_00860,Male,Product,No,1,6.2,6.27,33,1,11,0.3666
EMP_00861,Female,Product,Yes,3,1.4,5.72,50,10,23,0.2885
EMP_00862,Male,Product,Yes,4,6.5,1.54,46,6,28,0.5675
EMP_00863,Male,Product,Yes,2,5.7,8.52,58,12,26,0.4992
EMP_00864,Male,Service,No,4,8.1,3.29,45,17,16,0.4797
EMP_00865,Male,Product,No,4,1.3,3.67,47,5,23,0.379
EMP_00866,Female,Service,Yes,1,8.0,4.2,67,9,22,0.5301
EMP_00867,Male,Product,No,1,5.7,3.23,40,9,4,0.2723
EMP_00868,Male,Product,Yes,4,4.3,5.57,61,5,29,0.5703
EMP_00869,Female,Product,Yes,5,9.7,3.89,57,19,17,0.6742
EMP_00870,Non-binary,Product,Yes,5,2.4,2.59,45,11,6,0.4371
EMP_00871,Male,Service,Yes,4,5.9,9.04,63,12,4,0.5597
EMP_00872,Male,Product,Yes,5,3.9,3.08,59,5,25,0.5428
EMP_00873,Female,Service,Yes,4,5.7,6.98,67,8,25,0.7208
EMP_00874,Male,Service,No,1,6.0,3.47,51,17,11,0.2887
EMP_00875,Male,Product,No,1,1.8,4.35,34,8,6,0.177
EMP_00876,Male,Product,No,1,7.0,2.36,38,2,7,0.4166
EMP_00877,Female,Service,Yes,2,6.7,7.52,42,18,13,0.4019
EMP_00878,Female,Product,No,1,7.9,7.37,68,19,6,0.4771
EMP_00879,Male,Service,No,1,1.8,0.22,52,10,6,0.2601
EMP_00880,Male,Product,Yes,4,3.7,0.6,56,7,17,0.4361
EMP_00881,Male,Product,No,5,6.9,9.22,61,9,7,0.6797
EMP_00882,Female,Product,Yes,5,2.2,8.89,60,12,5,0.4876
EMP_00883,Male,Product,Yes,1,7.1,5.06,62,12,18,0.3646
EMP_00884,Male,Service,Yes,1,1.5,4.93,55,5,27,0.3229
EMP_00885,Female,Product,Yes,1,4.0,8.12,47,11,25,0.1496
EMP_00886,Male,Service,No,4,8.6,1.38,41,17,3,0.5753
EMP_00887,Female,Product,Yes,4,8.0,6.54,32,15,3,0.709
EMP_00888,Male,Product,Yes,4,6.8,4.76,34,11,3,0.5448
EMP_00889,Male,Product,No,5,8.8,7.43,43,15,5,0.6906
EMP_00890,Male,Product,No,2,7.4,0.3,41,16,11,0.3981
EMP_00891,Female,Product,No,5,5.7,5.93,33,19,15,0.4188
EMP_00892,Female,Product,Yes,4,9.8,5.57,45,12,26,0.7039
EMP_00893,Female,Service,Yes,3,7.3,8.41,40,3,15,0.5181
EMP_00894,Male,Product,No,2,6.4,6.77,65,8,27,0.4685
EMP_00895,Female,Product,Yes,1,4.7,8.8,67,11,23,0.381
EMP_00896,Male,Service,Yes,5,9.1,8.87,31,1,25,0.7783
EMP_00897,Male,Service,Yes,2,3.7,4.08,42,4,15,0.3046
EMP_00898,Female,Product,Yes,3,1.1,1.37,37,6,28,0.2989
EMP_00899,Male,Product,Yes,2,2.8,6.3,50,10,27,0.3418
EMP_00900,Male,Service,Yes,5,2.0,8.74,55,15,23,0.4314
EMP_00901,Male,Service,Yes,4,3.9,0.75,67,8,10,0.4141
EMP_00902,Male,Product,Yes,1,8.4,5.58,64,14,10,0.5455
EMP_00903,Male,Product,Yes,4,6.9,1.15,44,2,21,0.5866
EMP_00904,Female,Service,Yes,4,2.5,0.27,69,6,7,0.4571
EMP_00905,Male,Product,No,5,8.1,6.8,59,3,26,0.7433
EMP_00906,Female,Service,No,4,5.5,6.82,31,2,12,0.4598
EMP_00907,Female,Product,Yes,4,5.6,6.01,45,14,21,0.4337
EMP_00908,Male,Service,Yes,5,4.3,8.59,42,18,5,0.5031
EMP_00909,Male,Product,Yes,5,8.8,0.81,30,15,24,0.6566
EMP_00910,Male,Product,Yes,3,3.9,1.05,57,4,9,0.4789
EMP_00911,Female,Service,Yes,4,1.8,8.65,30,16,25,0.3236
EMP_00912,Male,Product,Yes,2,3.7,5.03,69,12,8,0.4721
EMP_00913,Female,Product,No,1,7.4,2.73,63,17,9,0.497
EMP_00914,Male,Product,No,1,6.9,7.38,42,1,9,0.5179
EMP_00915,Female,Product,Yes,5,2.7,8.94,31,9,22,0.4027
EMP_00916,Male,Product,Yes,5,2.0,6.9,33,12,10,0.2755
EMP_00917,Male,Service,No,3,6.9,7.92,54,5,26,0.5987
EMP_00918,Non-binary,Product,Yes,4,7.1,2.82,63,17,4,0.5626
EMP_00919,Female,Product,No,5,4.3,2.89,42,3,17,0.6722
EMP_00920,Male,Product,Yes,5,8.6,8.64,65,6,12,0.8261
EMP_00921,Female,Service,No,1,9.8,6.15,61,3,23,0.6482
EMP_00922,Male,Service,No,4,2.9,2.34,50,6,17,0.3876
EMP_00923,Female,Product,No,3,6.2,5.24,55,13,4,0.4948
EMP_00924,Female,Product,Yes,5,1.0,6.86,44,19,5,0.3737
EMP_00925,Male,Service,Yes,5,7.4,2.19,58,15,21,0.6028
EMP_00926,Male,Product,Yes,5,4.7,6.55,55,7,7,0.522
EMP_00927,Male,Service,No,1,2.7,0.42,50,13,26,0.1637
EMP_00928,Male,Service,Yes,5,7.8,3.04,41,2,21,0.6194
EMP_00929,Female,Service,Yes,5,8.3,6.74,41,19,9,0.5591
EMP_00930,Male,Product,Yes,1,2.0,1.49,34,19,23,0.032
EMP_00931,Male,Service,Yes,5,1.4,2.22,55,3,16,0.4878
EMP_00932,Female,Service,Yes,4,4.0,8.79,61,3,14,0.606
EMP_00933,Non-binary,Service,Yes,4,6.6,6.74,31,6,28,0.6249
EMP_00934,Male,Product,Yes,1,8.1,4.99,37,13,12,0.4084
EMP_00935,Male,Product,Yes,4,5.9,2.11,56,14,12,0.5013
EMP_00936,Male,Product,No,3,6.2,3.41,66,6,6,0.5857
EMP_00937,Male,Product,No,5,8.2,5.74,37,9,20,0.6233
EMP_00938,Female,Service,No,3,5.8,1.55,53,10,8,0.4139
EMP_00939,Male,Product,Yes,4,6.5,4.82,42,16,22,0.4418
EMP_00940,Female,Product,No,1,5.6,4.09,58,15,6,0.383
EMP_00941,Male,Product,Yes,1,8.9,4.77,42,12,7,0.5105
EMP_00942,Female,Service,Yes,3,3.1,1.06,52,13,16,0.4519
EMP_00943,Female,Service,Yes,4,3.4,1.06,44,18,11,0.279
EMP_00944,Female,Product,Yes,5,2.2,9.64,53,2,17,0.4853
EMP_00945,Male,Product,Yes,4,8.4,9.79,52,14,3,0.5435
EMP_00946,Male,Product,No,4,4.7,4.26,39,17,23,0.4023
EMP_00947,Male,Service,Yes,1,4.1,7.89,67,1,23,0.4813
EMP_00948,Female,Service,Yes,2,9.8,6.56,34,11,15,0.5138
EMP_00949,Female,Service,Yes,5,9.3,1.17,34,14,4,0.5428
EMP_00950,Female,Product,Yes,5,9.7,2.97,60,12,17,0.8398
EMP_00951,Female,Service,Yes,1,2.3,3.14,69,14,17,0.274
EMP_00952,Female,Product,Yes,4,9.0,5.96,30,17,18,0.4885
EMP_00953,Male,Service,No,1,4.0,5.8,31,12,5,0.2238
EMP_00954,Female,Product,Yes,4,1.1,9.24,58,6,15,0.54
EMP_00955,Male,Service,Yes,2,4.5,7.9,36,9,22,0.4108
EMP_00956,Male,Product,No,2,5.6,8.57,58,12,3,0.437
EMP_00957,Male,Service,No,3,2.0,8.91,38,17,28,0.2136
EMP_00958,Male,Service,No,4,5.8,8.01,65,16,16,0.6151
EMP_00959,Male,Product,No,1,8.4,3.33,36,2,5,0.4266
EMP_00960,Female,Product,Yes,1,4.4,2.15,57,18,19,0.2909
EMP_00961,Male,Service,Yes,1,4.2,5.72,39,16,19,0.2654
EMP_00962,Female,Product,No,3,4.0,6.9,45,10,11,0.4616
EMP_00963,Male,Product,No,5,9.3,3.87,39,19,22,0.6383
EMP_00964,Male,Product,Yes,1,1.4,8.48,68,4,22,0.36
EMP_00965,Male,Service,Yes,2,5.0,9.61,55,7,6,0.4835
EMP_00966,Male,Product,No,1,3.4,5.69,63,16,13,0.2964
EMP_00967,Female,Product,Yes,1,9.0,4.57,63,19,17,0.5681
EMP_00968,Male,Product,Yes,1,1.9,8.43,69,5,27,0.3443
EMP_00969,Female,Product,Yes,5,4.7,0.24,43,5,15,0.5719
EMP_00970,Male,Service,No,1,4.7,1.29,47,7,29,0.3107
EMP_00971,Female,Service,No,5,9.0,8.46,30,17,26,0.5633
EMP_00972,Non-binary,Service,Yes,5,2.9,7.32,46,1,22,0.516
EMP_00973,Female,Product,Yes,3,6.8,4.16,51,3,14,0.5637
EMP_00974,Male,Service,Yes,2,2.2,8.89,66,16,17,0.2589
EMP_00975,Male,Product,Yes,1,9.6,3.51,45,2,8,0.4996
EMP_00976,Male,Product,Yes,1,6.3,6.34,36,1,20,0.4999
EMP_00977,Female,Service,Yes,1,6.6,6.34,44,7,24,0.3981
EMP_00978,Male,Service,Yes,5,4.9,1.84,50,10,19,0.513
EMP_00979,Male,Service,No,4,4.1,2.85,31,3,23,0.4214
EMP_00980,Female,Service,No,2,2.9,9.16,54,18,26,0.1732
EMP_00981,Male,Product,Yes,1,6.4,1.83,38,3,19,0.4889
EMP_00982,Female,Product,Yes,4,9.6,1.74,49,7,13,0.6394
EMP_00983,Male,Service,No,4,4.2,4.8,39,15,20,0.4444
EMP_00984,Male,Product,Yes,4,8.9,0.92,50,1,5,0.6539
EMP_00985,Female,Product,No,2,2.3,8.95,33,19,25,0.204
EMP_00986,Male,Service,Yes,4,9.4,1.0,59,5,26,0.7666
EMP_00987,Female,Service,No,1,4.2,6.17,63,7,6,0.3292
EMP_00988,Male,Product,No,1,4.4,3.4,59,11,15,0.3149
EMP_00989,Male,Service,No,3,5.2,8.04,43,1,26,0.4962
EMP_00990,Female,Service,No,5,7.5,5.9,51,2,3,0.6999
EMP_00991,Female,Service,No,4,7.5,3.88,30,14,21,0.54
EMP_00992,Female,Product,Yes,5,5.3,9.84,37,10,22,0.6214
EMP_00993,Male,Product,Yes,5,5.7,0.66,40,3,7,0.5601
EMP_00994,Female,Product,Yes,5,1.3,5.78,30,14,15,0.3282
EMP_00995,Male,Product,No,5,3.7,9.9,34,5,18,0.4539
EMP_00996,Male,Product,No,5,4.1,6.91,39,17,18,0.5599
EMP_00997,Female,Product,Yes,1,6.0,7.4,68,7,13,0.5074
EMP_00998,Male,Product,Yes,2,6.0,0.32,42,1,11,0.5019
EMP_00999,Non-binary,Service,No,4,7.4,0.21,50,11,20,0.5352
EMP_01000,Male,Product,Yes,4,7.5,0.36,65,6,17,0.7027
EMP_01001,Male,Service,Yes,1,3.1,9.92,62,16,15,0.2985
EMP_01002,Male,Service,No,1,7.9,9.8,57,14,9,0.532
EMP_01003,Female,Product,Yes,5,1.2,3.35,38,17,5,0.25
EMP_01004,Female,Service,Yes,2,7.4,2.91,40,15,14,0.4225
EMP_01005,Female,Service,Yes,4,1.9,1.46,69,14,28,0.2782
EMP_01006,Female,Product,Yes,3,7.6,3.29,58,7,20,0.6229
EMP_01007,Female,Service,Yes,1,5.7,3.7,36,10,11,0.356
EMP_01008,Female,Product,Yes,3,4.9,7.48,56,19,5,0.3144
EMP_01009,Male,Service,Yes,4,7.2,8.66,51,7,26,0.5803
EMP_01010,Male,Product,Yes,1,1.3,7.47,60,15,3,0.1658
EMP_01011,Male,Service,Yes,4,3.0,6.46,59,14,23,0.4484
EMP_01012,Non-binary,Product,Yes,1,6.5,7.66,57,15,23,0.2662
EMP_01013,Non-binary,Service,No,4,8.6,7.38,49,19,24,0.6808
EMP_01014,Male,Product,Yes,3,4.4,4.76,44,16,9,0.3213
EMP_01015,Female,Service,No,2,3.3,3.36,44,2,21,0.5175
EMP_01016,Female,Service,No,1,5.7,2.83,41,2,14,0.4026
EMP_01017,Male,Product,Yes,3,6.6,6.79,46,1,16,0.4669
EMP_01018,Female,Service,No,4,4.8,9.59,52,16,15,0.3985
EMP_01019,Female,Product,Yes,3,8.9,5.81,35,19,7,0.4948
EMP_01020,Male,Service,No,1,5.7,9.13,45,4,14,0.3674
EMP_01021,Female,Product,Yes,3,1.3,0.14,56,3,10,0.2968
EMP_01022,Male,Service,No,4,3.0,7.94,52,11,8,0.3122
EMP_01023,Female,Service,Yes,5,5.1,8.54,30,17,20,0.4365
EMP_01024,Non-binary,Product,No,2,7.3,6.31,36,5,9,0.5717
EMP_01025,Non-binary,Product,Yes,2,3.0,9.34,68,9,21,0.372
EMP_01026,Male,Product,No,5,9.8,5.9,69,1,17,0.903
EMP_01027,Female,Service,Yes,1,3.9,2.41,69,9,12,0.3016
EMP_01028,Female,Product,No,3,5.8,2.16,68,4,11,0.6176
EMP_01029,Male,Product,Yes,3,1.2,5.56,47,16,22,0.2189
EMP_01030,Female,Service,Yes,5,9.0,9.06,65,15,18,0.752
EMP_01031,Male,Product,No,5,8.1,0.72,51,10,29,0.6119
EMP_01032,Female,Service,No,4,2.8,6.04,31,5,22,0.384
EMP_01033,Male,Product,Yes,4,9.4,7.7,55,16,6,0.5926
EMP_01034,Male,Product,No,2,3.8,1.15,61,6,12,0.4742
EMP_01035,Male,Service,No,1,7.2,1.17,52,16,12,0.3755
EMP_01036,Female,Product,No,1,8.4,3.66,69,4,10,0.5432
EMP_01037,Male,Product,Yes,5,7.7,2.74,47,15,3,0.5819
EMP_01038,Female,Service,Yes,2,9.3,1.98,48,3,5,0.6248
EMP_01039,Male,Product,No,2,8.8,1.99,53,19,26,0.5046
EMP_01040,Male,Service,Yes,4,10.0,1.31,33,9,14,0.6056
EMP_01041,Male,Service,Yes,3,2.6,6.11,31,5,9,0.3786
EMP_01042,Female,Product,Yes,1,3.7,6.88,59,16,24,0.2876
EMP_01043,Male,Product,Yes,2,6.7,7.03,67,3,25,0.546
EMP_01044,Female,Service,No,4,7.6,5.32,60,8,3,0.6324
EMP_01045,Female,Product,No,4,5.8,9.53,69,14,26,0.5528
EMP_01046,Female,Product,Yes,4,1.7,8.81,45,3,22,0.5258
EMP_01047,Male,Service,Yes,3,8.6,9.58,62,16,3,0.6154
EMP_01048,Male,Product,Yes,2,9.6,3.89,32,7,6,0.5845
EMP_01049,Female,Service,Yes,5,4.6,8.78,47,9,20,0.6157
EMP_01050,Male,Product,Yes,5,3.0,7.63,39,3,7,0.5133
EMP_01051,Female,Product,No,4,1.2,3.4,31,8,3,0.3446
EMP_01052,Male,Product,No,4,3.1,1.07,59,12,3,0.4128
EMP_01053,Non-binary,Service,Yes,3,7.3,6.83,59,17,7,0.5192
EMP_01054,Female,Service,No,4,9.2,1.36,54,14,20,0.6103
EMP_01055,Non-binary,Service,Yes,2,1.8,2.94,53,16,11,0.1979
EMP_01056,Male,Product,No,4,6.0,5.0,64,19,12,0.5363
EMP_01057,Female,Product,Yes,4,7.3,6.8,39,4,9,0.5646
EMP_01058,Male,Product,No,2,3.5,9.26,59,3,17,0.3904
EMP_01059,Male,Product,Yes,1,6.1,5.93,55,13,16,0.435
EMP_01060,Female,Service,Yes,5,7.4,6.71,64,9,6,0.7645
EMP_01061,Female,Service,Yes,4,8.5,3.1,53,13,16,0.6981
EMP_01062,Non-binary,Product,Yes,2,5.1,6.87,49,12,9,0.3759
EMP_01063,Female,Service,Yes,5,7.7,4.38,68,15,10,0.582
EMP_01064,Male,Product,Yes,3,3.7,8.57,69,3,26,0.4378
EMP_01065,Male,Service,Yes,1,2.9,3.92,64,3,10,0.424
EMP_01066,Female,Product,No,4,2.7,4.68,68,2,7,0.5675
EMP_01067,Male,Product,Yes,1,4.2,4.33,39,6,25,0.336
EMP_01068,Male,Product,No,4,1.3,8.11,56,16,13,0.3725
EMP_01069,Male,Product,Yes,4,3.5,9.54,44,18,25,0.4195
EMP_01070,Male,Service,No,4,6.9,3.27,44,9,4,0.6504
EMP_01071,Male,Product,No,1,6.8,4.75,66,3,17,0.4699
EMP_01072,Male,Product,Yes,3,1.7,7.06,64,16,21,0.2805
EMP_01073,Male,Service,No,2,3.6,8.95,32,4,29,0.3861
EMP_01074,Male,Service,Yes,2,6.1,4.94,58,14,20,0.4741
EMP_01075,Non-binary,Service,No,3,3.9,1.09,33,4,17,0.3191
EMP_01076,Male,Product,Yes,3,4.8,3.69,45,18,21,0.3966
EMP_01077,Male,Service,Yes,4,7.4,5.5,34,18,27,0.4648
EMP_01078,Female,Service,Yes,4,1.1,4.18,50,18,9,0.301
EMP_01079,Male,Product,Yes,2,3.5,1.87,69,3,6,0.3696
EMP_01080,Non-binary,Product,Yes,4,2.3,0.37,50,7,16,0.2917
EMP_01081,Female,Product,No,4,2.1,6.87,31,13,10,0.3429
EMP_01082,Male,Product,Yes,3,9.6,9.93,43,7,25,0.7666
EMP_01083,Male,Product,Yes,1,4.4,9.19,34,13,12,0.2812
EMP_01084,Female,Product,Yes,5,5.7,6.83,36,4,15,0.6863
EMP_01085,Non-binary,Service,Yes,5,7.6,8.42,40,16,8,0.5276
EMP_01086,Male,Service,Yes,4,1.4,2.56,64,15,6,0.2992
EMP_01087,Female,Service,No,4,3.2,6.22,59,13,7,0.4629
EMP_01088,Male,Service,Yes,5,8.5,0.61,30,10,12,0.6305
EMP_01089,Non-binary,Product,Yes,3,8.8,7.07,45,10,26,0.5741
EMP_01090,Male,Service,Yes,5,4.4,9.7,30,5,15,0.5635
EMP_01091,Non-binary,Service,Yes,5,4.4,8.61,51,4,21,0.5718
EMP_01092,Female,Product,No,5,7.8,5.34,42,19,13,0.5739
EMP_01093,Female,Service,Yes,4,3.7,7.89,56,15,21,0.4608
EMP_01094,Male,Service,Yes,4,2.1,9.44,44,9,7,0.4932
EMP_01095,Male,Product,Yes,5,3.3,2.16,46,16,27,0.361
EMP_01096,Male,Service,Yes,4,4.5,7.93,38,4,7,0.5395
EMP_01097,Male,Product,Yes,5,1.5,2.7,34,11,3,0.3826
EMP_01098,Male,Product,Yes,3,5.3,8.77,52,17,23,0.549
EMP_01099,Female,Product,No,4,7.7,0.98,40,1,11,0.7019
EMP_01100,Male,Service,Yes,1,5.6,1.78,53,9,9,0.4059
EMP_01101,Male,Service,Yes,4,1.6,7.21,37,12,11,0.2251
EMP_01102,Non-binary,Service,Yes,3,5.0,1.75,63,12,28,0.4776
EMP_01103,Female,Product,Yes,3,7.4,1.58,60,10,12,0.6111
EMP_01104,Female,Product,Yes,4,1.5,5.55,51,9,23,0.3199
EMP_01105,Non-binary,Service,No,2,1.5,8.35,43,16,5,0.1678
EMP_01106,Male,Service,No,5,4.3,2.68,34,13,20,0.527
EMP_01107,Male,Product,Yes,5,2.8,8.41,46,3,11,0.5889
EMP_01108,Female,Product,Yes,3,9.4,8.08,47,18,7,0.4953
EMP_01109,Female,Service,Yes,4,6.2,5.79,48,4,13,0.5961
EMP_01110,Male,Service,Yes,2,3.6,6.47,36,19,3,0.2383
EMP_01111,Female,Product,No,1,7.3,0.4,55,13,4,0.4847
EMP_01112,Male,Product,No,5,4.4,3.67,54,13,20,0.5893
EMP_01113,Male,Service,No,2,2.2,2.63,47,12,22,0.2639
EMP_01114,Male,Service,Yes,5,3.1,1.5,44,1,16,0.4568
EMP_01115,Female,Product,Yes,4,6.8,3.9,58,2,24,0.6321
EMP_01116,Female,Product,No,5,1.5,3.55,30,3,10,0.3068
EMP_01117,Male,Service,No,1,3.5,7.29,33,13,21,0.1508
EMP_01118,Female,Product,No,4,2.9,5.98,38,12,16,0.5048
EMP_01119,Male,Product,Yes,3,2.8,9.13,65,16,28,0.3685
EMP_01120,Male,Product,Yes,2,7.1,1.45,61,14,16,0.4489
EMP_01121,Female,Product,Yes,5,8.4,0.6,53,14,28,0.6298
EMP_01122,Non-binary,Service,Yes,4,7.4,5.35,66,17,24,0.5957
EMP_01123,Female,Product,Yes,4,6.8,0.01,47,5,22,0.594
EMP_01124,Female,Service,No,5,9.2,7.88,44,6,10,0.7026
EMP_01125,Female,Product,Yes,3,1.5,5.06,49,10,11,0.3832
EMP_01126,Female,Product,Yes,5,2.5,4.88,69,9,27,0.4815
EMP_01127,Male,Product,No,3,4.7,3.62,31,7,16,0.3113
EMP_01128,Male,Service,Yes,5,4.4,3.75,54,4,14,0.5096
EMP_01129,Male,Service,No,4,4.8,4.31,42,7,15,0.4872
EMP_01130,Male,Product,Yes,1,2.9,0.16,56,11,8,0.2931
EMP_01131,Female,Service,Yes,1,2.3,0.84,42,6,16,0.2651
EMP_01132,Male,Service,No,4,5.6,5.05,57,16,17,0.5613
EMP_01133,Male,Service,No,1,9.4,1.5,44,16,4,0.3761
EMP_01134,Male,Product,Yes,3,4.5,7.79,58,13,20,0.5125
EMP_01135,Female,Service,No,4,1.4,2.74,50,12,12,0.3513
EMP_01136,Male,Product,Yes,3,7.4,0.98,60,2,27,0.5999
EMP_01137,Female,Product,Yes,4,3.6,2.35,52,13,23,0.3728
EMP_01138,Male,Service,Yes,3,3.2,3.57,66,1,9,0.4432
EMP_01139,Male,Product,Yes,3,3.9,0.35,32,10,24,0.3508
EMP_01140,Female,Product,No,1,7.5,1.42,64,10,27,0.474
EMP_01141,Female,Product,No,4,8.4,3.24,43,11,7,0.5056
EMP_01142,Male,Service,No,5,6.3,3.1,31,9,10,0.5266
EMP_01143,Female,Service,No,1,3.9,8.0,42,4,22,0.3267
EMP_01144,Female,Product,Yes,3,3.8,8.43,31,17,15,0.3687
EMP_01145,Male,Service,No,3,2.1,1.93,41,19,9,0.234
EMP_01146,Female,Product,No,5,9.4,1.24,56,10,27,0.7003
EMP_01147,Female,Product,No,5,6.7,6.34,63,13,20,0.6015
EMP_01148,Female,Service,No,3,1.2,8.05,69,2,11,0.4507
EMP_01149,Female,Product,No,5,7.0,9.64,34,9,14,0.5861
EMP_01150,Female,Product,Yes,2,5.0,0.07,54,7,26,0.3337
EMP_01151,Female,Product,No,1,9.8,4.14,40,10,28,0.5244
EMP_01152,Female,Service,No,4,8.4,7.34,42,12,19,0.6062
EMP_01153,Female,Product,No,5,2.5,8.29,57,11,12,0.4735
EMP_01154,Female,Service,Yes,5,7.5,0.62,50,4,9,0.6752
EMP_01155,Female,Service,Yes,2,5.4,6.81,55,12,23,0.4532
EMP_01156,Female,Product,No,4,2.7,2.89,56,12,7,0.3318
EMP_01157,Male,Service,Yes,2,7.3,0.75,55,8,25,0.4562
EMP_01158,Female,Product,No,4,5.9,4.89,44,14,17,0.5591
EMP_01159,Female,Product,Yes,1,1.3,1.58,35,7,18,0.2162
EMP_01160,Male,Service,Yes,5,6.8,7.37,33,3,29,0.743
EMP_01161,Female,Service,Yes,1,6.7,7.41,33,19,18,0.3491
EMP_01162,Male,Product,Yes,4,2.3,8.42,59,14,12,0.4428
EMP_01163,Male,Product,Yes,5,4.1,3.78,42,19,16,0.4064
EMP_01164,Female,Product,Yes,2,6.3,0.13,38,10,22,0.3119
EMP_01165,Male,Product,Yes,3,2.2,2.6,43,12,19,0.3206
EMP_01166,Female,Product,Yes,2,8.7,4.68,57,18,8,0.499
EMP_01167,Female,Product,Yes,3,1.2,6.94,69,19,3,0.2099
EMP_01168,Male,Service,Yes,2,1.9,3.82,32,18,13,0.18
EMP_01169,Male,Product,Yes,4,2.0,5.36,58,13,3,0.4382
EMP_01170,Male,Product,No,1,5.8,5.24,62,17,14,0.3233
EMP_01171,Female,Service,Yes,3,6.6,1.65,44,6,26,0.4892
EMP_01172,Non-binary,Service,Yes,4,4.6,6.23,68,16,22,0.5158
EMP_01173,Female,Product,No,1,3.6,4.39,44,18,17,0.1638
EMP_01174,Male,Product,Yes,1,8.3,8.08,36,9,7,0.4591
EMP_01175,Female,Service,No,5,1.6,6.91,41,13,12,0.3859
EMP_01176,Male,Product,No,5,3.5,1.11,68,4,28,0.6088
EMP_01177,Female,Product,Yes,5,1.4,4.89,36,13,19,0.3388
EMP_01178,Male,Service,Yes,3,1.1,7.02,35,3,12,0.3435
EMP_01179,Female,Product,Yes,3,4.2,0.87,55,4,9,0.4459
EMP_01180,Male,Product,Yes,1,2.8,7.92,38,19,29,0.1788
EMP_01181,Non-binary,Product,Yes,3,3.4,2.22,53,1,20,0.4682
EMP_01182,Male,Product,Yes,1,8.4,5.03,59,1,8,0.4617
EMP_01183,Female,Product,No,4,2.5,9.41,45,9,11,0.3857
EMP_01184,Non-binary,Service,Yes,2,8.0,5.71,56,3,4,0.6549
EMP_01185,Male,Product,Yes,1,7.1,4.24,62,3,24,0.4202
EMP_01186,Non-binary,Product,No,1,3.9,0.07,52,18,14,0.2381
EMP_01187,Female,Product,Yes,4,5.9,1.33,48,2,7,0.6413
EMP_01188,Male,Service,Yes,5,5.0,5.79,65,11,17,0.6486
EMP_01189,Male,Product,Yes,5,2.2,4.94,48,9,15,0.4813
EMP_01190,Female,Product,Yes,5,9.2,3.64,51,2,4,0.8634
EMP_01191,Male,Service,No,1,6.1,9.23,62,4,17,0.5644
EMP_01192,Female,Product,Yes,1,8.9,3.32,39,9,16,0.4517
EMP_01193,Male,Product,Yes,3,8.4,5.37,61,14,11,0.6251
EMP_01194,Female,Product,Yes,3,1.7,5.69,44,19,18,0.1629
EMP_01195,Male,Product,Yes,2,2.9,5.27,68,16,4,0.3723
EMP_01196,Female,Product,Yes,2,2.3,4.78,37,14,3,0.2162
EMP_01197,Non-binary,Service,No,3,8.5,3.37,54,15,27,0.6061
EMP_01198,Non-binary,Product,No,1,8.8,9.09,47,18,11,0.4673
EMP_01199,Female,Service,Yes,4,5.8,4.51,44,15,27,0.5209
EMP_01200,Male,Product,Yes,3,1.9,5.28,55,19,26,0.2778
EMP_01201,Female,Product,No,1,2.2,6.56,50,9,22,0.2427
EMP_01202,Male,Product,Yes,3,8.3,0.68,51,16,16,0.5265
EMP_01203,Male,Service,Yes,5,9.4,7.81,63,17,27,0.6493
EMP_01204,Male,Product,Yes,3,2.8,5.13,66,10,4,0.4056
EMP_01205,Male,Service,Yes,5,1.1,6.57,66,5,3,0.4692
EMP_01206,Female,Product,Yes,1,4.0,7.72,43,9,12,0.2444
EMP_01207,Female,Product,No,5,1.3,8.74,33,14,25,0.3065
EMP_01208,Male,Product,No,3,8.5,3.92,53,10,24,0.5277
EMP_01209,Male,Product,Yes,5,5.4,8.11,31,1,21,0.5226
EMP_01210,Non-binary,Product,Yes,4,6.8,2.59,30,3,20,0.5248
EMP_01211,Male,Product,No,5,4.7,6.6,31,16,26,0.4678
EMP_01212,Male,Service,Yes,5,4.1,1.03,42,5,22,0.4313
EMP_01213,Male,Product,No,2,3.0,0.2,56,13,24,0.2829
EMP_01214,Female,Service,Yes,4,7.9,0.96,46,5,22,0.6297
EMP_01215,Female,Product,Yes,1,7.3,3.19,46,11,13,0.4055
EMP_01216,Male,Product,Yes,5,4.2,0.31,34,17,11,0.4278
EMP_01217,Male,Service,No,4,3.9,6.3,53,3,17,0.6843
EMP_01218,Female,Product,Yes,1,1.0,3.17,37,6,18,0.2546
EMP_01219,Female,Product,Yes,4,1.6,7.36,38,16,15,0.2622
EMP_01220,Male,Service,Yes,2,6.6,0.46,47,2,23,0.4435
EMP_01221,Non-binary,Service,No,1,5.6,2.17,45,5,8,0.3588
EMP_01222,Male,Product,No,1,4.9,4.08,61,19,27,0.3274
EMP_01223,Male,Product,No,5,8.4,3.83,69,11,17,0.7301
EMP_01224,Non-binary,Service,No,3,5.5,1.31,68,18,17,0.4403
EMP_01225,Male,Product,Yes,1,4.5,9.94,61,3,24,0.4536
EMP_01226,Female,Service,Yes,1,2.5,2.84,31,12,20,0.1679
EMP_01227,Male,Product,Yes,2,8.4,7.21,67,13,13,0.5895
EMP_01228,Male,Product,Yes,2,6.2,2.2,33,9,3,0.4351
EMP_01229,Non-binary,Service,No,2,1.8,8.78,34,9,16,0.2721
EMP_01230,Male,Product,No,5,6.8,3.88,66,7,27,0.6325
EMP_01231,Female,Product,Yes,1,4.8,9.01,66,1,4,0.5324
EMP_01232,Male,Product,No,2,8.3,3.42,55,1,4,0.6641
EMP_01233,Male,Service,No,2,9.3,0.09,38,19,22,0.4272
EMP_01234,Male,Service,Yes,4,6.4,5.17,44,3,28,0.6105
EMP_01235,Female,Product,Yes,4,7.6,5.25,53,7,12,0.6152
EMP_01236,Male,Product,Yes,2,1.5,1.2,53,12,18,0.1914
EMP_01237,Female,Service,Yes,5,6.0,2.35,64,16,5,0.5354
EMP_01238,Male,Service,Yes,3,7.8,7.83,54,13,16,0.5377
EMP_01239,Non-binary,Service,Yes,4,5.5,0.37,55,18,25,0.5153
EMP_01240,Male,Product,Yes,4,6.3,4.9,52,17,9,0.4977
EMP_01241,Female,Service,No,1,9.1,5.3,35,9,21,0.4379
EMP_01242,Female,Service,Yes,1,2.8,6.89,56,14,21,0.2473
EMP_01243,Female,Product,Yes,2,1.9,0.37,48,5,27,0.3154
EMP_01244,Female,Product,No,1,7.2,5.86,60,11,25,0.5378
EMP_01245,Female,Product,Yes,1,8.4,0.03,67,6,21,0.5663
EMP_01246,Female,Service,Yes,3,8.7,2.65,61,6,5,0.6477
EMP_01247,Male,Product,No,5,6.8,5.0,31,8,15,0.6673
EMP_01248,Male,Service,Yes,2,8.5,9.11,47,1,21,0.6167
EMP_01249,Female,Service,No,3,7.3,1.27,57,9,27,0.5345
EMP_01250,Female,Service,Yes,2,1.8,1.69,36,10,16,0.1525
EMP_01251,Female,Service,Yes,5,7.9,6.69,52,17,10,0.5955
EMP_01252,Male,Service,Yes,2,2.6,3.75,65,3,25,0.3395
EMP_01253,Male,Product,Yes,1,3.1,6.23,53,13,10,0.2011
EMP_01254,Male,Service,No,5,4.6,9.97,57,8,19,0.5968
EMP_01255,Female,Product,No,3,3.8,9.87,54,14,27,0.3866
EMP_01256,Male,Service,No,3,3.9,3.54,68,8,23,0.5275
EMP_01257,Male,Product,No,4,2.5,5.04,33,19,7,0.2925
EMP_01258,Male,Service,Yes,3,3.6,9.05,48,13,7,0.4229
EMP_01259,Male,Service,No,4,1.2,0.92,33,6,27,0.3282
EMP_01260,Female,Service,No,1,5.3,4.52,42,4,23,0.3291
EMP_01261,Male,Product,No,3,7.9,3.78,30,6,4,0.5205
EMP_01262,Female,Product,No,5,8.8,2.95,63,2,24,0.8138
EMP_01263,Male,Service,Yes,4,8.4,9.94,36,10,25,0.5365
EMP_01264,Male,Product,Yes,3,4.7,7.34,54,11,13,0.3678
EMP_01265,Male,Service,No,1,7.6,3.89,52,11,17,0.4547
EMP_01266,Male,Product,Yes,5,3.6,8.29,59,3,25,0.5845
EMP_01267,Male,Service,Yes,5,1.5,4.9,36,11,9,0.1853
EMP_01268,Male,Product,No,1,7.1,8.73,46,8,13,0.3706
EMP_01269,Female,Service,Yes,3,6.8,2.66,62,17,4,0.439
EMP_01270,Male,Service,Yes,2,8.2,2.24,31,1,8,0.5515
EMP_01271,Female,Product,Yes,3,6.5,2.47,67,16,11,0.473
EMP_01272,Female,Product,No,4,2.4,5.38,42,7,19,0.4557
EMP_01273,Female,Product,Yes,4,8.7,2.91,61,8,21,0.6482
EMP_01274,Male,Service,No,3,6.6,1.47,51,13,14,0.444
EMP_01275,Male,Product,Yes,4,8.3,9.95,38,5,8,0.7814
EMP_01276,Male,Service,Yes,2,8.0,9.0,46,18,18,0.5104
EMP_01277,Male,Product,Yes,2,3.7,6.35,47,12,25,0.3839
EMP_01278,Non-binary,Product,No,5,1.7,8.92,69,16,4,0.4134
EMP_01279,Male,Product,Yes,4,2.6,9.35,69,3,28,0.5311
EMP_01280,Male,Product,No,3,1.8,6.76,56,12,26,0.336
EMP_01281,Female,Product,No,5,3.2,5.19,40,19,13,0.3657
EMP_01282,Female,Service,No,2,5.1,8.82,57,18,17,0.3922
EMP_01283,Female,Service,No,5,9.2,5.68,37,8,8,0.7069
EMP_01284,Male,Product,Yes,1,8.8,1.27,47,13,27,0.4372
EMP_01285,Male,Service,Yes,4,7.5,3.67,42,8,11,0.5713
EMP_01286,Male,Service,No,3,1.2,4.46,62,10,11,0.4001
EMP_01287,Male,Product,No,2,4.1,9.35,44,14,27,0.2968
EMP_01288,Male,Product,No,5,7.1,6.59,51,15,20,0.5836
EMP_01289,Male,Product,No,3,2.2,8.75,67,15,28,0.2997
EMP_01290,Male,Product,No,4,8.2,7.58,59,6,15,0.6565
EMP_01291,Male,Service,Yes,3,9.2,3.1,35,14,28,0.5058
EMP_01292,Male,Service,No,4,4.2,7.19,63,6,25,0.5576
EMP_01293,Female,Product,No,4,7.4,1.95,48,1,7,0.6856
EMP_01294,Female,Product,No,4,2.3,4.08,62,10,27,0.4653
EMP_01295,Female,Service,Yes,5,7.2,8.06,43,19,19,0.631
EMP_01296,Male,Service,No,4,1.2,6.12,48,11,28,0.291
EMP_01297,Male,Service,No,3,2.4,8.25,69,3,25,0.4358
EMP_01298,Male,Service,Yes,1,7.4,2.55,44,6,28,0.3907
EMP_01299,Female,Product,No,3,7.4,7.5,39,9,23,0.6251
EMP_01300,Female,Service,Yes,5,6.8,2.02,31,9,13,0.583
EMP_01301,Male,Service,No,4,5.3,5.45,31,4,11,0.5498
EMP_01302,Non-binary,Product,Yes,1,7.1,4.34,50,3,25,0.4284
EMP_01303,Male,Service,Yes,5,8.0,5.56,41,19,22,0.574
EMP_01304,Male,Product,Yes,2,9.7,1.36,39,11,29,0.5531
EMP_01305,Female,Product,No,2,9.0,3.61,41,19,26,0.3814
EMP_01306,Female,Product,Yes,2,8.2,6.67,68,17,11,0.5113
EMP_01307,Female,Product,No,1,7.3,5.59,31,8,11,0.4263
EMP_01308,Female,Product,No,3,6.2,5.49,30,6,12,0.3644
EMP_01309,Male,Product,No,1,2.1,5.11,31,5,22,0.2918
EMP_01310,Female,Product,Yes,1,2.5,9.44,52,8,8,0.332
EMP_01311,Male,Product,No,1,8.4,9.35,57,8,6,0.4919
EMP_01312,Female,Product,No,2,8.2,3.6,46,3,3,0.5612
EMP_01313,Male,Product,Yes,3,6.5,3.52,69,19,8,0.5099
EMP_01314,Female,Service,Yes,1,4.9,5.55,50,16,26,0.3078
EMP_01315,Male,Product,Yes,3,1.2,0.96,63,10,8,0.3098
EMP_01316,Female,Product,No,4,3.9,3.03,38,3,14,0.4584
EMP_01317,Male,Service,Yes,1,4.8,2.31,46,9,5,0.3606
EMP_01318,Female,Service,Yes,1,5.4,2.23,61,8,15,0.4392
EMP_01319,Male,Service,No,1,9.4,6.39,34,8,26,0.5373
EMP_01320,Male,Product,Yes,4,2.0,3.84,43,8,12,0.4033
EMP_01321,Male,Product,No,4,5.7,1.71,54,7,11,0.5684
EMP_01322,Male,Service,No,2,4.3,8.88,51,14,19,0.3959
EMP_01323,Female,Product,Yes,5,9.9,8.74,34,17,13,0.7485
EMP_01324,Male,Product,No,3,8.8,8.62,67,12,29,0.6531
EMP_01325,Non-binary,Product,Yes,5,4.9,3.91,38,5,8,0.4586
EMP_01326,Male,Service,Yes,1,10.0,0.57,60,2,12,0.6795
EMP_01327,Male,Product,No,1,5.6,1.07,50,15,26,0.333
EMP_01328,Female,Service,Yes,2,2.5,2.76,65,11,20,0.35
EMP_01329,Female,Service,No,5,6.0,2.2,30,15,16,0.4298
EMP_01330,Male,Product,Yes,1,3.0,8.74,51,13,6,0.1884
EMP_01331,Female,Service,Yes,5,6.7,9.86,52,19,15,0.5953
EMP_01332,Female,Service,No,2,9.4,8.17,52,12,3,0.572
EMP_01333,Male,Service,Yes,5,8.1,7.3,44,15,22,0.6289
EMP_01334,Non-binary,Product,No,3,3.5,5.89,30,12,4,0.2931
EMP_01335,Non-binary,Service,Yes,2,3.7,7.7,35,18,5,0.258
EMP_01336,Female,Product,No,5,1.6,9.47,69,4,22,0.5121
EMP_01337,Male,Service,Yes,1,3.6,6.01,64,11,5,0.409
EMP_01338,Female,Product,Yes,4,1.8,1.55,46,15,8,0.2896
EMP_01339,Male,Product,Yes,4,5.5,1.64,52,5,9,0.5889
EMP_01340,Male,Service,Yes,2,7.4,5.84,49,5,13,0.5618
EMP_01341,Male,Service,No,4,7.8,3.33,57,10,9,0.6879
EMP_01342,Male,Service,Yes,3,1.5,9.1,66,10,19,0.3915
EMP_01343,Female,Product,Yes,2,4.1,6.12,47,6,23,0.4397
EMP_01344,Female,Product,Yes,1,3.6,6.76,36,6,21,0.3306
EMP_01345,Female,Service,No,1,1.9,0.06,49,6,14,0.3029
EMP_01346,Male,Service,No,2,4.3,4.99,53,7,3,0.4405
EMP_01347,Male,Service,Yes,4,3.7,4.31,45,18,3,0.3261
EMP_01348,Male,Product,Yes,4,6.7,7.06,42,4,20,0.5952
EMP_01349,Non-binary,Product,Yes,1,8.9,3.83,57,14,12,0.4271
EMP_01350,Male,Service,No,3,5.1,9.77,36,11,26,0.4171
EMP_01351,Female,Service,Yes,4,7.7,6.7,44,7,22,0.5553
EMP_01352,Female,Product,Yes,3,2.3,6.6,52,18,28,0.3313
EMP_01353,Male,Service,No,4,9.1,9.19,52,2,5,0.6693
EMP_01354,Female,Product,No,2,2.4,9.95,60,2,16,0.3664
EMP_01355,Male,Product,Yes,5,2.7,1.98,34,7,10,0.4319
EMP_01356,Female,Product,No,1,2.0,8.11,56,11,18,0.2988
EMP_01357,Female,Product,Yes,2,3.8,1.62,39,18,20,0.1342
EMP_01358,Male,Product,No,4,6.0,4.57,36,7,11,0.5381
EMP_01359,Male,Product,Yes,1,9.9,1.0,61,5,6,0.6272
EMP_01360,Female,Product,Yes,5,8.1,6.23,52,2,29,0.6673
EMP_01361,Female,Service,No,5,4.4,4.69,38,14,27,0.3665
EMP_01362,Male,Product,Yes,4,6.2,6.29,58,7,3,0.6043
EMP_01363,Female,Product,Yes,1,6.6,6.78,56,10,23,0.4661
EMP_01364,Female,Product,Yes,4,8.4,6.19,67,18,28,0.6069
EMP_01365,Female,Product,No,5,7.6,2.94,50,8,25,0.668
EMP_01366,Male,Service,Yes,2,6.1,8.37,35,16,16,0.3716
EMP_01367,Female,Product,No,2,7.0,5.52,55,14,13,0.5661
EMP_01368,Female,Service,Yes,3,7.7,4.9,49,9,6,0.4504
EMP_01369,Male,Service,Yes,5,2.2,9.87,44,6,23,0.4577
EMP_01370,Male,Product,Yes,5,2.8,2.84,67,7,18,0.5045
EMP_01371,Non-binary,Product,Yes,4,7.2,5.28,49,9,29,0.5091
EMP_01372,Male,Product,No,3,8.7,6.82,44,7,11,0.6328
EMP_01373,Female,Product,No,3,4.7,1.25,58,9,24,0.4194
EMP_01374,Male,Service,Yes,1,9.8,3.54,35,7,16,0.4676
EMP_01375,Male,Service,Yes,4,2.9,8.02,45,12,8,0.3405
EMP_01376,Female,Product,No,2,4.8,2.37,30,17,4,0.2651
EMP_01377,Male,Product,No,1,4.4,4.93,35,12,3,0.2889
EMP_01378,Male,Product,No,3,9.4,6.31,45,5,22,0.65
EMP_01379,Male,Service,No,2,3.6,6.71,62,18,28,0.3718
EMP_01380,Female,Product,Yes,5,5.2,7.28,36,5,21,0.5884
EMP_01381,Male,Product,No,4,2.7,8.66,39,5,29,0.5275
EMP_01382,Male,Product,Yes,3,5.7,3.93,37,7,25,0.402
EMP_01383,Non-binary,Service,Yes,5,8.7,7.07,50,3,9,0.6955
EMP_01384,Male,Service,No,3,3.7,7.32,55,1,24,0.5291
EMP_01385,Female,Product,No,2,8.3,3.0,66,6,17,0.5864
EMP_01386,Male,Product,No,1,9.2,9.68,47,7,7,0.4941
EMP_01387,Female,Service,Yes,2,1.7,8.65,33,8,5,0.2054
EMP_01388,Male,Product,Yes,4,7.8,2.9,49,14,17,0.6017
EMP_01389,Non-binary,Service,Yes,4,3.3,6.75,69,15,6,0.5068
EMP_01390,Male,Product,No,3,2.6,7.18,48,7,7,0.4236
EMP_01391,Male,Service,Yes,2,6.4,4.31,62,7,6,0.5168
EMP_01392,Male,Product,No,1,7.4,8.64,52,1,5,0.5344
EMP_01393,Male,Service,Yes,4,4.6,6.9,38,9,4,0.4583
EMP_01394,Male,Service,No,1,1.4,6.58,67,7,7,0.3033
EMP_01395,Male,Service,No,5,9.2,2.21,47,7,20,0.7248
EMP_01396,Female,Service,Yes,3,7.6,4.08,31,18,4,0.3784
EMP_01397,Male,Service,Yes,1,3.4,4.34,46,14,17,0.2888
EMP_01398,Male,Product,No,3,5.5,7.34,45,15,20,0.4313
EMP_01399,Female,Service,Yes,5,1.3,6.18,53,18,20,0.2434
EMP_01400,Female,Service,No,1,4.1,0.86,60,10,10,0.2566
EMP_01401,Male,Product,No,1,5.7,3.08,30,3,14,0.3417
EMP_01402,Male,Service,Yes,5,5.7,4.73,57,11,25,0.5999
EMP_01403,Male,Service,No,2,2.9,7.37,62,1,11,0.4386
EMP_01404,Female,Product,Yes,1,8.0,7.44,66,2,21,0.5618
EMP_01405,Female,Product,No,1,3.7,4.91,68,16,3,0.3652
EMP_01406,Male,Product,Yes,4,6.2,1.17,33,3,24,0.5675
EMP_01407,Female,Product,No,2,3.4,2.93,30,17,27,0.2059
EMP_01408,Female,Product,Yes,1,4.8,2.55,62,3,19,0.3411
EMP_01409,Female,Product,Yes,5,2.9,7.81,39,11,3,0.4266
EMP_01410,Female,Product,Yes,3,6.7,1.8,32,4,22,0.4739
EMP_01411,Male,Product,No,5,4.8,4.65,66,7,28,0.5278
EMP_01412,Male,Service,Yes,2,1.1,6.71,50,16,19,0.2323
EMP_01413,Male,Product,No,4,1.3,9.65,38,17,27,0.2973
EMP_01414,Male,Product,Yes,4,5.2,9.99,69,11,8,0.5385
EMP_01415,Male,Product,No,4,2.6,9.53,53,4,7,0.5006
EMP_01416,Non-binary,Product,No,5,6.3,7.18,37,3,29,0.681
EMP_01417,Male,Service,Yes,3,4.7,7.46,53,16,7,0.4393
EMP_01418,Male,Service,Yes,3,6.9,7.59,53,2,13,0.5853
EMP_01419,Male,Service,Yes,1,9.6,8.63,39,5,13,0.6826
EMP_01420,Non-binary,Product,Yes,3,5.8,9.52,64,18,13,0.5089
EMP_01421,Male,Service,Yes,3,8.1,4.46,33,3,14,0.5445
EMP_01422,Male,Product,No,1,7.8,4.17,38,2,14,0.5665
EMP_01423,Male,Product,Yes,5,9.3,4.6,40,2,4,0.6637
EMP_01424,Male,Product,No,5,2.9,6.6,42,2,5,0.4573
EMP_01425,Non-binary,Product,No,2,8.4,7.75,56,16,9,0.4978
EMP_01426,Non-binary,Product,Yes,5,9.1,8.71,59,1,22,0.884
EMP_01427,Male,Product,No,4,4.5,4.56,68,19,16,0.4263
EMP_01428,Non-binary,Service,Yes,4,3.8,3.63,41,19,24,0.3385
EMP_01429,Female,Product,No,2,9.6,9.83,48,9,18,0.569
EMP_01430,Female,Product,Yes,3,6.6,2.32,69,9,26,0.598
EMP_01431,Male,Product,No,2,4.4,2.22,33,11,16,0.3241
EMP_01432,Male,Service,No,1,8.1,7.15,63,1,19,0.5253
EMP_01433,Male,Product,Yes,2,3.7,1.8,52,19,17,0.2605
EMP_01434,Female,Service,No,2,2.6,3.99,55,17,13,0.2696
EMP_01435,Male,Service,Yes,4,5.9,2.92,36,6,15,0.5041
EMP_01436,Male,Product,Yes,1,6.1,1.69,47,1,8,0.4336
EMP_01437,Male,Product,No,1,8.4,5.8,33,18,19,0.3413
EMP_01438,Female,Product,Yes,2,5.1,3.74,37,9,14,0.407
EMP_01439,Male,Service,No,1,8.3,4.62,51,1,26,0.5165
EMP_01440,Female,Product,Yes,1,3.8,1.96,55,4,6,0.3939
EMP_01441,Non-binary,Product,No,5,6.2,7.68,42,18,23,0.526
EMP_01442,Male,Product,Yes,1,2.9,3.15,46,17,12,0.1621
EMP_01443,Female,Service,Yes,3,4.5,3.43,65,19,20,0.3905
EMP_01444,Male,Product,Yes,1,8.7,2.52,44,14,21,0.4374
EMP_01445,Female,Product,Yes,4,2.9,4.34,47,7,9,0.4098
EMP_01446,Male,Service,Yes,5,8.3,4.64,56,9,25,0.6869
EMP_01447,Female,Service,Yes,4,3.5,5.3,35,9,14,0.3547
EMP_01448,Female,Service,Yes,4,1.3,9.68,63,15,13,0.451
EMP_01449,Non-binary,Product,Yes,3,2.0,9.05,34,11,26,0.2578
EMP_01450,Female,Service,Yes,5,7.7,6.09,41,7,5,0.6007
EMP_01451,Male,Service,Yes,2,3.4,0.39,58,6,4,0.386
EMP_01452,Female,Product,Yes,1,6.9,6.12,66,9,4,0.3944
EMP_01453,Female,Service,No,3,7.3,0.9,41,4,24,0.5397
EMP_01454,Female,Product,Yes,3,4.1,7.1,54,17,4,0.3269
EMP_01455,Male,Service,Yes,2,5.3,3.9,63,6,29,0.4985
EMP_01456,Non-binary,Product,Yes,3,4.6,8.38,40,17,17,0.3587
EMP_01457,Female,Service,No,2,9.5,9.43,52,14,6,0.5362
EMP_01458,Female,Product,Yes,2,3.9,4.17,53,5,27,0.3913
EMP_01459,Male,Service,No,2,2.6,4.61,47,18,28,0.2505
EMP_01460,Female,Product,Yes,3,4.3,5.9,39,8,5,0.388
EMP_01461,Male,Service,Yes,2,7.0,1.97,34,10,19,0.3953
EMP_01462,Female,Service,No,3,7.3,9.27,60,11,4,0.636
EMP_01463,Male,Product,Yes,5,9.3,4.33,54,3,28,0.8067
EMP_01464,Female,Service,Yes,2,8.9,1.67,46,2,12,0.5643
EMP_01465,Non-binary,Service,No,3,3.6,7.63,57,14,9,0.4028
EMP_01466,Male,Product,No,3,5.1,2.19,30,4,11,0.4091
EMP_01467,Non-binary,Product,No,3,7.7,1.44,31,17,27,0.4754
EMP_01468,Male,Product,No,1,9.2,5.63,69,17,22,0.4375
EMP_01469,Female,Product,No,1,4.0,6.71,31,9,17,0.2987
EMP_01470,Female,Product,No,2,5.0,5.7,56,9,10,0.4543
EMP_01471,Female,Product,Yes,5,9.1,6.57,37,3,19,0.7037
EMP_01472,Female,Product,No,2,4.2,1.16,56,4,29,0.3656
EMP_01473,Female,Product,No,4,5.3,4.76,66,2,13,0.6803
EMP_01474,Male,Product,Yes,4,9.1,3.57,46,14,18,0.6008
EMP_01475,Male,Service,Yes,5,8.2,9.73,33,8,24,0.7432
EMP_01476,Female,Service,Yes,5,3.2,0.5,67,18,26,0.3872
EMP_01477,Female,Product,No,5,3.9,2.98,60,4,20,0.5675
EMP_01478,Female,Service,Yes,1,4.2,9.42,34,8,26,0.2841
EMP_01479,Female,Service,No,1,9.2,9.83,54,7,6,0.5618
EMP_01480,Male,Service,Yes,4,10.0,8.25,57,15,20,0.7176
EMP_01481,Female,Product,No,5,8.0,0.76,48,15,22,0.561
EMP_01482,Male,Product,Yes,3,5.4,5.61,66,2,10,0.5729
EMP_01483,Male,Service,No,4,1.1,4.0,52,4,17,0.3541
EMP_01484,Male,Service,No,5,7.3,8.06,65,9,15,0.7437
EMP_01485,Male,Service,No,3,4.5,0.55,42,7,6,0.4994
EMP_01486,Male,Service,No,5,6.7,1.97,46,18,16,0.5886
EMP_01487,Male,Product,No,2,6.5,4.89,59,12,17,0.4221
EMP_01488,Female,Product,Yes,3,5.3,1.58,52,14,17,0.3917
EMP_01489,Male,Product,Yes,2,9.5,6.93,32,7,26,0.559
EMP_01490,Male,Product,No,1,1.2,8.21,42,6,25,0.1232
EMP_01491,Male,Service,Yes,4,7.4,7.05,61,19,7,0.5666
EMP_01492,Male,Product,Yes,5,4.7,4.4,64,19,26,0.5282
EMP_01493,Male,Product,Yes,4,7.4,8.78,31,15,17,0.5209
EMP_01494,Male,Service,Yes,5,7.1,1.38,32,19,20,0.4814
EMP_01495,Female,Product,Yes,2,1.1,2.6,58,12,5,0.2047
EMP_01496,Female,Service,No,3,3.6,4.9,39,2,22,0.407
EMP_01497,Female,Service,Yes,3,2.7,0.61,49,11,12,0.2969
EMP_01498,Male,Service,Yes,5,2.5,0.96,63,13,7,0.3888
EMP_01499,Male,Product,Yes,2,7.6,3.97,44,4,7,0.5742
EMP_01500,Female,Product,No,5,3.2,9.44,69,1,17,0.7125
EMP_01501,Male,Product,No,5,5.3,9.08,30,2,3,0.5598
EMP_01502,Male,Product,No,5,3.2,4.66,55,14,3,0.4082
EMP_01503,Male,Product,Yes,3,6.2,1.42,61,18,18,0.4077
EMP_01504,Male,Service,No,5,7.5,1.78,31,11,29,0.5169
EMP_01505,Male,Product,No,3,4.0,3.78,61,11,19,0.4041
EMP_01506,Male,Service,No,1,6.4,2.1,58,19,16,0.3539
EMP_01507,Female,Product,No,2,8.4,0.83,49,17,17,0.5121
EMP_01508,Male,Service,Yes,1,1.8,6.74,52,17,16,0.103
EMP_01509,Female,Service,Yes,5,7.4,5.81,41,2,23,0.7351
EMP_01510,Female,Product,Yes,3,3.9,2.91,39,2,4,0.4243
EMP_01511,Female,Product,Yes,2,2.1,7.79,48,13,5,0.1643
EMP_01512,Female,Service,No,4,5.9,7.76,39,6,26,0.4886
EMP_01513,Non-binary,Service,No,2,3.0,4.91,48,15,14,0.2988
EMP_01514,Male,Service,No,2,8.4,0.97,55,11,28,0.4759
EMP_01515,Male,Product,Yes,5,1.4,9.18,53,4,26,0.4687
EMP_01516,Male,Product,Yes,1,1.9,6.69,38,19,28,0.1217
EMP_01517,Female,Service,Yes,1,5.7,2.47,58,14,4,0.4139
EMP_01518,Female,Service,Yes,4,6.3,6.1,58,18,10,0.4548
EMP_01519,Male,Product,Yes,5,7.6,4.05,66,17,29,0.6725
EMP_01520,Female,Service,No,2,3.3,6.35,57,8,14,0.4408
EMP_01521,Male,Product,Yes,1,8.6,4.74,32,13,11,0.3656
EMP_01522,Non-binary,Product,No,1,9.6,4.85,52,15,28,0.5382
EMP_01523,Male,Product,Yes,3,5.5,7.36,33,11,16,0.3989
EMP_01524,Male,Product,No,2,7.8,6.14,43,16,28,0.4152
EMP_01525,Male,Product,Yes,5,5.7,0.8,67,18,8,0.5233
EMP_01526,Male,Product,Yes,1,1.6,0.65,42,12,19,0.1594
EMP_01527,Male,Product,No,5,3.9,3.05,57,12,13,0.462
EMP_01528,Male,Service,No,2,1.8,4.3,68,6,29,0.3996
EMP_01529,Female,Service,Yes,2,9.9,2.75,49,6,21,0.5897
EMP_01530,Male,Service,Yes,1,3.1,6.51,57,4,23,0.2503
EMP_01531,Male,Service,Yes,4,6.7,1.95,61,1,15,0.6511
EMP_01532,Female,Product,No,5,3.6,7.04,43,17,5,0.3653
EMP_01533,Female,Service,No,5,6.9,7.73,42,4,5,0.6533
EMP_01534,Male,Service,Yes,3,2.9,1.24,40,17,27,0.2759
EMP_01535,Male,Product,Yes,2,8.1,6.51,67,5,23,0.5912
EMP_01536,Male,Product,No,2,2.0,9.61,68,9,16,0.2838
EMP_01537,Male,Product,Yes,1,9.1,1.93,44,6,10,0.4593
EMP_01538,Female,Service,No,1,8.6,9.09,38,12,9,0.5315
EMP_01539,Male,Product,Yes,1,7.1,6.06,32,17,6,0.3399
EMP_01540,Male,Service,Yes,3,1.6,5.91,34,10,5,0.3144
EMP_01541,Female,Service,Yes,4,2.9,0.52,57,2,21,0.5574
EMP_01542,Male,Service,Yes,1,8.7,7.48,44,1,29,0.67
EMP_01543,Female,Service,Yes,1,2.1,4.78,32,13,4,0.1653
EMP_01544,Male,Service,No,1,2.4,7.21,64,1,7,0.3591
EMP_01545,Non-binary,Product,No,3,5.9,8.09,36,13,14,0.4073
EMP_01546,Male,Product,No,5,3.5,5.24,59,3,4,0.5795
EMP_01547,Female,Service,No,4,3.0,2.64,53,11,20,0.4299
EMP_01548,Female,Product,Yes,5,6.2,1.42,60,16,17,0.5937
EMP_01549,Male,Product,Yes,2,4.4,1.61,43,18,18,0.2199
EMP_01550,Female,Product,No,2,2.3,8.67,45,2,14,0.3129
EMP_01551,Non-binary,Service,Yes,1,5.8,1.24,33,18,14,0.2324
EMP_01552,Female,Product,Yes,5,4.5,3.85,32,17,6,0.4132
EMP_01553,Female,Service,Yes,3,7.6,3.34,64,1,24,0.7388
EMP_01554,Female,Product,Yes,4,1.9,8.65,38,4,24,0.2919
EMP_01555,Male,Product,Yes,5,6.6,4.78,33,6,10,0.5633
EMP_01556,Male,Service,No,5,4.9,9.96,48,5,13,0.652
EMP_01557,Female,Product,No,4,4.7,7.37,53,9,24,0.4692
EMP_01558,Male,Service,No,5,3.1,8.51,40,4,24,0.512
EMP_01559,Female,Service,No,5,1.3,0.99,44,5,6,0.448
EMP_01560,Female,Service,No,4,8.6,2.53,65,8,14,0.7233
EMP_01561,Male,Product,Yes,3,3.9,1.35,60,17,23,0.3922
EMP_01562,Male,Service,Yes,4,7.1,4.64,37,15,29,0.4927
EMP_01563,Female,Service,No,1,9.5,7.18,31,13,25,0.4681
EMP_01564,Male,Service,Yes,1,6.1,1.69,32,15,12,0.2885
EMP_01565,Female,Product,Yes,1,4.6,1.3,32,4,29,0.2792
EMP_01566,Male,Product,Yes,1,3.4,6.15,50,18,11,0.2706
EMP_01567,Female,Service,Yes,2,9.4,2.3,41,19,18,0.3955
EMP_01568,Male,Service,Yes,3,7.1,4.79,43,8,6,0.4944
EMP_01569,Female,Product,Yes,2,7.0,0.51,52,14,28,0.4691
EMP_01570,Male,Product,Yes,5,4.8,6.81,42,1,19,0.5021
EMP_01571,Female,Product,No,5,8.6,5.41,45,2,24,0.7526
EMP_01572,Male,Product,Yes,4,7.4,6.47,46,3,20,0.704
EMP_01573,Female,Product,No,1,3.5,2.75,47,16,29,0.1813
EMP_01574,Female,Product,Yes,4,6.4,2.79,42,3,9,0.5954
EMP_01575,Male,Service,Yes,5,4.9,8.01,55,6,24,0.6173
EMP_01576,Male,Product,Yes,1,1.1,7.19,69,8,11,0.3129
EMP_01577,Male,Service,Yes,3,8.3,5.8,68,12,8,0.6255
EMP_01578,Female,Product,No,5,2.1,6.28,60,5,24,0.5691
EMP_01579,Female,Product,No,4,5.6,0.94,69,5,22,0.6153
EMP_01580,Male,Product,No,4,4.0,8.56,46,3,27,0.5685
EMP_01581,Male,Product,No,5,4.1,7.7,61,4,5,0.6517
EMP_01582,Male,Service,Yes,2,5.3,5.9,30,5,17,0.4652
EMP_01583,Female,Service,Yes,3,10.0,9.19,64,3,3,0.7248
EMP_01584,Male,Product,Yes,5,4.7,1.69,65,10,29,0.5011
EMP_01585,Non-binary,Product,Yes,5,2.6,6.87,48,19,28,0.4393
EMP_01586,Male,Product,Yes,4,6.5,9.63,57,8,26,0.6329
EMP_01587,Female,Service,Yes,1,3.1,3.1,31,6,26,0.3313
EMP_01588,Male,Service,Yes,1,1.9,0.15,58,7,29,0.1353
EMP_01589,Male,Product,Yes,1,1.5,7.35,58,6,19,0.2766
EMP_01590,Female,Service,Yes,4,1.2,0.07,48,13,11,0.2875
EMP_01591,Female,Service,No,1,4.9,8.73,57,13,4,0.4102
EMP_01592,Non-binary,Product,No,5,4.8,0.56,63,5,8,0.6919
EMP_01593,Male,Product,No,2,2.7,6.53,60,6,27,0.3795
EMP_01594,Male,Service,No,2,8.1,3.77,66,10,18,0.5857
EMP_01595,Female,Service,Yes,2,2.2,2.03,48,10,15,0.1748
EMP_01596,Female,Product,Yes,1,9.2,8.98,61,16,8,0.5412
EMP_01597,Male,Product,Yes,2,6.3,7.46,58,18,25,0.4415
EMP_01598,Male,Product,No,1,1.2,3.4,38,3,17,0.1799
EMP_01599,Male,Product,No,5,9.7,2.84,36,1,27,0.77
EMP_01600,Female,Service,Yes,5,3.8,7.36,41,3,7,0.5576
EMP_01601,Male,Product,Yes,4,5.0,8.37,60,19,19,0.5591
EMP_01602,Male,Service,No,4,3.6,7.16,47,1,11,0.4819
EMP_01603,Male,Service,Yes,3,7.6,6.4,57,8,28,0.5551
EMP_01604,Male,Product,No,5,5.4,2.28,50,19,15,0.4351
EMP_01605,Male,Product,Yes,1,2.2,8.53,38,4,9,0.2494
EMP_01606,Male,Product,Yes,3,1.9,7.5,63,16,18,0.2523
EMP_01607,Male,Service,No,5,7.5,5.17,63,5,10,0.7169
EMP_01608,Female,Product,No,1,3.1,5.12,53,5,20,0.3255
EMP_01609,Male,Service,No,5,2.2,5.69,45,2,7,0.5661
EMP_01610,Male,Service,Yes,5,5.5,8.28,57,6,15,0.6364
EMP_01611,Female,Product,Yes,1,8.2,7.42,64,7,26,0.6218
EMP_01612,Female,Service,No,5,3.5,8.56,35,15,25,0.4678
EMP_01613,Male,Service,Yes,5,3.5,5.07,67,10,9,0.5483
EMP_01614,Male,Product,Yes,5,8.5,6.25,40,10,22,0.6604
EMP_01615,Male,Product,No,4,2.3,8.55,33,19,15,0.3171
EMP_01616,Female,Service,Yes,2,6.6,2.32,43,16,4,0.411
EMP_01617,Non-binary,Service,Yes,5,9.6,4.44,42,9,28,0.6882
EMP_01618,Female,Product,No,1,8.6,6.21,44,8,21,0.5286
EMP_01619,Female,Product,No,5,1.6,9.15,37,19,16,0.3234
EMP_01620,Female,Product,Yes,4,3.9,0.16,53,1,16,0.5352
EMP_01621,Male,Service,Yes,4,2.3,2.13,40,17,11,0.3709
EMP_01622,Male,Product,No,5,9.5,2.34,64,18,6,0.674
EMP_01623,Female,Product,No,3,9.9,3.27,54,15,19,0.5084
EMP_01624,Non-binary,Service,No,2,3.1,2.82,52,6,28,0.3463
EMP_01625,Male,Product,Yes,1,7.0,5.9,36,17,22,0.2837
EMP_01626,Female,Service,Yes,1,8.6,8.86,34,18,18,0.4183
EMP_01627,Male,Product,No,1,3.1,6.37,61,19,26,0.1928
EMP_01628,Male,Service,No,1,2.7,2.42,57,2,10,0.322
EMP_01629,Male,Product,No,4,1.1,8.64,32,7,28,0.4174
EMP_01630,Male,Service,Yes,2,4.7,6.32,59,17,17,0.4585
EMP_01631,Female,Service,Yes,5,9.1,2.19,34,15,28,0.6272
EMP_01632,Male,Product,Yes,5,9.1,3.62,62,16,20,0.6487
EMP_01633,Female,Product,No,3,2.1,7.9,49,17,12,0.3361
EMP_01634,Female,Product,No,5,2.8,7.39,59,3,6,0.5361
EMP_01635,Female,Product,Yes,2,4.7,5.77,51,10,9,0.3211
EMP_01636,Male,Service,Yes,5,8.0,1.45,51,6,26,0.7814
EMP_01637,Male,Service,Yes,4,6.5,8.03,67,2,19,0.6927
EMP_01638,Male,Product,Yes,5,5.6,3.08,58,11,10,0.606
EMP_01639,Non-binary,Service,No,1,6.3,7.72,50,8,3,0.4181
EMP_01640,Female,Service,No,1,1.9,6.48,47,14,24,0.2206
EMP_01641,Male,Service,Yes,1,5.3,2.64,40,12,23,0.2605
EMP_01642,Female,Product,Yes,1,9.9,2.12,39,7,12,0.5139
EMP_01643,Male,Product,No,4,1.8,1.31,64,18,17,0.3737
EMP_01644,Female,Product,Yes,4,5.7,2.42,55,5,25,0.5585
EMP_01645,Male,Product,Yes,4,3.7,1.58,33,6,8,0.3663
EMP_01646,Female,Product,No,5,5.9,6.17,39,13,12,0.5821
EMP_01647,Male,Product,No,1,6.2,5.99,68,2,3,0.5039
EMP_01648,Female,Product,No,3,6.2,5.86,45,19,8,0.3971
EMP_01649,Female,Service,Yes,3,8.7,6.42,59,8,15,0.5931
EMP_01650,Female,Product,Yes,1,4.5,8.15,32,11,5,0.3643
EMP_01651,Male,Product,Yes,2,5.6,9.14,63,16,14,0.4931
EMP_01652,Male,Product,Yes,5,1.1,2.3,54,1,17,0.4491
EMP_01653,Male,Product,No,3,8.1,5.88,67,16,24,0.5387
EMP_01654,Male,Service,Yes,4,3.3,0.78,65,12,9,0.4696
EMP_01655,Male,Product,No,2,8.3,1.2,33,17,8,0.4223
EMP_01656,Non-binary,Product,Yes,4,3.4,6.54,39,9,11,0.3997
EMP_01657,Female,Product,Yes,2,1.1,4.87,42,6,18,0.2466
EMP_01658,Male,Product,No,2,2.4,7.58,35,7,14,0.32
EMP_01659,Male,Product,Yes,5,9.9,4.26,36,13,11,0.687
EMP_01660,Male,Service,Yes,4,3.9,1.28,57,17,10,0.4172
EMP_01661,Female,Product,Yes,4,2.0,8.72,66,10,7,0.4634
EMP_01662,Male,Product,Yes,3,2.1,0.83,44,11,28,0.3194
EMP_01663,Female,Product,Yes,1,3.8,1.89,59,14,5,0.2504
EMP_01664,Male,Product,Yes,1,1.3,2.77,69,17,6,0.1977
EMP_01665,Non-binary,Service,No,3,5.6,9.95,39,16,13,0.3866
EMP_01666,Female,Service,No,2,2.9,4.17,41,5,12,0.2916
EMP_01667,Male,Service,Yes,3,5.7,5.02,46,18,10,0.4973
EMP_01668,Non-binary,Product,Yes,3,2.3,7.7,59,11,11,0.306
EMP_01669,Male,Product,No,4,4.9,6.36,30,10,15,0.4776
EMP_01670,Female,Service,Yes,3,6.4,8.41,65,6,26,0.7394
EMP_01671,Male,Service,No,2,1.6,4.86,69,10,28,0.4084
EMP_01672,Female,Product,No,1,4.6,9.72,53,11,21,0.3915
EMP_01673,Female,Product,Yes,5,3.7,7.97,67,1,25,0.7343
EMP_01674,Female,Product,No,3,3.2,4.01,50,5,13,0.4321
EMP_01675,Female,Product,No,3,6.4,3.81,61,2,26,0.5811
EMP_01676,Male,Product,No,4,6.3,9.29,47,11,5,0.5618
EMP_01677,Male,Product,Yes,4,6.7,6.84,42,14,3,0.5681
EMP_01678,Male,Service,Yes,3,2.4,6.21,66,13,25,0.4811
EMP_01679,Male,Product,No,3,3.6,7.58,50,11,16,0.4546
EMP_01680,Female,Product,Yes,2,2.9,5.61,47,6,21,0.3382
EMP_01681,Male,Product,No,1,5.9,1.59,69,2,3,0.4546
EMP_01682,Non-binary,Service,Yes,1,5.1,3.19,55,19,25,0.1892
EMP_01683,Female,Product,Yes,5,4.0,5.58,34,9,29,0.4667
EMP_01684,Female,Service,No,1,8.1,0.18,34,18,14,0.2813
EMP_01685,Male,Product,No,5,1.8,4.37,60,14,16,0.4626
EMP_01686,Female,Service,No,4,9.8,7.56,57,13,17,0.6917
EMP_01687,Female,Product,No,5,2.0,1.64,42,12,9,0.4185
EMP_01688,Male,Product,Yes,5,8.0,0.65,40,12,6,0.7233
EMP_01689,Female,Product,Yes,1,4.3,8.36,30,13,16,0.2516
EMP_01690,Female,Product,No,3,8.8,6.17,53,7,20,0.6502
EMP_01691,Male,Product,Yes,4,1.7,1.77,42,16,18,0.2948
EMP_01692,Male,Service,No,2,4.4,8.06,47,17,28,0.3152
EMP_01693,Male,Product,Yes,5,4.0,6.58,53,9,16,0.5423
EMP_01694,Male,Product,Yes,5,9.9,3.34,58,14,23,0.7105
EMP_01695,Male,Product,Yes,5,9.9,3.76,57,9,13,0.8355
EMP_01696,Male,Service,Yes,3,2.7,1.56,67,6,29,0.4096
EMP_01697,Male,Service,No,2,6.7,8.35,51,1,27,0.5007
EMP_01698,Male,Service,No,1,5.8,5.09,49,1,8,0.3934
EMP_01699,Non-binary,Product,No,4,2.4,5.57,40,19,17,0.2554
EMP_01700,Male,Service,Yes,3,2.5,8.83,49,15,12,0.3076
EMP_01701,Non-binary,Service,Yes,2,9.9,0.16,42,17,14,0.5307
EMP_01702,Male,Service,Yes,4,5.1,0.67,53,8,11,0.5436
EMP_01703,Male,Product,Yes,1,2.1,1.62,53,3,19,0.3235
EMP_01704,Male,Product,Yes,4,2.9,0.3,46,12,20,0.3606
EMP_01705,Male,Product,Yes,5,3.4,6.58,34,15,13,0.4572
EMP_01706,Male,Product,Yes,5,5.6,6.34,59,18,8,0.5328
EMP_01707,Female,Service,Yes,3,4.0,2.11,43,13,21,0.2559
EMP_01708,Male,Product,Yes,4,5.1,1.49,44,5,4,0.5524
EMP_01709,Female,Product,Yes,5,2.5,1.46,38,17,24,0.3025
EMP_01710,Female,Service,Yes,3,3.9,9.53,43,3,25,0.4574
EMP_01711,Male,Service,Yes,3,1.6,6.94,39,19,22,0.2025
EMP_01712,Male,Product,No,3,9.0,5.85,51,6,15,0.6762
EMP_01713,Female,Service,Yes,1,2.8,3.22,60,17,28,0.2333
EMP_01714,Male,Product,No,5,7.8,4.33,42,5,11,0.6625
EMP_01715,Male,Service,Yes,5,4.1,0.89,46,5,29,0.5973
EMP_01716,Non-binary,Service,No,2,5.3,9.98,30,19,14,0.3053
EMP_01717,Male,Product,Yes,1,3.6,7.55,43,11,18,0.2685
EMP_01718,Female,Service,No,5,7.3,6.21,68,1,21,0.8157
EMP_01719,Non-binary,Service,Yes,5,8.6,5.88,64,13,4,0.7757
EMP_01720,Male,Product,No,2,3.6,5.04,30,17,18,0.2728
EMP_01721,Male,Product,Yes,4,3.2,2.57,56,11,29,0.3935
EMP_01722,Male,Service,Yes,4,7.1,2.26,51,18,7,0.5249
EMP_01723,Male,Product,No,1,2.8,5.5,63,4,27,0.3562
EMP_01724,Male,Product,Yes,3,6.8,0.7,38,10,19,0.4505
EMP_01725,Female,Service,No,2,1.8,0.74,65,11,8,0.2367
EMP_01726,Male,Service,Yes,2,6.6,5.61,61,18,26,0.4477
EMP_01727,Male,Product,Yes,5,5.6,9.2,67,1,9,0.7766
EMP_01728,Non-binary,Product,No,5,2.0,9.14,49,4,8,0.5813
EMP_01729,Female,Product,Yes,2,6.8,0.11,56,5,5,0.5583
EMP_01730,Female,Product,Yes,3,5.0,1.07,32,2,27,0.414
EMP_01731,Male,Product,No,4,3.0,5.83,40,12,23,0.3323
EMP_01732,Female,Service,No,1,4.2,8.48,53,11,17,0.2652
EMP_01733,Male,Product,No,4,5.4,9.54,58,16,18,0.572
EMP_01734,Male,Product,Yes,1,1.8,8.61,34,4,19,0.2848
EMP_01735,Male,Product,Yes,3,9.6,6.78,62,7,11,0.677
EMP_01736,Female,Service,Yes,2,7.0,2.01,37,13,28,0.3612
EMP_01737,Male,Product,Yes,3,1.9,0.73,48,14,11,0.3258
EMP_01738,Male,Product,No,2,8.4,0.48,33,11,19,0.4986
EMP_01739,Male,Product,Yes,5,3.9,6.12,64,8,9,0.6353
EMP_01740,Male,Service,Yes,1,6.4,0.36,59,1,27,0.5052
EMP_01741,Female,Service,Yes,5,3.5,7.39,34,8,4,0.5047
EMP_01742,Female,Product,No,2,7.6,7.12,69,19,28,0.3987
EMP_01743,Female,Product,No,1,7.5,0.8,67,17,8,0.4011
EMP_01744,Male,Product,No,1,6.0,9.07,32,9,12,0.4696
EMP_01745,Male,Product,Yes,5,3.2,5.22,45,13,19,0.4119
EMP_01746,Male,Product,No,1,3.3,9.04,37,15,16,0.2382
EMP_01747,Male,Product,No,2,4.4,9.02,34,13,5,0.406
EMP_01748,Male,Product,Yes,2,2.3,1.97,67,8,29,0.3846
EMP_01749,Female,Product,Yes,5,4.0,3.81,64,12,18,0.4806
EMP_01750,Male,Product,Yes,3,7.2,1.35,37,11,18,0.4104
EMP_01751,Male,Service,Yes,2,8.5,7.75,65,13,7,0.658
EMP_01752,Male,Product,No,2,4.0,5.04,54,16,18,0.3613
EMP_01753,Male,Product,Yes,1,3.1,9.29,37,2,25,0.3425
EMP_01754,Male,Product,Yes,1,8.5,2.08,50,6,29,0.5296
EMP_01755,Non-binary,Service,No,2,9.0,6.88,38,16,7,0.4688
EMP_01756,Female,Service,No,5,4.7,9.89,61,18,26,0.4918
EMP_01757,Non-binary,Product,No,3,1.2,6.65,42,17,7,0.2499
EMP_01758,Male,Product,Yes,1,7.3,0.69,52,15,8,0.3521
EMP_01759,Male,Product,Yes,1,8.1,5.88,37,7,20,0.4347
EMP_01760,Male,Product,Yes,3,1.2,1.8,64,14,14,0.2705
EMP_01761,Male,Product,Yes,1,6.4,0.31,57,7,23,0.4621
EMP_01762,Female,Service,Yes,5,6.3,3.35,44,6,9,0.571
EMP_01763,Male,Product,Yes,1,4.4,2.66,58,12,19,0.2804
EMP_01764,Male,Service,Yes,1,7.7,7.89,33,2,12,0.4409
EMP_01765,Male,Product,Yes,2,4.9,3.74,63,1,11,0.4918
EMP_01766,Male,Service,Yes,5,7.1,7.33,66,18,11,0.6825
EMP_01767,Female,Service,No,5,5.7,0.16,53,5,26,0.5907
EMP_01768,Male,Product,No,2,3.2,0.15,50,7,13,0.323
EMP_01769,Male,Product,Yes,4,6.5,0.29,31,15,27,0.4442
EMP_01770,Male,Product,Yes,3,7.6,2.19,36,6,16,0.5106
EMP_01771,Male,Product,Yes,5,9.8,3.74,40,2,7,0.723
EMP_01772,Female,Product,Yes,4,4.4,6.08,41,17,9,0.3779
EMP_01773,Female,Service,Yes,3,1.6,9.86,33,13,19,0.2398
EMP_01774,Non-binary,Product,No,5,9.9,3.54,64,13,25,0.7508
EMP_01775,Female,Service,No,1,6.6,0.56,69,14,11,0.3898
EMP_01776,Male,Product,No,5,9.5,1.95,55,8,21,0.754
EMP_01777,Female,Service,No,3,1.9,8.98,47,15,27,0.2953
EMP_01778,Male,Product,No,4,4.1,6.99,66,11,23,0.4848
EMP_01779,Male,Service,Yes,1,2.2,7.9,45,13,15,0.2892
EMP_01780,Female,Product,No,3,8.5,1.24,41,1,11,0.6365
EMP_01781,Male,Product,Yes,3,8.9,1.35,69,2,15,0.6947
EMP_01782,Female,Service,No,5,5.5,1.12,66,11,16,0.5597
EMP_01783,Male,Product,Yes,2,2.7,8.57,48,14,10,0.3371
EMP_01784,Female,Service,Yes,2,2.1,2.1,44,5,16,0.2452
EMP_01785,Female,Service,No,1,6.3,6.43,51,7,15,0.5078
EMP_01786,Female,Product,Yes,3,5.6,5.16,49,16,29,0.3523
EMP_01787,Female,Product,Yes,4,7.3,5.44,42,11,25,0.701
EMP_01788,Female,Service,Yes,1,3.7,1.95,52,15,12,0.2246
EMP_01789,Male,Product,Yes,1,4.6,6.35,60,4,24,0.3552
EMP_01790,Male,Service,No,5,1.2,0.43,55,10,4,0.3521
EMP_01791,Male,Service,No,4,6.5,9.93,61,1,14,0.679
EMP_01792,Female,Product,Yes,3,4.8,0.27,50,7,18,0.4094
EMP_01793,Male,Product,Yes,3,9.3,0.5,46,12,9,0.5848
EMP_01794,Female,Service,No,3,6.8,3.25,58,11,4,0.5417
EMP_01795,Male,Product,Yes,1,4.6,8.32,58,11,18,0.5287
EMP_01796,Male,Product,Yes,5,3.4,2.57,51,17,24,0.4228
EMP_01797,Female,Product,Yes,1,9.1,4.72,48,1,8,0.512
EMP_01798,Male,Product,No,2,1.1,0.18,43,15,18,0.1455
EMP_01799,Male,Product,Yes,2,3.9,0.79,68,18,27,0.3276
EMP_01800,Male,Product,Yes,3,9.5,6.08,52,4,15,0.665
EMP_01801,Non-binary,Service,Yes,5,6.9,1.94,31,19,12,0.5107
EMP_01802,Female,Product,Yes,3,5.8,6.94,61,5,29,0.6051
EMP_01803,Male,Product,Yes,3,2.8,7.85,67,14,22,0.3663
EMP_01804,Male,Service,Yes,1,8.5,8.5,62,13,11,0.5054
EMP_01805,Male,Service,Yes,3,2.8,1.34,36,19,4,0.1307
EMP_01806,Female,Service,Yes,3,3.2,4.56,63,19,23,0.2988
EMP_01807,Female,Product,Yes,5,2.7,9.47,33,16,18,0.3725
EMP_01808,Male,Service,No,5,2.4,7.72,52,19,5,0.4034
EMP_01809,Male,Product,No,5,9.6,1.17,49,1,24,0.7733
EMP_01810,Male,Product,Yes,3,6.4,5.03,51,10,4,0.4671
EMP_01811,Female,Product,Yes,5,6.7,9.22,58,2,12,0.7867
EMP_01812,Female,Product,Yes,5,9.6,4.4,66,15,27,0.7888
EMP_01813,Male,Service,No,4,3.1,8.37,32,19,22,0.3735
EMP_01814,Male,Product,No,4,1.1,4.96,51,4,25,0.4723
EMP_01815,Male,Service,Yes,2,6.4,1.07,49,4,7,0.4282
EMP_01816,Non-binary,Service,No,1,5.6,1.48,54,12,10,0.3703
EMP_01817,Male,Service,No,1,5.3,0.47,63,19,14,0.3474
EMP_01818,Female,Product,No,5,1.6,1.95,58,9,6,0.5413
EMP_01819,Female,Service,Yes,2,5.1,8.94,39,16,16,0.4215
EMP_01820,Male,Product,Yes,2,3.6,6.5,68,15,25,0.3542
EMP_01821,Male,Product,Yes,4,3.5,7.39,66,9,29,0.4309
EMP_01822,Male,Service,No,2,3.0,6.22,69,19,17,0.2518
EMP_01823,Female,Product,No,3,4.0,3.87,49,18,23,0.3699
EMP_01824,Female,Product,Yes,5,4.2,2.17,67,7,5,0.5791
EMP_01825,Female,Service,Yes,3,3.8,9.26,52,16,26,0.3507
EMP_01826,Male,Product,Yes,1,9.8,5.15,40,15,24,0.3736
EMP_01827,Male,Service,Yes,4,9.4,4.81,37,11,17,0.6722
EMP_01828,Non-binary,Product,Yes,3,6.2,9.96,58,6,6,0.5261
EMP_01829,Female,Product,Yes,5,9.8,3.84,65,3,17,0.9069
EMP_01830,Male,Product,Yes,3,9.9,8.54,54,14,27,0.5973
EMP_01831,Non-binary,Product,No,3,4.2,8.62,68,6,11,0.5035
EMP_01832,Female,Product,Yes,2,5.0,2.33,63,17,20,0.3336
EMP_01833,Female,Service,Yes,4,9.6,0.95,61,19,28,0.6524
EMP_01834,Female,Product,Yes,1,6.5,9.76,52,18,15,0.347
EMP_01835,Female,Service,No,5,2.9,4.26,50,16,11,0.403
EMP_01836,Female,Product,Yes,5,7.2,0.02,48,3,6,0.6406
EMP_01837,Male,Product,No,1,2.9,4.99,54,6,27,0.266
EMP_01838,Male,Service,Yes,5,4.1,6.19,52,17,15,0.4719
EMP_01839,Female,Service,No,2,3.0,7.76,48,5,12,0.3838
EMP_01840,Male,Product,No,3,3.2,9.43,34,16,10,0.3438
EMP_01841,Male,Service,Yes,2,1.0,9.15,48,17,16,0.2334
EMP_01842,Male,Service,No,2,8.9,9.4,64,16,18,0.6123
EMP_01843,Male,Product,Yes,2,3.7,0.32,41,9,28,0.2124
EMP_01844,Female,Service,Yes,1,1.8,7.12,68,7,21,0.3116
EMP_01845,Non-binary,Product,Yes,4,1.8,2.26,54,5,28,0.3628
EMP_01846,Male,Service,Yes,1,6.0,1.88,34,9,9,0.3318
EMP_01847,Male,Service,No,1,9.9,8.0,41,10,14,0.544
EMP_01848,Male,Service,No,2,2.3,4.17,56,1,15,0.3874
EMP_01849,Female,Product,Yes,4,1.9,9.17,33,7,17,0.2938
EMP_01850,Female,Product,Yes,1,4.9,0.42,48,5,17,0.4722
EMP_01851,Male,Service,Yes,4,6.1,8.02,53,6,20,0.7182
EMP_01852,Female,Product,No,2,3.6,1.37,57,6,4,0.3441
EMP_01853,Female,Product,Yes,1,3.7,1.77,62,15,16,0.219
EMP_01854,Female,Service,No,4,4.8,4.77,64,8,22,0.6907
EMP_01855,Female,Product,Yes,5,3.8,3.96,45,1,28,0.6081
EMP_01856,Male,Product,Yes,1,9.2,4.86,41,10,9,0.5276
EMP_01857,Female,Product,No,1,1.4,9.4,45,3,22,0.2122
EMP_01858,Male,Product,Yes,1,3.1,6.57,40,16,4,0.286
EMP_01859,Female,Service,Yes,4,8.3,2.9,57,1,4,0.669
EMP_01860,Female,Service,Yes,3,8.5,1.73,52,16,7,0.5191
EMP_01861,Female,Product,Yes,1,2.0,4.2,46,14,5,0.2501
EMP_01862,Female,Service,No,5,9.8,4.52,48,5,5,0.7525
EMP_01863,Male,Service,Yes,5,7.2,6.01,40,16,3,0.5777
EMP_01864,Male,Service,Yes,2,3.5,2.66,33,11,21,0.3257
EMP_01865,Non-binary,Product,Yes,3,5.1,7.68,39,18,22,0.3125
EMP_01866,Non-binary,Service,Yes,3,3.7,0.98,48,7,14,0.45
EMP_01867,Male,Product,No,4,2.4,5.6,65,8,24,0.541
EMP_01868,Male,Service,No,2,3.6,6.24,68,17,29,0.346
EMP_01869,Male,Service,No,4,6.2,2.07,51,14,8,0.5631
EMP_01870,Female,Product,Yes,2,8.4,8.26,31,17,23,0.4038
EMP_01871,Female,Service,Yes,3,4.3,6.15,62,12,22,0.3721
EMP_01872,Male,Product,Yes,4,4.1,6.46,69,18,8,0.3667
EMP_01873,Male,Service,No,2,5.2,4.98,56,1,15,0.5235
EMP_01874,Female,Product,Yes,3,6.8,9.1,48,7,23,0.5872
EMP_01875,Female,Service,Yes,3,7.8,6.94,33,6,12,0.5254
EMP_01876,Male,Product,No,1,3.9,3.82,48,15,3,0.3115
EMP_01877,Female,Product,Yes,4,6.3,2.39,54,18,18,0.4521
EMP_01878,Male,Product,Yes,1,4.5,0.71,35,11,16,0.1892
EMP_01879,Male,Product,Yes,3,7.4,1.65,42,17,20,0.3985
EMP_01880,Female,Product,Yes,4,2.5,9.93,51,1,16,0.5752
EMP_01881,Female,Service,Yes,4,3.3,4.07,33,2,27,0.4815
EMP_01882,Female,Product,Yes,5,4.8,8.99,31,7,12,0.5246
EMP_01883,Female,Product,Yes,2,9.0,1.71,32,10,22,0.4728
EMP_01884,Female,Product,Yes,5,6.2,4.25,59,14,24,0.5602
EMP_01885,Male,Service,No,5,9.7,9.61,33,12,7,0.5769
EMP_01886,Male,Service,Yes,3,1.9,0.91,58,17,4,0.1895
EMP_01887,Male,Service,No,2,5.1,5.94,62,14,19,0.4067
EMP_01888,Male,Service,Yes,5,4.8,9.19,42,19,3,0.5006
EMP_01889,Female,Product,Yes,5,6.4,9.5,68,10,3,0.6706
EMP_01890,Non-binary,Product,No,4,8.3,8.46,61,12,8,0.5922
EMP_01891,Male,Product,Yes,3,8.6,8.56,57,7,28,0.7417
EMP_01892,Male,Service,Yes,5,7.0,6.52,66,8,9,0.6345
EMP_01893,Female,Service,No,2,6.8,2.2,57,13,9,0.453
EMP_01894,Male,Product,Yes,1,9.5,7.31,56,6,27,0.6018
EMP_01895,Female,Product,Yes,1,4.5,9.78,54,8,18,0.5039
EMP_01896,Female,Product,Yes,3,8.5,5.26,59,5,21,0.6114
EMP_01897,Female,Product,No,1,9.3,2.61,35,9,11,0.473
EMP_01898,Male,Service,No,4,5.4,5.73,59,11,3,0.5483
EMP_01899,Male,Product,Yes,4,7.6,6.91,38,13,20,0.4986
EMP_01900,Female,Service,Yes,2,4.4,2.08,35,1,9,0.4006
EMP_01901,Female,Product,Yes,3,2.4,7.19,58,7,20,0.3853
EMP_01902,Male,Service,Yes,3,6.3,5.87,52,6,12,0.5297
EMP_01903,Female,Service,Yes,1,2.8,6.12,35,8,29,0.2036
EMP_01904,Male,Service,Yes,5,5.1,3.06,51,2,22,0.6682
EMP_01905,Female,Service,Yes,5,8.9,1.55,31,17,4,0.566
EMP_01906,Male,Service,Yes,5,1.8,6.23,60,17,13,0.3633
EMP_01907,Non-binary,Service,No,2,1.3,5.86,35,18,20,0.0399
EMP_01908,Male,Service,Yes,3,6.5,3.38,34,7,13,0.5703
EMP_01909,Male,Service,Yes,1,4.0,2.96,49,15,16,0.2585
EMP_01910,Male,Service,Yes,2,4.8,3.47,41,13,15,0.3962
EMP_01911,Male,Service,No,4,4.7,4.9,67,14,3,0.5683
EMP_01912,Female,Service,No,4,1.8,9.75,67,15,27,0.4302
EMP_01913,Non-binary,Service,No,4,1.0,7.64,37,3,12,0.4185
EMP_01914,Male,Product,Yes,3,9.1,8.52,62,6,17,0.7664
EMP_01915,Male,Product,No,4,3.0,5.06,68,9,21,0.4305
EMP_01916,Female,Product,Yes,5,4.8,5.26,69,14,19,0.6132
EMP_01917,Female,Product,Yes,4,9.7,2.04,60,16,12,0.6665
EMP_01918,Female,Service,Yes,2,8.4,7.21,32,17,24,0.3948
EMP_01919,Male,Product,No,4,2.0,4.22,48,12,10,0.3964
EMP_01920,Male,Service,No,5,5.6,7.42,37,4,25,0.5495
EMP_01921,Female,Product,No,4,7.6,4.09,59,5,9,0.6932
EMP_01922,Male,Product,No,1,7.3,1.09,60,11,20,0.4548
EMP_01923,Female,Service,Yes,5,7.8,1.73,58,11,29,0.626
EMP_01924,Male,Service,Yes,3,5.1,8.12,35,8,6,0.5379
EMP_01925,Female,Product,Yes,4,2.6,2.59,31,18,8,0.3119
EMP_01926,Male,Service,No,2,5.2,2.64,52,6,4,0.3916
EMP_01927,Female,Service,Yes,4,6.8,9.29,59,7,15,0.7114
EMP_01928,Male,Product,No,2,6.5,6.58,67,6,23,0.535
EMP_01929,Female,Product,Yes,1,1.6,1.14,68,14,14,0.1926
EMP_01930,Male,Service,Yes,3,1.6,1.44,38,6,7,0.3365
EMP_01931,Female,Product,Yes,5,9.7,2.72,36,4,21,0.7631
EMP_01932,Female,Product,Yes,5,2.4,5.94,44,13,4,0.3973
EMP_01933,Female,Product,No,3,3.7,7.53,44,17,13,0.4179
EMP_01934,Female,Service,Yes,1,7.9,2.74,50,12,25,0.3973
EMP_01935,Female,Service,Yes,1,4.7,8.71,43,9,10,0.4184
EMP_01936,Female,Service,Yes,4,2.6,1.09,40,3,6,0.3689
EMP_01937,Male,Product,Yes,1,5.2,2.08,40,11,6,0.3208
EMP_01938,Female,Service,Yes,4,6.1,9.7,49,5,13,0.5914
EMP_01939,Male,Product,Yes,2,5.1,1.35,42,3,16,0.454
EMP_01940,Male,Product,No,3,9.3,8.88,59,17,11,0.5145
EMP_01941,Male,Product,Yes,2,3.6,7.04,69,9,22,0.3691
EMP_01942,Male,Product,Yes,2,7.0,0.73,68,6,28,0.5692
EMP_01943,Female,Service,Yes,2,2.0,4.84,49,18,16,0.2562
EMP_01944,Female,Service,Yes,2,4.5,5.19,67,6,5,0.4323
EMP_01945,Female,Product,Yes,5,7.7,9.32,37,6,29,0.7307
EMP_01946,Male,Service,Yes,1,3.0,4.21,66,10,15,0.2785
EMP_01947,Male,Service,Yes,3,6.3,4.47,62,11,16,0.5528
EMP_01948,Male,Service,No,3,2.4,1.12,55,14,19,0.2987
EMP_01949,Male,Product,Yes,2,1.9,6.39,68,12,5,0.2472
EMP_01950,Male,Service,No,3,5.7,2.11,37,18,17,0.4458
EMP_01951,Male,Product,No,4,7.1,0.78,47,15,23,0.4817
EMP_01952,Male,Service,Yes,3,2.0,9.97,68,10,4,0.3771
EMP_01953,Female,Product,Yes,2,9.3,2.7,43,1,23,0.5901
EMP_01954,Female,Service,Yes,3,3.0,1.41,47,15,27,0.2781
EMP_01955,Non-binary,Product,Yes,1,2.1,6.99,50,2,12,0.3202
EMP_01956,Non-binary,Product,No,2,2.8,8.22,52,2,29,0.3776
EMP_01957,Female,Service,No,5,2.5,0.64,33,4,24,0.3947
EMP_01958,Male,Service,Yes,1,1.8,1.05,39,14,17,0.1575
EMP_01959,Female,Service,Yes,3,8.2,0.9,40,19,21,0.4517
EMP_01960,Female,Service,Yes,5,5.5,0.47,49,14,23,0.531
EMP_01961,Male,Product,Yes,1,4.5,6.59,48,13,14,0.2952
EMP_01962,Male,Product,No,4,9.6,5.88,30,1,19,0.7164
EMP_01963,Female,Product,Yes,1,4.3,6.63,60,10,18,0.2857
EMP_01964,Male,Product,Yes,5,2.5,5.06,31,14,10,0.416
EMP_01965,Female,Service,No,4,3.5,8.18,34,17,27,0.3346
EMP_01966,Female,Service,Yes,3,3.2,5.47,63,16,7,0.3609
EMP_01967,Male,Service,Yes,2,5.5,9.19,33,15,27,0.3815
EMP_01968,Male,Service,Yes,3,3.6,4.86,56,11,26,0.4154
EMP_01969,Male,Service,Yes,2,5.6,7.91,68,12,17,0.5113
EMP_01970,Male,Product,No,2,7.0,4.07,32,1,10,0.5608
EMP_01971,Male,Product,No,5,8.0,4.35,55,3,20,0.7249
EMP_01972,Female,Service,Yes,4,7.4,8.49,30,11,23,0.5469
EMP_01973,Male,Product,No,4,2.9,1.08,45,11,10,0.5039
EMP_01974,Male,Product,Yes,1,2.0,5.65,64,5,21,0.2922
EMP_01975,Male,Product,No,3,5.9,7.26,48,15,19,0.4199
EMP_01976,Non-binary,Service,No,5,2.8,7.5,45,16,29,0.4535
EMP_01977,Male,Product,Yes,3,1.8,5.91,62,3,6,0.4664
EMP_01978,Male,Service,No,1,5.7,4.48,60,8,6,0.4632
EMP_01979,Female,Service,Yes,1,3.9,2.61,51,16,28,0.2136
EMP_01980,Female,Product,Yes,5,7.8,9.09,49,16,22,0.6285
EMP_01981,Male,Service,No,1,3.8,3.7,35,4,22,0.297
EMP_01982,Female,Service,No,5,9.8,7.99,64,15,11,0.7472
EMP_01983,Male,Service,No,1,7.8,0.32,68,19,29,0.4242
EMP_01984,Male,Service,No,4,1.5,2.32,32,15,16,0.2343
EMP_01985,Male,Product,Yes,5,5.6,3.46,61,13,3,0.65
EMP_01986,Male,Service,Yes,4,6.1,6.72,42,10,11,0.4807
EMP_01987,Female,Product,No,4,7.3,3.19,43,2,25,0.7115
EMP_01988,Male,Service,Yes,5,5.5,0.41,37,6,15,0.473
EMP_01989,Male,Service,No,3,5.4,1.74,48,17,23,0.4835
EMP_01990,Female,Service,Yes,2,4.3,2.59,43,8,20,0.3989
EMP_01991,Female,Product,No,1,3.4,1.76,40,16,12,0.1537
EMP_01992,Male,Product,Yes,1,9.5,2.04,64,13,28,0.53
EMP_01993,Female,Product,No,3,3.9,7.69,65,12,28,0.4865
EMP_01994,Male,Product,Yes,2,1.6,4.12,32,16,6,0.1926
EMP_01995,Female,Product,No,3,2.5,4.05,54,7,29,0.3743
EMP_01996,Female,Product,Yes,2,8.7,9.67,42,10,17,0.5013
EMP_01997,Non-binary,Product,Yes,5,6.3,4.47,45,6,6,0.6684
EMP_01998,Male,Service,No,5,8.0,9.28,57,5,22,0.7706
EMP_01999,Male,Product,No,4,8.3,2.99,56,18,13,0.6442
EMP_02000,Male,Service,No,4,8.4,4.01,39,16,14,0.5436
EMP_02001,Male,Service,Yes,5,6.0,3.96,47,3,15,0.6408
EMP_02002,Male,Product,Yes,4,2.6,5.46,37,3,4,0.4948
EMP_02003,Female,Service,Yes,5,2.3,5.84,36,5,10,0.4571
EMP_02004,Male,Product,Yes,3,6.2,2.48,51,2,6,0.4849
EMP_02005,Male,Service,No,1,4.3,7.94,67,1,11,0.3905
EMP_02006,Female,Product,Yes,5,6.0,4.97,38,4,4,0.5157
EMP_02007,Male,Product,Yes,5,5.5,0.07,69,10,25,0.5536
EMP_02008,Female,Service,Yes,5,6.4,5.91,68,13,7,0.6203
EMP_02009,Male,Product,Yes,4,1.3,7.98,58,3,7,0.4944
EMP_02010,Male,Service,Yes,4,1.3,2.5,66,11,25,0.4279
EMP_02011,Male,Product,Yes,4,7.5,0.38,58,3,6,0.5474
EMP_02012,Male,Product,Yes,4,2.7,8.07,57,10,21,0.4783
EMP_02013,Female,Product,Yes,3,6.9,9.76,50,9,11,0.5442
EMP_02014,Male,Product,No,5,5.9,0.77,62,10,14,0.6141
EMP_02015,Male,Product,Yes,3,9.8,9.38,55,13,5,0.7556
EMP_02016,Male,Product,Yes,4,8.5,3.59,67,18,7,0.5775
EMP_02017,Male,Product,No,3,4.7,9.41,44,18,4,0.4072
EMP_02018,Female,Service,No,5,6.5,6.49,31,17,25,0.5591
EMP_02019,Male,Product,No,5,2.1,8.9,41,17,15,0.3785
EMP_02020,Female,Service,No,4,4.5,7.86,62,5,29,0.5422
EMP_02021,Non-binary,Product,Yes,5,7.6,0.28,44,9,9,0.5839
EMP_02022,Female,Service,No,3,6.6,0.65,30,12,23,0.3879
EMP_02023,Non-binary,Product,Yes,2,5.4,5.26,62,12,10,0.4493
EMP_02024,Male,Product,Yes,5,2.6,1.3,33,19,27,0.2745
EMP_02025,Male,Product,No,3,8.2,4.61,57,7,22,0.6502
EMP_02026,Male,Product,Yes,3,3.5,9.55,43,12,13,0.4013
EMP_02027,Female,Service,No,3,8.4,2.95,41,9,14,0.4688
EMP_02028,Non-binary,Product,No,5,6.5,4.89,35,8,20,0.6366
EMP_02029,Male,Service,Yes,2,4.4,3.84,49,19,20,0.4045
EMP_02030,Female,Product,No,4,1.4,6.3,50,3,29,0.3958
EMP_02031,Male,Product,Yes,4,3.1,1.94,45,11,18,0.4284
EMP_02032,Female,Service,Yes,5,9.0,2.6,41,12,22,0.7199
EMP_02033,Male,Product,No,5,8.4,8.59,49,17,24,0.6844
EMP_02034,Non-binary,Service,Yes,1,6.2,8.11,62,7,8,0.5048
EMP_02035,Female,Product,No,2,5.2,7.89,31,3,20,0.3397
EMP_02036,Male,Service,Yes,3,6.8,7.71,63,7,19,0.5871
EMP_02037,Male,Product,Yes,3,5.2,4.59,55,7,20,0.487
EMP_02038,Male,Service,No,4,6.8,7.29,62,14,26,0.6565
EMP_02039,Male,Service,Yes,5,3.8,3.87,59,2,23,0.5222
EMP_02040,Male,Product,Yes,2,8.5,1.01,30,16,5,0.5056
EMP_02041,Female,Product,Yes,4,7.3,3.93,37,10,11,0.6283
EMP_02042,Female,Product,No,2,4.0,1.59,30,14,9,0.1979
EMP_02043,Male,Service,Yes,5,8.5,3.91,39,7,26,0.612
EMP_02044,Male,Product,No,3,5.4,2.97,61,2,24,0.6049
EMP_02045,Female,Product,Yes,1,2.6,5.99,69,10,9,0.3024
EMP_02046,Female,Product,No,2,1.7,3.62,31,2,21,0.2545
EMP_02047,Male,Product,No,3,7.3,7.06,60,13,3,0.6094
EMP_02048,Female,Service,Yes,2,8.8,5.12,33,2,3,0.507
EMP_02049,Male,Service,Yes,2,8.3,9.19,41,10,3,0.5786
EMP_02050,Male,Product,No,2,6.9,0.91,60,14,13,0.3877
EMP_02051,Male,Service,No,5,2.3,6.88,52,17,29,0.3385
EMP_02052,Male,Product,Yes,4,1.8,6.72,62,19,25,0.3922
EMP_02053,Male,Product,No,2,4.1,9.51,37,12,20,0.3706
EMP_02054,Non-binary,Product,No,5,8.7,3.72,45,17,15,0.5101
EMP_02055,Female,Service,No,1,9.7,3.05,44,6,24,0.5845
EMP_02056,Female,Service,No,4,3.2,1.72,69,4,17,0.6098
EMP_02057,Male,Service,Yes,5,7.9,2.65,55,2,19,0.7364
EMP_02058,Male,Product,No,1,6.2,5.02,43,15,12,0.4013
EMP_02059,Female,Product,Yes,4,1.3,8.38,41,16,10,0.2862
EMP_02060,Male,Product,Yes,5,5.9,2.84,56,12,23,0.6293
EMP_02061,Male,Service,Yes,1,8.3,1.58,60,7,11,0.3836
EMP_02062,Male,Service,Yes,5,3.5,2.72,33,13,21,0.3704
EMP_02063,Female,Service,Yes,1,9.1,1.01,59,1,20,0.7314
EMP_02064,Male,Product,Yes,2,3.1,9.27,33,19,10,0.3017
EMP_02065,Male,Product,Yes,2,1.7,8.73,60,13,29,0.281
EMP_02066,Female,Product,No,4,2.4,3.08,63,1,7,0.4945
EMP_02067,Male,Product,Yes,1,8.5,2.47,33,2,16,0.432
EMP_02068,Male,Product,Yes,2,4.8,9.05,49,1,15,0.4861
EMP_02069,Male,Product,Yes,4,8.2,0.02,47,12,3,0.4871
EMP_02070,Male,Product,Yes,3,5.8,6.01,37,10,13,0.476
EMP_02071,Female,Service,Yes,2,5.3,9.16,31,2,14,0.4162
EMP_02072,Male,Service,Yes,2,8.3,5.09,38,1,8,0.6036
EMP_02073,Male,Product,No,5,4.8,0.03,45,5,14,0.5088
EMP_02074,Female,Product,No,3,8.2,2.19,51,2,5,0.5965
EMP_02075,Female,Product,No,1,1.9,9.22,41,4,10,0.318
EMP_02076,Female,Service,Yes,4,6.7,0.17,34,14,24,0.4371
EMP_02077,Male,Service,Yes,3,7.3,3.95,68,9,4,0.5791
EMP_02078,Male,Service,Yes,1,9.1,7.9,44,6,8,0.6212
EMP_02079,Non-binary,Service,No,2,3.0,8.38,37,12,5,0.36
EMP_02080,Female,Product,Yes,4,6.4,4.78,53,12,9,0.5905
EMP_02081,Male,Product,Yes,4,4.9,2.32,48,9,18,0.4834
EMP_02082,Male,Product,Yes,3,4.4,6.0,66,15,19,0.5645
EMP_02083,Male,Product,Yes,5,2.0,2.64,47,10,14,0.4763
EMP_02084,Female,Service,No,1,2.2,2.55,50,2,17,0.2552
EMP_02085,Male,Product,No,3,8.5,8.08,68,18,16,0.6357
EMP_02086,Male,Product,No,5,7.7,1.54,43,7,3,0.5918
EMP_02087,Male,Product,Yes,5,4.4,0.06,44,9,28,0.5091
EMP_02088,Female,Service,No,5,8.5,3.37,32,18,14,0.5536
EMP_02089,Female,Product,No,4,1.7,4.91,40,3,22,0.3666
EMP_02090,Male,Service,No,1,6.6,7.05,32,13,25,0.372
EMP_02091,Female,Product,Yes,1,8.8,7.81,59,10,22,0.5034
EMP_02092,Non-binary,Product,Yes,3,8.5,6.64,35,17,16,0.4868
EMP_02093,Male,Product,No,2,4.4,6.27,35,3,18,0.4184
EMP_02094,Male,Service,Yes,3,7.7,6.66,60,9,27,0.6111
EMP_02095,Male,Product,No,1,4.8,2.72,51,17,17,0.2667
EMP_02096,Female,Service,No,4,8.6,3.82,50,16,10,0.574
EMP_02097,Female,Product,Yes,3,5.8,6.16,67,6,23,0.5589
EMP_02098,Female,Product,Yes,2,7.9,0.66,67,18,3,0.5571
EMP_02099,Female,Service,Yes,3,1.7,2.95,35,6,15,0.345
EMP_02100,Male,Product,No,5,6.3,4.06,58,6,5,0.5691
EMP_02101,Female,Service,No,2,6.0,5.33,40,17,26,0.3055
EMP_02102,Male,Service,Yes,5,6.5,4.86,51,10,14,0.5514
EMP_02103,Male,Product,Yes,4,7.3,7.18,68,2,9,0.7011
EMP_02104,Female,Service,Yes,1,9.3,4.73,35,1,10,0.6093
EMP_02105,Female,Product,No,3,8.1,9.04,59,11,19,0.5769
EMP_02106,Male,Product,Yes,3,3.0,3.8,54,6,20,0.43
EMP_02107,Female,Product,Yes,5,8.4,5.25,65,1,12,0.8601
EMP_02108,Female,Service,No,5,2.1,0.03,30,16,17,0.1879
EMP_02109,Male,Product,Yes,1,6.6,3.1,51,9,25,0.3867
EMP_02110,Non-binary,Service,Yes,3,8.9,8.67,38,12,23,0.4961
EMP_02111,Male,Service,Yes,1,1.9,3.34,37,9,23,0.1535
EMP_02112,Male,Product,Yes,5,8.6,2.53,63,13,12,0.7184
EMP_02113,Male,Product,Yes,5,8.2,5.44,45,7,11,0.6035
EMP_02114,Female,Product,No,2,5.5,0.79,48,1,3,0.461
EMP_02115,Female,Product,No,5,3.8,5.32,37,3,23,0.4328
EMP_02116,Male,Product,No,5,4.6,3.04,41,3,25,0.4877
EMP_02117,Male,Service,No,1,9.7,3.83,60,19,7,0.5489
EMP_02118,Female,Service,Yes,2,2.8,7.91,62,4,17,0.4483
EMP_02119,Male,Service,Yes,2,6.2,6.62,48,12,16,0.3721
EMP_02120,Female,Service,Yes,3,1.7,4.46,56,4,28,0.3807
EMP_02121,Female,Service,No,4,3.0,5.78,53,10,13,0.422
EMP_02122,Male,Product,No,3,7.9,7.67,57,4,25,0.6647
EMP_02123,Non-binary,Service,Yes,3,3.7,7.46,33,11,19,0.3978
EMP_02124,Male,Service,Yes,3,9.9,1.85,41,4,23,0.7746
EMP_02125,Non-binary,Product,Yes,2,5.5,3.01,52,11,16,0.3891
EMP_02126,Female,Service,Yes,1,5.6,3.48,49,17,8,0.4057
EMP_02127,Female,Product,No,5,1.3,1.88,69,13,24,0.3725
EMP_02128,Male,Service,Yes,2,9.6,0.12,57,17,6,0.5137
EMP_02129,Female,Service,No,5,2.6,1.74,30,13,15,0.3261
EMP_02130,Male,Service,Yes,5,5.8,8.08,40,17,23,0.4928
EMP_02131,Male,Product,No,4,4.6,5.46,60,19,26,0.4566
EMP_02132,Male,Service,No,3,4.7,3.42,67,15,24,0.478
EMP_02133,Female,Product,No,4,6.8,6.08,38,4,19,0.6085
EMP_02134,Male,Product,Yes,3,7.0,7.4,35,18,23,0.4742
EMP_02135,Female,Service,Yes,2,2.4,3.54,35,11,14,0.269
EMP_02136,Female,Service,Yes,5,5.5,4.66,32,9,25,0.5385
EMP_02137,Male,Service,Yes,4,8.1,0.64,61,16,14,0.5772
EMP_02138,Female,Product,No,2,5.0,5.97,64,3,26,0.4732
EMP_02139,Male,Product,No,2,2.5,3.56,45,18,6,0.1891
EMP_02140,Female,Service,Yes,3,3.8,4.34,31,17,4,0.3532
EMP_02141,Female,Product,Yes,5,2.9,4.23,65,10,22,0.4808
EMP_02142,Male,Product,Yes,3,2.1,6.32,36,5,8,0.3694
EMP_02143,Female,Service,No,3,4.4,5.72,64,15,8,0.5086
EMP_02144,Male,Product,No,2,5.9,4.22,59,18,24,0.4208
EMP_02145,Male,Service,Yes,3,1.7,0.17,58,5,3,0.3658
EMP_02146,Female,Product,Yes,1,6.4,6.21,30,15,13,0.4005
EMP_02147,Male,Product,No,5,9.9,8.8,30,6,25,0.7492
EMP_02148,Male,Product,No,3,9.7,7.7,36,8,25,0.6092
EMP_02149,Male,Product,Yes,3,8.5,9.82,32,3,23,0.704
EMP_02150,Female,Product,No,4,3.4,1.39,65,5,14,0.4808
EMP_02151,Male,Product,No,5,1.2,2.23,68,18,6,0.3754
EMP_02152,Male,Product,Yes,5,8.5,5.39,60,15,18,0.6576
EMP_02153,Female,Product,Yes,3,1.5,2.36,54,12,29,0.1849
EMP_02154,Female,Product,Yes,1,2.9,0.35,53,19,21,0.0957
EMP_02155,Male,Product,Yes,4,5.9,4.02,30,7,29,0.441
EMP_02156,Male,Product,Yes,1,2.6,2.88,67,1,13,0.3668
EMP_02157,Male,Service,Yes,3,8.5,2.64,60,2,13,0.6782
EMP_02158,Male,Service,Yes,5,8.0,9.53,66,19,15,0.6909
EMP_02159,Male,Service,Yes,5,7.8,2.38,40,13,15,0.5588
EMP_02160,Female,Product,Yes,1,8.3,1.29,32,18,10,0.3045
EMP_02161,Female,Service,Yes,2,3.0,1.25,41,10,13,0.428
EMP_02162,Female,Service,No,3,7.6,8.06,49,13,18,0.5114
EMP_02163,Male,Service,No,5,4.2,7.15,59,5,15,0.6205
EMP_02164,Female,Product,Yes,2,7.0,1.29,39,13,26,0.4557
EMP_02165,Male,Service,Yes,5,2.1,2.2,68,9,5,0.5023
EMP_02166,Non-binary,Service,No,5,7.4,7.47,44,1,29,0.7023
EMP_02167,Female,Service,Yes,2,9.7,2.75,50,6,13,0.5497
EMP_02168,Male,Product,No,1,1.4,9.82,47,1,23,0.2399
EMP_02169,Female,Product,Yes,3,1.8,5.41,61,18,10,0.2721
EMP_02170,Male,Product,No,2,2.1,1.92,48,16,12,0.2046
EMP_02171,Female,Product,Yes,2,4.9,8.59,59,8,28,0.4585
EMP_02172,Male,Service,No,5,3.6,3.19,62,6,24,0.5151
EMP_02173,Male,Product,No,2,8.3,2.89,51,13,20,0.4743
EMP_02174,Female,Product,No,3,5.3,3.27,58,17,19,0.489
EMP_02175,Male,Product,No,1,5.4,7.68,53,13,9,0.3157
EMP_02176,Female,Product,Yes,1,7.5,1.73,33,10,20,0.3452
EMP_02177,Male,Product,Yes,1,4.3,3.82,41,6,12,0.2547
EMP_02178,Female,Service,Yes,3,4.2,0.31,65,18,28,0.5139
EMP_02179,Female,Service,Yes,5,7.8,8.27,33,13,22,0.5089
EMP_02180,Male,Product,Yes,3,8.0,3.41,34,15,29,0.4549
EMP_02181,Male,Product,No,2,1.1,2.48,48,6,24,0.3459
EMP_02182,Male,Product,No,4,2.3,5.8,68,11,15,0.5119
EMP_02183,Male,Product,Yes,4,2.9,7.05,60,8,9,0.4914
EMP_02184,Male,Service,Yes,4,4.2,8.13,36,14,25,0.4373
EMP_02185,Female,Service,Yes,1,3.6,3.48,41,13,9,0.1798
EMP_02186,Non-binary,Service,No,3,7.0,8.12,39,2,22,0.5034
EMP_02187,Female,Service,Yes,3,8.5,4.65,58,1,13,0.6511
EMP_02188,Female,Product,No,1,2.7,1.01,50,5,12,0.2481
EMP_02189,Female,Service,No,2,6.1,8.46,42,11,28,0.4587
EMP_02190,Female,Service,No,4,4.3,5.48,52,10,14,0.4762
EMP_02191,Male,Service,Yes,4,5.6,6.02,35,12,15,0.5525
EMP_02192,Female,Product,Yes,1,6.6,9.37,60,10,14,0.4833
EMP_02193,Female,Service,No,4,9.0,5.59,38,9,14,0.5543
EMP_02194,Female,Service,No,5,2.7,0.06,53,2,8,0.4295
EMP_02195,Male,Service,No,3,1.8,8.71,45,4,5,0.3583
EMP_02196,Male,Product,Yes,4,6.6,2.85,40,4,10,0.5335
EMP_02197,Male,Service,No,4,4.5,5.02,65,6,19,0.5562
EMP_02198,Female,Service,Yes,5,2.5,2.05,30,12,15,0.3955
EMP_02199,Male,Service,No,2,2.1,2.97,50,7,10,0.3261
EMP_02200,Male,Service,No,2,6.0,6.87,65,19,7,0.3695
EMP_02201,Non-binary,Service,No,5,3.7,4.3,66,2,26,0.6653
EMP_02202,Male,Product,No,2,10.0,6.27,35,19,6,0.4734
EMP_02203,Male,Service,Yes,1,4.7,8.24,43,4,18,0.3869
EMP_02204,Male,Product,No,5,2.9,3.41,58,3,20,0.4914
EMP_02205,Female,Service,No,3,6.7,5.68,30,4,6,0.5307
EMP_02206,Female,Product,Yes,3,3.2,7.78,37,14,13,0.3412
EMP_02207,Male,Product,No,3,5.4,7.15,48,6,10,0.5787
EMP_02208,Female,Service,Yes,4,5.3,5.4,52,6,28,0.5207
EMP_02209,Male,Service,No,5,5.1,3.83,68,9,3,0.6139
EMP_02210,Female,Service,Yes,5,8.2,4.08,40,5,29,0.7013
EMP_02211,Female,Service,No,2,2.9,4.33,56,7,15,0.3694
EMP_02212,Female,Service,Yes,5,9.1,3.49,69,13,23,0.8029
EMP_02213,Male,Product,Yes,5,8.1,6.99,65,1,29,0.7638
EMP_02214,Non-binary,Product,Yes,2,4.0,1.25,49,2,24,0.4224
EMP_02215,Female,Product,Yes,5,2.6,9.67,37,10,6,0.4714
EMP_02216,Male,Product,No,5,3.5,7.79,65,6,6,0.5655
EMP_02217,Female,Product,Yes,1,4.0,2.98,55,4,6,0.3728
EMP_02218,Male,Service,No,2,6.0,0.43,64,8,15,0.4802
EMP_02219,Female,Service,No,1,1.4,7.11,32,14,21,0.1552
EMP_02220,Male,Product,No,4,9.2,7.34,33,16,18,0.5671
EMP_02221,Female,Product,No,2,1.9,9.64,58,15,16,0.2484
EMP_02222,Male,Service,Yes,5,3.5,2.54,57,13,12,0.4805
EMP_02223,Male,Product,Yes,5,2.0,0.83,48,12,7,0.4174
EMP_02224,Male,Product,Yes,1,3.3,9.15,57,7,17,0.3036
EMP_02225,Male,Service,Yes,1,8.5,2.59,47,15,8,0.4698
EMP_02226,Male,Service,No,4,6.5,7.22,43,6,21,0.5932
EMP_02227,Male,Product,Yes,4,3.0,0.61,43,14,16,0.3339
EMP_02228,Female,Service,No,5,8.8,7.61,58,15,29,0.6988
EMP_02229,Male,Product,Yes,3,8.2,1.27,32,11,13,0.4364
EMP_02230,Male,Service,No,4,7.8,6.96,63,4,5,0.721
EMP_02231,Female,Product,Yes,5,8.6,5.32,38,5,27,0.6895
EMP_02232,Male,Product,Yes,4,6.6,9.55,69,2,4,0.7255
EMP_02233,Female,Service,No,2,5.5,0.37,34,15,8,0.2968
EMP_02234,Female,Product,Yes,1,4.4,2.92,58,10,26,0.3118
EMP_02235,Female,Service,No,5,3.0,0.7,34,4,10,0.3882
EMP_02236,Female,Product,Yes,4,6.0,8.79,42,8,3,0.4683
EMP_02237,Female,Product,Yes,1,9.0,5.94,55,11,16,0.5042
EMP_02238,Male,Product,No,3,6.3,5.35,38,17,18,0.2874
EMP_02239,Male,Product,Yes,4,9.3,1.31,33,7,19,0.5513
EMP_02240,Male,Service,No,5,4.2,4.89,68,11,10,0.606
EMP_02241,Female,Product,Yes,2,7.3,3.99,60,10,19,0.4715
EMP_02242,Male,Service,No,1,6.8,3.16,34,1,15,0.4677
EMP_02243,Female,Service,Yes,1,7.0,7.72,36,8,21,0.4482
EMP_02244,Non-binary,Service,Yes,2,6.8,0.61,57,5,11,0.4678
EMP_02245,Female,Product,Yes,5,3.0,6.47,69,13,5,0.5595
EMP_02246,Male,Service,Yes,3,2.3,8.23,43,7,20,0.4317
EMP_02247,Male,Product,Yes,2,9.8,9.07,53,11,3,0.544
EMP_02248,Female,Product,No,3,1.4,7.46,67,12,15,0.4002
EMP_02249,Female,Product,No,5,5.2,2.82,34,14,15,0.4327
EMP_02250,Male,Product,Yes,4,4.8,6.01,63,12,14,0.4432
EMP_02251,Male,Product,Yes,4,4.2,1.41,57,1,3,0.5516
EMP_02252,Female,Service,Yes,5,8.0,1.17,37,6,12,0.6675
EMP_02253,Female,Product,Yes,3,7.7,6.39,50,11,21,0.5553
EMP_02254,Female,Product,Yes,2,9.1,8.51,53,11,24,0.6765
EMP_02255,Female,Service,Yes,5,4.6,0.67,53,12,9,0.5383
EMP_02256,Female,Product,No,5,6.1,1.06,42,1,16,0.6152
EMP_02257,Male,Product,No,4,9.0,5.66,44,6,8,0.6864
EMP_02258,Male,Product,Yes,2,9.9,2.18,54,13,8,0.7185
EMP_02259,Male,Service,Yes,4,9.7,6.12,57,12,11,0.7234
EMP_02260,Male,Product,No,3,7.5,2.15,68,10,22,0.6568
EMP_02261,Female,Product,Yes,3,2.3,1.16,37,7,18,0.3519
EMP_02262,Female,Product,No,1,1.2,5.46,60,10,7,0.1733
EMP_02263,Female,Service,No,5,8.4,8.62,36,18,17,0.5489
EMP_02264,Male,Service,Yes,2,8.6,6.85,68,6,3,0.6397
EMP_02265,Female,Service,Yes,2,7.7,8.19,46,8,6,0.5258
EMP_02266,Female,Product,No,4,3.5,2.66,64,9,12,0.4909
EMP_02267,Female,Product,No,4,6.8,8.86,51,16,8,0.6127
EMP_02268,Female,Product,Yes,2,3.8,3.77,36,2,25,0.408
EMP_02269,Male,Product,No,4,5.1,8.52,39,11,29,0.4104
EMP_02270,Male,Product,Yes,1,4.4,4.71,57,19,4,0.2408
EMP_02271,Male,Product,Yes,5,9.2,2.68,68,4,12,0.8881
EMP_02272,Male,Product,No,1,3.1,2.6,58,3,24,0.3707
EMP_02273,Male,Service,No,3,6.2,5.68,64,15,21,0.4258
EMP_02274,Female,Product,No,2,4.2,0.79,51,8,25,0.3526
EMP_02275,Non-binary,Service,No,1,7.0,9.3,38,4,11,0.3729
EMP_02276,Female,Product,Yes,1,6.1,2.71,65,11,13,0.4711
EMP_02277,Female,Product,Yes,4,9.3,3.36,37,17,6,0.5939
EMP_02278,Male,Product,Yes,4,1.9,2.33,59,9,26,0.3853
EMP_02279,Female,Product,Yes,4,3.0,0.03,59,1,12,0.4856
EMP_02280,Male,Product,No,3,7.9,6.93,60,8,8,0.6512
EMP_02281,Male,Product,Yes,1,4.3,5.91,51,2,5,0.4567
EMP_02282,Male,Service,No,5,2.5,8.1,60,13,15,0.4964
EMP_02283,Male,Service,No,4,5.5,0.41,69,1,21,0.6577
EMP_02284,Male,Product,Yes,3,6.9,9.29,57,10,5,0.5926
EMP_02285,Male,Service,Yes,3,1.4,3.31,34,12,22,0.3008
EMP_02286,Male,Service,No,4,3.6,9.13,46,11,20,0.5396
EMP_02287,Non-binary,Service,No,2,8.3,1.07,40,10,14,0.4455
EMP_02288,Male,Service,No,1,5.7,7.44,51,14,14,0.354
EMP_02289,Male,Product,Yes,4,1.3,5.79,54,14,23,0.3395
EMP_02290,Male,Product,Yes,5,3.5,3.58,42,8,14,0.439
EMP_02291,Female,Product,Yes,1,6.8,0.79,65,11,26,0.4158
EMP_02292,Male,Product,Yes,3,2.8,6.05,40,9,9,0.3426
EMP_02293,Male,Product,No,5,8.4,0.26,34,15,11,0.5706
EMP_02294,Male,Service,No,1,7.1,5.01,43,1,14,0.4642
EMP_02295,Male,Service,Yes,5,5.2,6.04,51,19,21,0.4686
EMP_02296,Male,Service,Yes,3,9.2,7.33,32,18,6,0.5168
EMP_02297,Male,Service,Yes,4,4.5,9.91,64,12,26,0.4951
EMP_02298,Male,Service,No,5,3.1,2.6,61,8,12,0.5269
EMP_02299,Male,Service,Yes,4,7.0,3.22,67,5,29,0.5985
EMP_02300,Male,Product,No,3,6.2,3.41,69,13,21,0.5205
EMP_02301,Female,Product,Yes,3,4.0,7.32,53,17,19,0.4601
EMP_02302,Female,Product,No,5,4.1,9.32,57,1,20,0.6207
EMP_02303,Male,Service,Yes,5,4.6,9.74,50,2,12,0.6709
EMP_02304,Male,Product,Yes,3,3.6,9.46,62,7,28,0.4244
EMP_02305,Non-binary,Service,No,5,7.4,8.79,57,2,26,0.7329
EMP_02306,Male,Product,Yes,5,6.9,9.91,68,4,14,0.7904
EMP_02307,Male,Product,Yes,5,5.0,3.76,65,13,25,0.4377
EMP_02308,Female,Service,Yes,5,4.6,9.48,39,14,22,0.5268
EMP_02309,Male,Product,Yes,1,4.3,7.61,66,3,10,0.4377
EMP_02310,Male,Product,Yes,3,3.6,1.68,69,9,21,0.4219
EMP_02311,Male,Product,No,3,1.8,0.45,54,18,3,0.3153
EMP_02312,Female,Product,No,2,3.4,2.14,46,16,6,0.1857
EMP_02313,Male,Service,Yes,4,3.9,7.79,33,19,8,0.3693
EMP_02314,Female,Product,Yes,2,5.9,6.32,39,9,24,0.4605
EMP_02315,Non-binary,Service,Yes,5,8.0,2.24,54,19,6,0.5572
EMP_02316,Male,Product,Yes,5,4.6,7.42,61,6,18,0.511
EMP_02317,Male,Service,Yes,1,9.5,1.41,37,12,10,0.4684
EMP_02318,Male,Product,No,1,8.4,8.22,41,15,11,0.4799
EMP_02319,Male,Service,Yes,1,9.9,7.94,50,6,17,0.6697
EMP_02320,Male,Service,Yes,1,8.9,9.73,56,5,20,0.5109
EMP_02321,Female,Product,No,1,6.6,1.5,59,14,5,0.3745
EMP_02322,Female,Service,No,1,6.4,9.07,39,19,26,0.4357
EMP_02323,Female,Service,No,1,2.2,3.41,50,18,19,0.1773
EMP_02324,Male,Product,No,1,7.5,4.16,30,13,3,0.3759
EMP_02325,Female,Product,No,1,6.4,4.68,38,9,9,0.4053
EMP_02326,Non-binary,Service,Yes,3,5.6,6.27,32,7,12,0.4532
EMP_02327,Female,Service,Yes,1,7.2,9.95,48,12,17,0.4315
EMP_02328,Male,Product,Yes,4,5.0,6.0,35,9,25,0.459
EMP_02329,Female,Product,No,1,5.7,9.27,36,2,15,0.4979
EMP_02330,Male,Service,No,5,4.6,2.55,45,3,25,0.5981
EMP_02331,Male,Service,Yes,5,7.5,3.98,65,5,7,0.7474
EMP_02332,Male,Service,No,1,8.9,5.04,33,18,9,0.2964
EMP_02333,Female,Product,No,1,8.6,3.23,47,14,16,0.4162
EMP_02334,Female,Service,No,5,8.1,9.77,61,19,16,0.7694
EMP_02335,Male,Product,No,4,1.1,7.26,61,5,11,0.391
EMP_02336,Male,Product,No,2,9.2,4.79,47,10,24,0.5616
EMP_02337,Male,Service,Yes,3,3.5,7.51,68,16,8,0.4062
EMP_02338,Male,Service,Yes,5,9.0,4.67,66,1,21,0.7557
EMP_02339,Male,Product,Yes,1,2.8,0.17,57,4,17,0.2547
EMP_02340,Male,Product,Yes,3,5.0,5.43,68,5,18,0.467
EMP_02341,Female,Service,Yes,1,7.7,6.25,31,11,25,0.3158
EMP_02342,Male,Product,No,2,6.8,9.81,66,14,24,0.5409
EMP_02343,Male,Service,No,2,4.7,0.41,66,11,14,0.3621
EMP_02344,Male,Service,No,5,7.1,5.12,31,8,23,0.6873
EMP_02345,Non-binary,Product,Yes,3,5.9,0.98,48,1,5,0.5686
EMP_02346,Female,Service,Yes,3,3.5,1.49,34,7,5,0.3428
EMP_02347,Female,Service,Yes,2,6.8,6.1,42,13,8,0.47
EMP_02348,Male,Service,Yes,1,2.8,2.32,51,6,24,0.1706
EMP_02349,Female,Service,Yes,5,7.2,7.49,36,4,23,0.6536
EMP_02350,Male,Service,Yes,4,1.0,5.14,31,12,21,0.3211
EMP_02351,Female,Product,Yes,2,5.9,2.18,43,5,14,0.3719
EMP_02352,Female,Product,No,2,4.6,4.94,54,5,18,0.4705
EMP_02353,Female,Service,Yes,5,3.7,0.01,55,17,20,0.4399
EMP_02354,Female,Product,No,1,5.6,8.63,34,6,6,0.3012
EMP_02355,Female,Product,Yes,3,6.8,0.13,49,10,22,0.5688
EMP_02356,Male,Service,No,2,9.7,0.07,41,16,28,0.5408
EMP_02357,Female,Service,Yes,5,8.5,6.12,65,14,15,0.7409
EMP_02358,Male,Product,Yes,5,7.5,9.74,60,10,15,0.6405
EMP_02359,Male,Service,Yes,5,5.3,8.56,46,17,4,0.4725
EMP_02360,Male,Service,No,3,4.5,2.52,45,5,11,0.4342
EMP_02361,Male,Product,Yes,2,1.3,1.97,39,2,29,0.3367
EMP_02362,Male,Service,Yes,5,4.2,6.26,64,4,13,0.6041
EMP_02363,Male,Product,No,3,8.6,8.23,62,18,5,0.5946
EMP_02364,Male,Product,Yes,1,4.5,3.62,67,8,19,0.3523
EMP_02365,Female,Product,Yes,4,5.2,4.32,64,14,14,0.6016
EMP_02366,Male,Product,Yes,2,3.4,1.15,56,13,7,0.2557
EMP_02367,Male,Product,No,3,3.5,1.53,36,7,16,0.3596
EMP_02368,Female,Service,Yes,4,1.6,5.68,56,9,28,0.4594
EMP_02369,Male,Service,Yes,4,6.5,1.03,41,4,21,0.5293
EMP_02370,Female,Service,Yes,3,5.0,2.02,62,5,24,0.4948
EMP_02371,Female,Service,Yes,3,6.5,2.35,42,15,19,0.3853
EMP_02372,Female,Product,No,3,5.9,4.44,31,9,28,0.3637
EMP_02373,Female,Product,Yes,5,8.2,0.46,32,18,6,0.4701
EMP_02374,Male,Service,Yes,1,7.8,5.0,40,14,3,0.4793
EMP_02375,Female,Product,Yes,5,7.9,9.29,34,15,19,0.524
EMP_02376,Male,Product,Yes,4,5.5,0.24,31,1,12,0.4694
EMP_02377,Male,Service,Yes,4,4.2,6.31,57,19,10,0.3574
EMP_02378,Female,Product,Yes,4,9.4,8.36,42,1,28,0.7046
EMP_02379,Male,Service,Yes,3,1.5,3.12,64,6,13,0.3583
EMP_02380,Female,Product,No,2,2.4,1.32,69,8,22,0.3548
EMP_02381,Female,Product,Yes,5,4.8,0.43,42,4,12,0.6098
EMP_02382,Female,Product,Yes,2,6.5,6.44,41,16,21,0.4402
EMP_02383,Female,Service,Yes,1,1.1,5.52,47,11,8,0.2156
EMP_02384,Male,Product,Yes,1,7.5,2.29,47,4,13,0.5103
EMP_02385,Male,Product,No,5,6.0,8.32,46,11,18,0.5037
EMP_02386,Female,Service,Yes,4,5.4,7.36,68,10,12,0.5872
EMP_02387,Male,Service,Yes,1,4.8,2.76,51,17,27,0.3411
EMP_02388,Female,Product,No,2,5.7,7.53,42,9,24,0.5226
EMP_02389,Female,Product,Yes,2,2.5,2.45,67,10,3,0.3968
EMP_02390,Female,Product,Yes,3,2.0,6.75,48,8,10,0.3253
EMP_02391,Male,Service,Yes,4,3.6,1.19,53,14,19,0.4341
EMP_02392,Male,Service,Yes,3,7.4,6.92,48,13,21,0.4852
EMP_02393,Male,Product,No,5,6.3,2.39,50,3,11,0.712
EMP_02394,Male,Service,Yes,1,5.3,5.72,53,14,22,0.2973
EMP_02395,Female,Product,Yes,3,6.1,1.72,59,14,10,0.4181
EMP_02396,Male,Product,Yes,3,6.0,7.26,57,3,11,0.6378
EMP_02397,Male,Product,Yes,5,3.8,0.61,64,16,18,0.4703
EMP_02398,Male,Product,No,2,1.9,1.65,67,10,16,0.3444
EMP_02399,Female,Product,Yes,2,9.1,1.84,46,4,26,0.623
EMP_02400,Female,Product,No,5,6.4,0.41,63,18,8,0.495
EMP_02401,Male,Service,Yes,2,7.3,7.45,38,4,11,0.5224
EMP_02402,Male,Product,No,5,5.2,9.81,42,2,13,0.5878
EMP_02403,Male,Service,Yes,2,7.8,7.78,43,11,24,0.4014
EMP_02404,Male,Product,Yes,5,6.3,8.61,55,15,17,0.5937
EMP_02405,Female,Product,No,2,1.5,0.06,50,11,17,0.1881
EMP_02406,Female,Product,No,3,9.0,1.18,49,6,7,0.6461
EMP_02407,Male,Product,Yes,3,3.7,5.59,40,18,10,0.3642
EMP_02408,Male,Product,Yes,2,2.2,9.78,64,18,22,0.258
EMP_02409,Non-binary,Product,Yes,5,1.8,6.61,60,1,5,0.4776
EMP_02410,Male,Product,No,3,7.5,3.74,47,13,22,0.5059
EMP_02411,Female,Product,Yes,1,7.3,1.46,43,1,27,0.4869
EMP_02412,Male,Service,No,2,7.3,1.53,34,13,6,0.4251
EMP_02413,Male,Service,No,1,9.2,3.63,46,5,9,0.6396
EMP_02414,Male,Product,No,1,4.1,7.14,50,17,19,0.3293
EMP_02415,Male,Product,Yes,4,6.1,0.32,43,16,14,0.4463
EMP_02416,Non-binary,Product,Yes,1,6.6,8.52,32,18,8,0.4345
EMP_02417,Male,Service,No,1,9.8,9.42,60,10,26,0.6417
EMP_02418,Male,Product,No,4,3.8,8.89,54,17,25,0.4804
EMP_02419,Male,Product,No,4,9.6,9.13,46,7,23,0.821
EMP_02420,Male,Product,Yes,4,2.3,0.15,55,15,6,0.3606
EMP_02421,Male,Service,No,5,7.9,9.78,46,19,20,0.6201
EMP_02422,Male,Product,Yes,4,6.7,3.66,48,9,18,0.5785
EMP_02423,Female,Service,Yes,5,8.4,8.69,56,5,3,0.7645
EMP_02424,Male,Product,No,2,1.3,1.87,36,10,19,0.1662
EMP_02425,Male,Service,Yes,5,1.7,4.47,55,13,7,0.3463
EMP_02426,Female,Service,No,2,1.6,0.44,34,1,27,0.3172
EMP_02427,Male,Product,Yes,4,6.3,0.4,31,6,25,0.5586
EMP_02428,Non-binary,Service,Yes,4,6.4,9.43,45,3,20,0.598
EMP_02429,Male,Product,Yes,2,9.2,8.11,40,17,8,0.5033
EMP_02430,Female,Service,Yes,3,5.2,5.3,68,12,28,0.4671
EMP_02431,Female,Service,Yes,5,1.6,5.25,52,11,25,0.4415
EMP_02432,Female,Product,No,1,2.9,7.49,64,8,15,0.3676
EMP_02433,Non-binary,Service,No,4,1.1,3.42,35,12,10,0.2565
EMP_02434,Male,Product,Yes,5,8.0,7.62,66,11,29,0.7131
EMP_02435,Non-binary,Product,Yes,5,8.3,4.85,30,5,27,0.6504
EMP_02436,Male,Product,No,4,10.0,6.38,62,8,21,0.7311
EMP_02437,Male,Service,No,2,4.7,9.65,47,12,18,0.4094
EMP_02438,Male,Product,No,4,1.2,4.71,32,6,20,0.2172
EMP_02439,Male,Product,No,5,3.1,4.18,48,9,9,0.4747
EMP_02440,Male,Service,Yes,3,6.3,9.06,39,17,26,0.5246
EMP_02441,Female,Product,Yes,2,9.7,9.03,49,2,11,0.707
EMP_02442,Male,Product,Yes,4,1.9,9.92,40,1,28,0.3997
EMP_02443,Female,Product,Yes,1,2.1,5.51,61,18,23,0.1599
EMP_02444,Female,Product,No,4,7.3,3.44,69,3,27,0.6695
EMP_02445,Male,Product,Yes,5,7.0,2.4,49,14,3,0.5472
EMP_02446,Male,Product,No,5,3.3,0.34,61,13,11,0.4974
EMP_02447,Male,Service,No,1,8.3,7.27,66,2,12,0.5686
EMP_02448,Male,Service,No,2,2.2,2.33,51,4,23,0.3561
EMP_02449,Male,Product,No,5,9.3,6.07,33,15,20,0.63
EMP_02450,Male,Product,Yes,2,2.8,9.17,42,5,24,0.3689
EMP_02451,Male,Product,No,2,1.7,9.5,35,10,3,0.283
EMP_02452,Non-binary,Service,Yes,4,4.1,0.04,58,9,15,0.4904
EMP_02453,Female,Product,Yes,2,2.7,3.17,31,18,16,0.2597
EMP_02454,Male,Product,No,5,5.7,8.37,54,3,25,0.7347
EMP_02455,Female,Service,Yes,5,7.2,5.36,61,14,9,0.6022
EMP_02456,Male,Product,No,3,5.4,8.08,55,10,28,0.6087
EMP_02457,Male,Product,No,2,6.9,8.53,55,17,10,0.4653
EMP_02458,Female,Service,No,3,4.3,4.43,67,15,3,0.4502
EMP_02459,Male,Service,Yes,4,1.3,3.59,51,18,4,0.3302
EMP_02460,Male,Product,No,3,9.8,4.55,39,17,13,0.5023
EMP_02461,Non-binary,Service,Yes,2,8.4,6.53,52,3,3,0.6949
EMP_02462,Female,Product,No,5,1.7,3.67,33,16,26,0.328
EMP_02463,Female,Service,Yes,4,5.0,7.75,45,19,14,0.5007
EMP_02464,Female,Product,No,2,6.7,9.04,62,13,10,0.5029
EMP_02465,Female,Service,Yes,4,2.7,2.82,42,17,5,0.2741
EMP_02466,Male,Service,Yes,1,6.2,9.65,42,16,12,0.3891
EMP_02467,Male,Service,Yes,2,5.8,6.23,62,9,17,0.4399
EMP_02468,Male,Service,Yes,1,2.9,8.78,43,12,14,0.2348
EMP_02469,Male,Product,No,3,2.3,1.04,37,3,4,0.212
EMP_02470,Male,Product,Yes,2,7.8,2.51,55,9,27,0.5949
EMP_02471,Male,Product,Yes,1,3.9,3.21,51,16,7,0.2308
EMP_02472,Non-binary,Service,Yes,5,3.2,3.03,30,5,11,0.4369
EMP_02473,Female,Service,Yes,3,7.6,1.72,45,19,20,0.4555
EMP_02474,Female,Product,Yes,2,7.6,8.68,58,13,8,0.5595
EMP_02475,Male,Service,No,2,3.5,4.19,52,2,13,0.3476
EMP_02476,Female,Service,Yes,5,8.9,9.63,34,19,16,0.5477
EMP_02477,Male,Service,Yes,5,7.2,5.83,50,18,3,0.6404
EMP_02478,Female,Service,Yes,1,4.1,1.38,65,12,25,0.3007
EMP_02479,Male,Product,Yes,1,4.8,5.46,49,18,6,0.3004
EMP_02480,Female,Product,Yes,1,7.5,9.94,37,5,9,0.4623
EMP_02481,Male,Product,Yes,4,2.9,5.65,55,8,11,0.4891
EMP_02482,Female,Product,No,3,5.2,0.02,54,16,19,0.3727
EMP_02483,Non-binary,Service,Yes,2,6.9,9.33,36,2,19,0.5396
EMP_02484,Male,Service,Yes,3,5.9,2.35,51,13,13,0.4805
EMP_02485,Male,Service,Yes,5,6.5,6.89,62,1,25,0.7435
EMP_02486,Non-binary,Service,No,3,5.9,5.15,34,5,28,0.5015
EMP_02487,Male,Product,No,3,2.8,3.25,67,12,29,0.3853
EMP_02488,Female,Product,Yes,1,4.7,2.83,41,4,14,0.2768
EMP_02489,Female,Product,No,5,5.8,9.29,43,5,17,0.549
EMP_02490,Male,Product,Yes,3,8.0,9.12,36,11,4,0.4851
EMP_02491,Male,Product,Yes,2,6.9,5.13,57,10,10,0.4627
EMP_02492,Male,Product,Yes,1,4.8,2.58,45,8,22,0.3761
EMP_02493,Female,Product,Yes,3,9.8,1.02,31,9,25,0.4673
EMP_02494,Male,Product,Yes,5,2.0,1.57,60,7,28,0.4869
EMP_02495,Male,Service,Yes,2,2.9,5.22,65,14,4,0.2984
EMP_02496,Male,Product,Yes,5,4.1,3.08,43,11,26,0.4978
EMP_02497,Female,Product,Yes,5,3.1,0.42,57,18,8,0.4817
EMP_02498,Female,Product,Yes,5,6.6,4.55,61,18,3,0.59
EMP_02499,Non-binary,Service,Yes,4,1.4,7.46,57,8,27,0.4532
EMP_02500,Male,Product,No,2,2.6,8.92,41,2,29,0.331
EMP_02501,Female,Product,Yes,5,3.6,5.85,42,7,20,0.4696
EMP_02502,Female,Service,No,4,7.2,7.23,51,5,6,0.7016
EMP_02503,Female,Service,No,1,8.9,3.64,58,14,27,0.595
EMP_02504,Non-binary,Service,Yes,4,8.2,4.96,59,14,10,0.6634
EMP_02505,Male,Product,Yes,1,2.6,7.3,44,3,10,0.2154
EMP_02506,Male,Product,Yes,4,6.1,7.28,69,6,16,0.5929
EMP_02507,Female,Product,Yes,5,1.3,4.25,33,17,22,0.2722
EMP_02508,Male,Service,Yes,4,3.8,5.44,62,8,16,0.5283
EMP_02509,Female,Product,Yes,4,8.3,9.24,38,3,3,0.6475
EMP_02510,Female,Product,Yes,5,5.1,6.32,67,15,28,0.6028
EMP_02511,Male,Product,No,1,2.3,6.43,45,5,22,0.2222
EMP_02512,Female,Product,Yes,5,4.9,7.85,55,19,5,0.5564
EMP_02513,Male,Product,No,2,2.8,1.15,56,2,17,0.3794
EMP_02514,Male,Service,Yes,4,4.5,5.23,40,8,29,0.502
EMP_02515,Female,Service,No,2,5.4,9.59,55,9,21,0.374
EMP_02516,Female,Product,Yes,5,4.1,3.62,43,5,3,0.5399
EMP_02517,Male,Product,Yes,5,9.4,2.95,30,3,27,0.6721
EMP_02518,Male,Service,No,3,6.1,6.01,40,12,5,0.4548
EMP_02519,Female,Product,No,2,8.6,2.21,59,3,22,0.5882
EMP_02520,Female,Product,Yes,3,7.8,5.56,53,19,3,0.4641
EMP_02521,Female,Product,Yes,2,7.0,1.56,33,16,21,0.3581
EMP_02522,Male,Service,No,3,5.5,5.8,51,16,19,0.462
EMP_02523,Male,Service,No,3,1.0,6.02,37,1,15,0.3984
EMP_02524,Male,Service,Yes,2,6.5,4.18,45,17,22,0.3588
EMP_02525,Female,Product,Yes,5,4.2,3.83,62,3,18,0.6562
EMP_02526,Male,Product,No,1,2.1,2.45,62,17,28,0.2616
EMP_02527,Male,Service,Yes,5,5.0,3.31,39,17,14,0.4017
EMP_02528,Non-binary,Product,No,1,7.6,4.98,31,16,9,0.3629
EMP_02529,Male,Service,Yes,2,9.7,2.48,33,6,28,0.5953
EMP_02530,Non-binary,Service,No,4,4.4,7.83,52,18,29,0.4237
EMP_02531,Female,Product,No,5,5.9,7.09,56,14,26,0.5806
EMP_02532,Female,Service,No,3,8.7,2.69,62,8,26,0.663
EMP_02533,Male,Product,Yes,5,4.0,0.97,62,19,19,0.4498
EMP_02534,Male,Service,Yes,2,2.3,0.0,49,9,13,0.2624
EMP_02535,Female,Product,Yes,4,3.5,5.97,42,18,24,0.3252
EMP_02536,Female,Product,No,4,9.1,2.11,40,1,10,0.6601
EMP_02537,Female,Service,No,5,2.4,0.13,48,17,12,0.3224
EMP_02538,Male,Service,Yes,5,4.0,3.59,61,4,18,0.564
EMP_02539,Female,Product,No,5,5.2,9.62,32,16,12,0.4801
EMP_02540,Female,Service,No,2,8.6,6.9,42,12,26,0.4858
EMP_02541,Female,Product,Yes,1,9.4,8.58,57,13,27,0.5
EMP_02542,Female,Product,Yes,1,4.8,1.45,51,2,10,0.3444
EMP_02543,Female,Product,No,3,9.4,0.73,48,12,7,0.5775
EMP_02544,Female,Product,Yes,2,2.5,0.12,60,10,19,0.2242
EMP_02545,Male,Product,No,4,2.4,9.56,49,15,15,0.4227
EMP_02546,Male,Product,Yes,3,9.5,3.0,53,5,27,0.73
EMP_02547,Male,Product,No,4,5.6,4.6,61,1,12,0.6903
EMP_02548,Male,Product,Yes,4,2.7,3.95,38,8,12,0.3649
EMP_02549,Male,Product,Yes,5,5.4,7.3,48,18,28,0.483
EMP_02550,Male,Service,Yes,4,8.0,3.1,52,6,28,0.6172
EMP_02551,Male,Product,Yes,4,8.4,5.35,54,1,23,0.6729
EMP_02552,Male,Service,Yes,2,8.8,9.96,62,14,25,0.6207
EMP_02553,Female,Service,Yes,5,6.1,4.44,31,10,14,0.4374
EMP_02554,Non-binary,Service,No,5,8.8,5.51,32,4,14,0.6727
EMP_02555,Male,Service,No,3,5.6,5.03,57,18,9,0.4021
EMP_02556,Non-binary,Service,Yes,5,6.5,8.03,66,19,13,0.5817
EMP_02557,Male,Product,No,1,7.8,2.67,64,8,22,0.4772
EMP_02558,Male,Product,Yes,2,4.8,1.7,43,12,26,0.3425
EMP_02559,Male,Service,No,3,1.7,7.54,53,10,29,0.373
EMP_02560,Male,Service,No,1,4.2,4.16,66,13,28,0.3527
EMP_02561,Female,Service,Yes,4,6.6,9.14,32,7,27,0.5097
EMP_02562,Female,Product,No,1,2.7,6.44,52,17,14,0.128
EMP_02563,Male,Service,No,3,2.3,5.64,63,12,6,0.4554
EMP_02564,Male,Product,Yes,5,3.6,0.7,38,6,20,0.5114
EMP_02565,Male,Product,No,2,1.3,7.3,47,7,12,0.3751
EMP_02566,Male,Product,No,3,7.7,6.86,31,13,22,0.5104
EMP_02567,Male,Service,Yes,1,3.3,6.4,51,14,4,0.332
EMP_02568,Male,Service,No,1,2.1,2.68,64,13,3,0.1487
EMP_02569,Female,Product,No,3,7.3,9.47,60,6,16,0.5641
EMP_02570,Female,Service,Yes,3,8.6,3.22,55,19,19,0.4948
EMP_02571,Male,Product,Yes,3,1.2,1.52,43,13,29,0.2386
EMP_02572,Female,Product,Yes,5,3.1,9.87,57,9,6,0.4981
EMP_02573,Male,Product,No,3,9.5,7.46,40,11,27,0.6576
EMP_02574,Male,Product,No,4,4.5,4.15,61,10,11,0.5546
EMP_02575,Male,Product,Yes,2,9.4,9.36,50,3,9,0.7064
EMP_02576,Female,Product,No,2,3.5,0.91,52,19,23,0.2834
EMP_02577,Non-binary,Service,No,4,3.0,0.88,53,7,24,0.4437
EMP_02578,Female,Service,No,1,2.9,6.82,41,5,19,0.372
EMP_02579,Male,Product,Yes,1,1.8,1.78,32,15,5,0.1979
EMP_02580,Female,Product,Yes,1,9.1,9.17,35,2,3,0.5459
EMP_02581,Male,Product,No,1,9.8,8.4,41,11,12,0.4838
EMP_02582,Female,Product,Yes,5,9.6,3.06,49,6,7,0.8119
EMP_02583,Male,Product,No,4,8.7,8.89,35,5,6,0.7602
EMP_02584,Male,Product,No,2,8.6,0.43,49,7,21,0.6625
EMP_02585,Female,Service,Yes,4,6.9,5.49,43,4,8,0.6376
EMP_02586,Female,Service,No,2,8.4,9.36,30,5,8,0.5334
EMP_02587,Male,Product,Yes,1,2.9,8.55,49,5,11,0.2675
EMP_02588,Female,Product,Yes,5,4.5,3.56,51,10,22,0.5206
EMP_02589,Male,Product,Yes,3,6.8,1.83,69,18,11,0.4504
EMP_02590,Female,Service,Yes,3,8.9,2.11,60,2,17,0.6285
EMP_02591,Female,Product,Yes,1,6.9,5.15,60,15,22,0.465
EMP_02592,Female,Product,No,1,8.6,5.97,57,9,10,0.5051
EMP_02593,Female,Service,No,4,5.3,0.33,41,2,26,0.5198
EMP_02594,Male,Product,Yes,5,7.5,4.14,45,3,4,0.7654
EMP_02595,Male,Product,No,5,9.8,8.3,62,2,12,0.7574
EMP_02596,Female,Product,Yes,4,2.4,4.44,64,2,16,0.451
EMP_02597,Male,Product,Yes,5,9.3,1.69,33,19,26,0.6194
EMP_02598,Male,Product,No,5,5.7,9.55,39,14,4,0.5158
EMP_02599,Male,Product,No,3,6.8,2.66,63,18,29,0.4568
EMP_02600,Male,Product,No,5,8.9,7.98,32,1,26,0.7582
EMP_02601,Female,Product,Yes,1,4.7,1.94,60,7,24,0.3655
EMP_02602,Male,Service,No,3,4.8,4.23,60,8,15,0.3846
EMP_02603,Female,Product,No,1,5.7,4.9,30,12,21,0.2704
EMP_02604,Male,Product,No,1,1.2,5.01,34,4,29,0.1227
EMP_02605,Male,Service,Yes,4,5.5,5.16,34,7,9,0.5402
EMP_02606,Male,Service,Yes,5,3.6,2.25,31,18,14,0.2872
EMP_02607,Male,Service,No,5,9.4,5.16,44,18,8,0.5755
EMP_02608,Male,Product,No,5,1.8,4.82,30,10,5,0.2979
EMP_02609,Female,Product,Yes,5,5.1,2.09,50,10,7,0.5786
EMP_02610,Male,Service,Yes,3,9.5,9.88,66,6,6,0.7074
EMP_02611,Female,Service,Yes,2,9.1,8.66,36,12,16,0.5945
EMP_02612,Male,Product,Yes,1,7.3,8.88,40,10,8,0.4792
EMP_02613,Male,Service,Yes,2,6.3,6.86,55,13,19,0.5099
EMP_02614,Female,Product,Yes,2,3.5,1.6,31,12,19,0.2292
EMP_02615,Male,Service,Yes,2,4.3,5.68,59,19,26,0.2696
EMP_02616,Male,Service,Yes,3,1.8,8.21,43,1,15,0.3764
EMP_02617,Male,Service,Yes,2,8.1,0.39,34,1,26,0.3751
EMP_02618,Male,Service,Yes,3,3.9,4.96,60,11,14,0.4559
EMP_02619,Female,Service,Yes,4,7.0,3.96,61,18,27,0.5561
EMP_02620,Male,Product,No,4,4.2,2.12,63,2,26,0.5204
EMP_02621,Female,Product,Yes,4,5.2,3.78,39,6,4,0.474
EMP_02622,Female,Product,No,3,6.0,9.83,60,16,16,0.5566
EMP_02623,Male,Product,Yes,3,8.2,7.23,56,1,29,0.7058
EMP_02624,Female,Service,No,1,2.9,3.0,47,9,7,0.3268
EMP_02625,Male,Product,Yes,2,4.6,6.05,34,15,10,0.2586
EMP_02626,Non-binary,Product,Yes,5,2.2,2.47,46,16,17,0.2992
EMP_02627,Male,Service,Yes,5,1.7,6.11,40,14,11,0.3809
EMP_02628,Female,Service,No,2,6.4,8.96,34,7,18,0.4955
EMP_02629,Male,Product,Yes,5,2.7,5.57,67,1,15,0.5994
EMP_02630,Male,Product,Yes,5,1.5,7.33,66,16,24,0.4023
EMP_02631,Female,Product,Yes,5,9.1,4.53,50,9,17,0.8665
EMP_02632,Female,Service,No,3,5.8,5.24,53,11,6,0.5869
EMP_02633,Male,Product,Yes,3,2.2,6.95,59,10,27,0.3396
EMP_02634,Male,Service,Yes,3,1.5,8.12,45,11,18,0.2756
EMP_02635,Female,Product,Yes,2,2.1,6.59,51,6,14,0.2905
EMP_02636,Female,Product,Yes,4,5.2,9.77,31,2,22,0.6134
EMP_02637,Non-binary,Service,No,5,7.0,8.2,48,18,24,0.6246
EMP_02638,Female,Product,Yes,1,6.8,7.77,66,12,14,0.5077
EMP_02639,Non-binary,Product,Yes,3,2.3,8.45,31,14,17,0.2658
EMP_02640,Female,Product,No,1,6.7,2.81,40,8,7,0.4348
EMP_02641,Male,Product,No,5,4.6,4.32,62,4,3,0.6322
EMP_02642,Male,Product,Yes,4,5.2,5.64,38,18,22,0.4031
EMP_02643,Female,Product,No,1,8.2,4.62,54,13,28,0.4828
EMP_02644,Female,Product,Yes,5,4.0,8.47,35,14,5,0.5337
EMP_02645,Male,Product,Yes,5,2.3,0.27,40,15,10,0.3835
EMP_02646,Male,Service,No,3,8.9,2.09,56,19,9,0.4858
EMP_02647,Non-binary,Service,No,4,2.9,8.82,37,14,15,0.3254
EMP_02648,Male,Product,Yes,5,3.6,0.59,60,12,12,0.5195
EMP_02649,Male,Service,Yes,4,7.4,2.27,56,15,19,0.5244
EMP_02650,Male,Product,Yes,3,7.2,3.51,34,6,13,0.5313
EMP_02651,Male,Product,Yes,1,8.2,7.51,44,19,10,0.3728
EMP_02652,Male,Product,Yes,2,2.7,5.6,31,2,25,0.3595
EMP_02653,Male,Product,Yes,2,4.2,9.55,44,6,17,0.3568
EMP_02654,Male,Product,No,2,2.1,2.28,60,11,14,0.3051
EMP_02655,Female,Product,No,4,5.9,8.72,49,1,20,0.6052
EMP_02656,Male,Service,Yes,2,3.6,2.83,32,9,12,0.2823
EMP_02657,Female,Service,Yes,1,7.2,2.45,68,13,14,0.4589
EMP_02658,Female,Product,Yes,5,1.0,4.98,39,9,6,0.4213
EMP_02659,Male,Service,Yes,4,1.5,0.71,55,15,17,0.3052
EMP_02660,Female,Service,Yes,1,4.9,3.84,39,18,20,0.2912
EMP_02661,Male,Service,No,4,9.6,3.56,69,4,27,0.7359
EMP_02662,Female,Product,Yes,4,9.0,1.6,42,4,15,0.5814
EMP_02663,Male,Product,No,4,9.9,8.61,50,12,26,0.7248
EMP_02664,Female,Product,No,3,4.8,3.86,63,9,19,0.4668
EMP_02665,Female,Product,Yes,5,1.4,9.82,61,18,3,0.3515
EMP_02666,Male,Service,Yes,2,3.8,9.0,38,6,26,0.3205
EMP_02667,Male,Product,No,3,7.1,1.95,59,17,7,0.442
EMP_02668,Female,Product,No,5,2.2,5.05,30,17,19,0.3379
EMP_02669,Female,Service,No,2,3.7,6.02,41,13,29,0.2852
EMP_02670,Male,Service,Yes,3,1.5,8.19,64,12,22,0.2834
EMP_02671,Female,Product,Yes,3,5.3,8.86,53,14,20,0.4334
EMP_02672,Male,Service,Yes,1,2.9,6.24,69,8,11,0.3088
EMP_02673,Female,Product,No,3,1.8,0.35,39,15,12,0.1677
EMP_02674,Male,Product,No,4,4.7,4.81,53,9,24,0.5523
EMP_02675,Female,Product,No,3,4.2,8.85,47,1,29,0.4995
EMP_02676,Male,Service,Yes,4,5.8,7.14,37,17,27,0.5634
EMP_02677,Male,Service,No,5,7.7,8.7,42,10,19,0.6943
EMP_02678,Male,Product,Yes,5,2.0,6.74,45,5,3,0.5061
EMP_02679,Male,Product,Yes,4,8.1,0.44,43,11,29,0.5752
EMP_02680,Male,Product,Yes,1,1.2,9.68,38,3,6,0.3162
EMP_02681,Male,Product,No,1,5.0,9.18,38,2,20,0.4655
EMP_02682,Female,Product,No,5,6.3,1.27,34,4,17,0.591
EMP_02683,Male,Product,Yes,3,9.6,1.13,40,2,17,0.507
EMP_02684,Male,Service,No,5,6.2,5.39,48,1,3,0.5648
EMP_02685,Male,Service,Yes,5,2.4,7.57,67,9,24,0.4839
EMP_02686,Male,Product,Yes,4,5.7,3.82,39,3,26,0.5555
EMP_02687,Male,Product,Yes,1,4.6,1.36,45,6,3,0.258
EMP_02688,Male,Product,Yes,4,5.3,5.11,58,14,13,0.5258
EMP_02689,Male,Product,Yes,5,2.8,3.38,34,1,13,0.4817
EMP_02690,Male,Service,Yes,2,5.5,3.52,47,12,28,0.3795
EMP_02691,Male,Service,No,3,2.4,6.45,64,16,28,0.3516
EMP_02692,Female,Product,Yes,5,7.7,8.86,65,19,8,0.5341
EMP_02693,Male,Product,No,4,6.3,5.59,51,18,3,0.5741
EMP_02694,Male,Service,Yes,2,1.7,6.88,53,14,16,0.238
EMP_02695,Non-binary,Product,No,2,9.0,6.6,41,3,26,0.6073
EMP_02696,Male,Service,No,5,6.5,5.51,68,14,8,0.6404
EMP_02697,Female,Product,No,1,3.8,3.11,41,17,19,0.1772
EMP_02698,Male,Service,Yes,2,1.4,3.78,64,13,11,0.2715
EMP_02699,Female,Product,No,3,6.7,3.16,48,1,19,0.5227
EMP_02700,Female,Service,Yes,4,4.4,9.17,66,8,27,0.5604
EMP_02701,Male,Service,No,4,9.2,8.27,43,2,16,0.7341
EMP_02702,Non-binary,Product,Yes,4,1.3,5.79,52,19,21,0.2761
EMP_02703,Male,Service,Yes,5,1.4,9.12,69,15,10,0.4507
EMP_02704,Male,Service,Yes,4,9.5,8.86,51,14,26,0.7061
EMP_02705,Female,Product,No,4,9.7,9.28,40,14,25,0.7094
EMP_02706,Female,Product,Yes,3,1.2,2.22,31,18,14,0.2613
EMP_02707,Male,Product,No,1,7.4,7.18,39,15,4,0.4185
EMP_02708,Male,Product,No,5,3.0,6.09,34,10,5,0.4137
EMP_02709,Male,Product,No,5,7.3,7.34,59,18,23,0.5623
EMP_02710,Male,Service,Yes,4,8.8,2.63,50,4,15,0.6603
EMP_02711,Female,Product,No,3,1.9,6.95,62,7,7,0.3297
EMP_02712,Male,Service,Yes,2,3.1,4.1,54,2,20,0.3802
EMP_02713,Male,Product,Yes,4,1.2,8.34,36,9,3,0.3489
EMP_02714,Male,Product,No,4,1.4,7.95,69,4,7,0.4972
EMP_02715,Male,Product,No,5,1.3,2.11,57,12,23,0.3993
EMP_02716,Male,Product,No,5,8.2,1.84,45,10,14,0.6543
EMP_02717,Female,Product,Yes,4,3.7,7.18,66,11,21,0.5165
EMP_02718,Non-binary,Product,Yes,5,5.4,5.5,32,1,26,0.6484
EMP_02719,Female,Product,Yes,3,8.1,5.57,48,13,8,0.5012
EMP_02720,Male,Service,Yes,2,5.5,7.53,41,7,4,0.3977
EMP_02721,Female,Service,Yes,2,4.9,8.55,48,6,4,0.5209
EMP_02722,Female,Product,Yes,2,1.1,2.39,40,9,22,0.1726
EMP_02723,Female,Service,No,4,6.1,5.56,32,18,15,0.4967
EMP_02724,Male,Service,No,4,2.1,8.29,31,3,16,0.4673
EMP_02725,Male,Product,No,4,7.9,8.73,55,13,8,0.6005
EMP_02726,Male,Service,No,3,3.3,2.87,51,3,14,0.4408
EMP_02727,Male,Service,Yes,2,7.1,1.04,46,13,27,0.4538
EMP_02728,Male,Product,Yes,5,6.8,2.33,63,6,15,0.7722
EMP_02729,Male,Product,No,5,6.6,9.45,44,18,26,0.5563
EMP_02730,Male,Product,Yes,1,3.4,4.62,41,2,10,0.3163
EMP_02731,Female,Product,Yes,1,3.4,4.19,45,17,16,0.2482
EMP_02732,Male,Service,Yes,5,8.8,0.13,45,1,20,0.6932
EMP_02733,Male,Product,Yes,2,1.1,0.51,68,17,29,0.2155
EMP_02734,Non-binary,Service,No,4,2.6,6.69,35,5,6,0.3009
EMP_02735,Non-binary,Service,No,5,6.5,5.9,37,9,8,0.7009
EMP_02736,Female,Service,No,5,8.4,5.76,54,4,24,0.8311
EMP_02737,Non-binary,Service,Yes,1,4.2,1.1,48,14,28,0.256
EMP_02738,Male,Product,Yes,2,6.9,3.52,48,8,8,0.431
EMP_02739,Non-binary,Product,No,5,6.0,8.12,41,13,17,0.5091
EMP_02740,Male,Service,Yes,4,1.6,1.75,38,6,26,0.3697
EMP_02741,Male,Product,Yes,4,6.6,8.83,58,14,26,0.5337
EMP_02742,Male,Product,No,3,8.3,1.21,56,9,15,0.525
EMP_02743,Male,Service,No,4,9.9,1.69,34,17,9,0.5039
EMP_02744,Male,Service,No,5,1.3,4.78,55,7,15,0.4453
EMP_02745,Female,Product,Yes,5,6.9,9.45,59,9,23,0.7001
EMP_02746,Female,Service,Yes,4,4.7,3.3,43,15,8,0.5144
EMP_02747,Female,Service,No,1,1.1,6.58,62,10,8,0.2066
EMP_02748,Male,Product,Yes,2,6.5,5.89,64,14,16,0.5034
EMP_02749,Female,Product,No,5,2.1,1.5,40,16,5,0.3002
EMP_02750,Female,Service,Yes,4,4.4,2.48,33,2,13,0.4309
EMP_02751,Male,Product,No,4,3.4,9.3,62,4,15,0.5685
EMP_02752,Female,Product,No,5,4.3,1.85,35,15,5,0.4693
EMP_02753,Male,Product,Yes,3,5.4,6.95,57,11,14,0.4824
EMP_02754,Male,Service,Yes,2,4.2,9.65,39,11,25,0.2903
EMP_02755,Female,Product,No,5,6.0,1.2,65,13,24,0.6274
EMP_02756,Male,Product,No,4,3.1,3.99,55,16,23,0.4117
EMP_02757,Male,Product,Yes,3,6.7,2.24,59,9,29,0.5677
EMP_02758,Female,Service,No,5,8.7,2.22,51,2,24,0.8377
EMP_02759,Female,Product,Yes,2,3.0,1.19,34,2,24,0.2697
EMP_02760,Male,Service,Yes,3,5.6,6.5,31,5,22,0.5038
EMP_02761,Male,Service,Yes,4,6.8,7.46,62,5,29,0.6947
EMP_02762,Male,Product,No,1,6.1,6.77,45,5,7,0.4289
EMP_02763,Female,Service,Yes,2,4.3,9.25,36,14,15,0.3276
EMP_02764,Male,Service,Yes,3,6.8,1.46,50,6,25,0.5548
EMP_02765,Male,Service,No,5,1.3,3.2,64,16,29,0.4165
EMP_02766,Non-binary,Product,Yes,5,4.3,3.45,51,16,13,0.4282
EMP_02767,Male,Service,Yes,3,5.8,2.32,51,8,19,0.5333
EMP_02768,Male,Service,Yes,5,1.2,1.42,35,5,12,0.3995
EMP_02769,Male,Service,No,3,5.6,4.87,62,13,14,0.4553
EMP_02770,Female,Product,Yes,2,6.9,8.34,68,3,8,0.6274
EMP_02771,Male,Service,No,5,7.8,9.55,54,9,7,0.7337
EMP_02772,Male,Product,No,2,2.0,1.29,47,4,24,0.3194
EMP_02773,Female,Product,No,4,9.9,8.23,64,8,3,0.7725
EMP_02774,Male,Product,No,4,6.5,8.25,53,16,22,0.4942
EMP_02775,Male,Service,Yes,4,4.3,3.89,69,11,26,0.473
EMP_02776,Male,Product,Yes,4,3.2,1.1,69,19,22,0.473
EMP_02777,Male,Product,No,5,6.2,9.9,52,10,17,0.6371
EMP_02778,Male,Service,No,3,8.9,6.56,62,7,18,0.725
EMP_02779,Male,Product,Yes,5,5.7,9.82,58,12,12,0.6191
EMP_02780,Male,Service,Yes,5,7.0,4.84,39,8,26,0.5596
EMP_02781,Male,Product,Yes,2,4.2,3.95,44,10,29,0.3721
EMP_02782,Female,Product,Yes,3,4.5,2.47,39,5,10,0.4267
EMP_02783,Non-binary,Service,Yes,1,3.6,9.84,55,5,4,0.4242
EMP_02784,Female,Service,Yes,1,7.4,2.53,69,13,24,0.455
EMP_02785,Female,Product,Yes,3,4.2,0.24,58,2,9,0.452
EMP_02786,Male,Service,Yes,1,2.7,5.12,63,12,25,0.1857
EMP_02787,Non-binary,Product,Yes,3,4.3,3.77,47,11,3,0.4347
EMP_02788,Male,Product,No,2,8.7,2.61,31,2,22,0.5575
EMP_02789,Non-binary,Product,No,2,7.6,6.35,54,15,25,0.4562
EMP_02790,Non-binary,Product,No,5,4.0,3.64,50,7,8,0.548
EMP_02791,Female,Product,Yes,1,9.2,4.02,60,8,15,0.5077
EMP_02792,Non-binary,Product,Yes,3,1.7,0.23,51,3,14,0.451
EMP_02793,Female,Product,No,2,1.4,5.89,38,17,21,0.0791
EMP_02794,Male,Product,No,5,2.1,1.22,56,6,28,0.4378
EMP_02795,Male,Product,Yes,1,2.0,2.14,54,15,28,0.1693
EMP_02796,Female,Service,Yes,1,1.8,7.17,54,13,19,0.2068
EMP_02797,Male,Service,Yes,1,7.0,3.13,56,13,7,0.4086
EMP_02798,Female,Service,Yes,2,6.4,1.63,39,12,29,0.3854
EMP_02799,Non-binary,Product,Yes,2,6.8,5.77,59,14,26,0.4793
EMP_02800,Male,Service,No,1,7.2,2.15,33,9,17,0.3624
EMP_02801,Female,Service,Yes,2,7.8,2.71,50,10,16,0.4585
EMP_02802,Female,Product,No,1,2.9,6.21,59,5,5,0.3528
EMP_02803,Non-binary,Product,No,4,6.6,7.4,62,5,7,0.7535
EMP_02804,Non-binary,Service,No,2,6.2,7.4,55,6,27,0.4472
EMP_02805,Male,Service,No,3,9.5,4.82,31,12,16,0.5344
EMP_02806,Non-binary,Service,No,2,3.1,4.54,52,17,10,0.2988
EMP_02807,Female,Service,Yes,1,1.5,7.88,60,16,13,0.2768
EMP_02808,Male,Service,No,3,6.9,1.93,33,18,27,0.5583
EMP_02809,Male,Service,No,5,7.7,1.52,49,6,17,0.7248
EMP_02810,Female,Product,Yes,3,3.5,6.65,54,10,15,0.3744
EMP_02811,Male,Product,No,3,6.1,4.1,30,9,7,0.4806
EMP_02812,Female,Service,No,2,1.5,7.1,31,2,15,0.2987
EMP_02813,Female,Product,No,3,9.6,2.57,35,3,5,0.5821
EMP_02814,Male,Service,Yes,3,2.0,3.25,36,10,15,0.2556
EMP_02815,Female,Service,Yes,1,1.6,8.97,33,8,13,0.1119
EMP_02816,Female,Service,Yes,2,1.4,4.22,47,9,11,0.1642
EMP_02817,Male,Service,Yes,1,4.8,5.91,34,19,6,0.1931
EMP_02818,Male,Product,Yes,2,1.9,1.07,54,1,19,0.3432
EMP_02819,Male,Product,Yes,5,7.7,1.79,30,2,17,0.6945
EMP_02820,Male,Product,No,3,9.1,0.36,63,4,29,0.6567
EMP_02821,Female,Service,Yes,2,3.3,4.24,32,16,20,0.181
EMP_02822,Male,Service,Yes,3,6.7,9.89,46,12,18,0.6171
EMP_02823,Female,Service,Yes,3,1.4,8.74,61,2,26,0.3696
EMP_02824,Male,Product,Yes,4,4.5,6.33,53,15,4,0.4089
EMP_02825,Male,Product,Yes,1,3.6,8.61,31,18,8,0.1722
EMP_02826,Female,Service,Yes,2,3.1,5.94,30,16,14,0.2997
EMP_02827,Female,Product,Yes,5,6.8,3.69,63,12,7,0.6733
EMP_02828,Male,Product,Yes,4,2.2,1.74,37,18,27,0.2361
EMP_02829,Male,Service,Yes,1,8.7,6.53,38,14,26,0.43
EMP_02830,Male,Service,Yes,5,7.0,1.93,57,12,19,0.6117
EMP_02831,Male,Product,Yes,5,7.4,4.17,48,5,21,0.588
EMP_02832,Female,Service,Yes,3,9.4,8.26,49,4,14,0.7095
EMP_02833,Male,Product,Yes,1,9.5,1.29,36,18,7,0.4018
EMP_02834,Male,Service,No,4,6.0,1.29,64,17,26,0.4938
EMP_02835,Male,Product,No,2,5.5,2.24,48,16,9,0.3638
EMP_02836,Female,Product,Yes,2,4.0,5.52,46,10,4,0.3903
EMP_02837,Non-binary,Service,Yes,4,7.4,2.52,69,17,14,0.5802
EMP_02838,Male,Product,No,3,5.8,5.03,47,12,25,0.4495
EMP_02839,Female,Service,Yes,3,9.4,3.02,36,12,7,0.5954
EMP_02840,Male,Service,No,5,3.1,5.06,56,4,24,0.4821
EMP_02841,Male,Service,No,1,3.8,2.78,68,3,10,0.3348
EMP_02842,Female,Service,No,5,3.8,9.8,59,1,7,0.6214
EMP_02843,Female,Product,No,2,8.3,4.93,52,12,18,0.5591
EMP_02844,Non-binary,Service,No,4,1.9,7.44,49,8,11,0.3998
EMP_02845,Female,Product,No,1,5.1,7.01,52,8,3,0.4388
EMP_02846,Male,Product,No,4,4.8,4.91,55,12,7,0.4782
EMP_02847,Female,Service,No,1,1.7,2.39,43,4,3,0.3101
EMP_02848,Male,Product,No,2,4.7,5.11,60,16,19,0.363
EMP_02849,Female,Service,Yes,2,5.6,6.81,56,2,3,0.551
EMP_02850,Male,Product,Yes,1,1.6,4.6,38,4,17,0.261
EMP_02851,Female,Service,No,3,5.6,0.82,52,4,7,0.5254
EMP_02852,Male,Service,Yes,1,9.6,0.18,39,11,11,0.4709
EMP_02853,Male,Product,No,2,9.8,3.28,52,3,20,0.6336
EMP_02854,Female,Service,No,4,5.8,1.5,39,10,8,0.4999
EMP_02855,Male,Service,No,5,5.6,9.06,31,12,23,0.5784
EMP_02856,Male,Product,No,4,3.6,1.76,66,17,14,0.4792
EMP_02857,Male,Product,No,2,10.0,3.94,69,9,16,0.6265
EMP_02858,Male,Service,Yes,4,3.5,7.12,67,2,9,0.5267
EMP_02859,Male,Product,No,3,5.1,8.15,67,18,9,0.4051
EMP_02860,Male,Product,Yes,3,1.0,4.78,30,12,21,0.1511
EMP_02861,Female,Service,Yes,1,4.1,1.81,47,6,8,0.3392
EMP_02862,Male,Product,Yes,4,1.6,2.71,64,18,5,0.3577
EMP_02863,Non-binary,Service,Yes,4,7.7,4.19,36,13,18,0.6002
EMP_02864,Female,Service,Yes,2,6.0,3.65,51,15,18,0.3976
EMP_02865,Male,Service,Yes,1,6.1,3.49,54,1,20,0.4519
EMP_02866,Female,Product,No,1,3.6,1.32,52,8,7,0.3885
EMP_02867,Male,Product,No,4,8.3,9.13,38,18,22,0.5416
EMP_02868,Female,Product,Yes,5,1.0,0.3,56,12,6,0.2973
EMP_02869,Male,Service,Yes,4,4.0,4.4,40,12,18,0.3771
EMP_02870,Male,Product,No,4,6.9,9.8,56,1,6,0.6489
EMP_02871,Female,Product,No,4,9.2,6.6,69,10,26,0.7826
EMP_02872,Non-binary,Product,No,3,3.1,3.55,57,19,15,0.2745
EMP_02873,Female,Product,Yes,1,5.9,1.46,47,19,16,0.3568
EMP_02874,Male,Product,No,3,5.8,9.64,65,11,19,0.5488
EMP_02875,Female,Service,Yes,5,8.9,0.14,63,3,5,0.7857
EMP_02876,Male,Product,No,2,1.5,6.81,42,14,27,0.2618
EMP_02877,Male,Product,Yes,5,4.8,8.8,59,18,5,0.5812
EMP_02878,Male,Product,Yes,1,2.6,0.25,57,6,19,0.2646
EMP_02879,Female,Service,Yes,2,1.2,7.25,51,9,15,0.328
EMP_02880,Male,Service,Yes,5,2.3,9.99,53,9,23,0.4994
EMP_02881,Male,Product,Yes,1,9.8,6.4,59,17,22,0.5443
EMP_02882,Female,Service,No,5,2.9,4.15,67,4,12,0.4783
EMP_02883,Male,Product,No,2,9.4,8.74,49,4,26,0.6773
EMP_02884,Male,Service,Yes,2,2.8,5.54,35,19,29,0.149
EMP_02885,Male,Product,Yes,5,9.4,7.49,62,16,14,0.797
EMP_02886,Non-binary,Service,Yes,3,6.9,5.88,67,17,29,0.6318
EMP_02887,Male,Service,No,5,2.0,0.38,44,3,11,0.3741
EMP_02888,Male,Service,Yes,5,6.2,2.13,44,7,28,0.6607
EMP_02889,Female,Product,Yes,5,3.9,0.79,61,5,23,0.5802
EMP_02890,Female,Product,Yes,3,4.4,1.07,43,3,3,0.4108
EMP_02891,Male,Service,No,4,5.0,0.15,37,12,6,0.3333
EMP_02892,Female,Product,Yes,2,4.8,4.21,65,19,21,0.2032
EMP_02893,Female,Service,Yes,1,7.0,1.79,51,9,8,0.4797
EMP_02894,Female,Service,No,2,7.9,8.56,67,3,17,0.7062
EMP_02895,Male,Service,No,2,4.0,7.5,49,3,20,0.3994
EMP_02896,Female,Product,No,4,9.3,5.73,53,16,7,0.5973
EMP_02897,Male,Service,Yes,2,9.4,4.89,50,13,10,0.5526
EMP_02898,Male,Service,Yes,2,1.4,2.56,57,6,13,0.2903
EMP_02899,Male,Service,No,3,1.1,4.75,52,1,7,0.4192
EMP_02900,Male,Product,No,3,4.8,6.41,53,11,23,0.4513
EMP_02901,Male,Product,Yes,3,6.3,7.82,68,18,10,0.558
EMP_02902,Female,Product,Yes,3,3.5,0.82,52,3,13,0.3929
EMP_02903,Male,Product,Yes,3,3.3,7.08,33,18,23,0.2898
EMP_02904,Male,Service,Yes,1,7.1,7.43,33,11,22,0.4238
EMP_02905,Male,Service,No,4,6.4,5.59,59,15,12,0.5303
EMP_02906,Male,Product,No,5,2.5,2.14,57,3,11,0.5056
EMP_02907,Non-binary,Service,Yes,3,9.0,5.39,60,12,4,0.7244
EMP_02908,Male,Product,Yes,4,7.1,5.03,62,12,19,0.6729
EMP_02909,Male,Product,No,5,4.3,4.76,48,17,6,0.3994
EMP_02910,Male,Product,Yes,2,7.2,4.61,39,1,28,0.5396
EMP_02911,Male,Product,No,2,2.0,1.11,54,11,14,0.1627
EMP_02912,Male,Service,No,4,5.2,1.83,66,15,21,0.52
EMP_02913,Female,Product,No,1,2.5,0.97,42,9,27,0.1673
EMP_02914,Non-binary,Service,Yes,1,1.4,2.42,35,7,21,0.1594
EMP_02915,Male,Product,Yes,4,4.0,2.63,59,11,21,0.4939
EMP_02916,Female,Service,Yes,1,2.4,2.45,52,18,28,0.1865
EMP_02917,Female,Product,Yes,1,6.7,2.11,65,7,9,0.4289
EMP_02918,Female,Product,Yes,2,7.1,7.35,45,18,15,0.3525
EMP_02919,Male,Product,No,1,2.3,8.19,37,15,4,0.2031
EMP_02920,Male,Product,No,1,1.2,3.27,45,16,29,0.0888
EMP_02921,Male,Product,No,4,8.1,3.05,40,15,10,0.5297
EMP_02922,Female,Service,Yes,1,1.0,8.44,30,4,8,0.1373
EMP_02923,Female,Service,No,3,4.1,6.24,51,3,13,0.3657
EMP_02924,Male,Service,No,3,5.5,2.93,47,14,11,0.4476
EMP_02925,Male,Product,Yes,4,8.4,7.14,65,3,10,0.7267
EMP_02926,Female,Product,No,3,8.5,3.45,40,16,22,0.4642
EMP_02927,Female,Product,Yes,2,7.5,5.87,49,15,26,0.5314
EMP_02928,Non-binary,Service,Yes,4,3.2,9.93,39,19,22,0.3931
EMP_02929,Female,Service,Yes,1,7.5,3.02,39,10,29,0.4249
EMP_02930,Male,Service,No,3,3.2,9.31,66,17,17,0.4007
EMP_02931,Female,Service,No,2,2.9,3.21,51,4,23,0.2896
EMP_02932,Female,Product,Yes,4,5.9,5.4,40,18,29,0.472
EMP_02933,Male,Product,Yes,4,7.1,4.6,64,10,28,0.6865
EMP_02934,Male,Product,Yes,1,1.5,7.83,38,16,13,0.1413
EMP_02935,Female,Product,Yes,5,1.5,0.61,44,3,17,0.4804
EMP_02936,Male,Product,Yes,3,8.1,6.27,48,12,25,0.5165
EMP_02937,Female,Product,Yes,2,8.7,7.61,66,19,24,0.4649
EMP_02938,Female,Service,Yes,4,6.4,4.72,35,3,7,0.5346
EMP_02939,Non-binary,Service,No,3,4.9,1.05,65,9,18,0.4865
EMP_02940,Male,Service,Yes,2,8.6,2.45,34,7,4,0.5049
EMP_02941,Male,Service,No,2,7.6,6.8,32,16,17,0.3985
EMP_02942,Female,Product,Yes,4,6.2,8.95,39,1,7,0.6373
EMP_02943,Male,Product,Yes,3,3.9,4.22,42,15,17,0.332
EMP_02944,Female,Service,Yes,2,2.8,5.6,33,2,28,0.2583
EMP_02945,Female,Product,Yes,4,4.8,2.28,69,16,25,0.5098
EMP_02946,Male,Product,Yes,3,3.6,4.12,62,7,13,0.4162
EMP_02947,Male,Product,No,3,4.1,3.37,63,14,8,0.4185
EMP_02948,Male,Product,No,4,5.6,6.56,65,2,8,0.6236
EMP_02949,Male,Product,Yes,3,2.5,9.85,62,18,7,0.2805
EMP_02950,Non-binary,Product,Yes,5,8.3,8.13,50,1,27,0.7901
EMP_02951,Female,Product,No,2,2.3,1.92,68,16,3,0.2466
EMP_02952,Female,Service,Yes,2,5.3,5.78,34,9,22,0.3302
EMP_02953,Female,Product,No,3,7.7,0.66,42,3,9,0.5418
EMP_02954,Male,Product,No,4,5.4,2.47,69,13,18,0.5527
EMP_02955,Female,Product,No,1,4.2,1.72,46,2,19,0.3514
EMP_02956,Female,Product,Yes,3,5.3,3.36,39,18,29,0.3024
EMP_02957,Female,Service,Yes,1,8.6,6.79,39,2,17,0.5178
EMP_02958,Female,Service,Yes,3,9.9,4.99,31,8,22,0.6287
EMP_02959,Male,Service,No,1,6.7,9.33,67,3,24,0.5499
EMP_02960,Female,Product,No,3,8.1,2.13,50,17,12,0.4519
EMP_02961,Male,Service,No,4,1.1,3.64,30,2,10,0.3765
EMP_02962,Male,Service,No,1,8.9,3.3,59,6,25,0.6267
EMP_02963,Male,Product,No,5,9.6,2.36,47,8,11,0.6994
EMP_02964,Non-binary,Product,No,4,6.2,9.93,64,17,25,0.559
EMP_02965,Female,Product,No,3,7.8,3.87,68,6,21,0.6658
EMP_02966,Female,Service,No,1,5.6,9.41,51,12,12,0.3758
EMP_02967,Female,Service,Yes,2,3.6,3.9,32,16,22,0.2626
EMP_02968,Female,Product,Yes,4,8.7,2.04,35,6,5,0.5511
EMP_02969,Non-binary,Service,No,1,6.4,1.19,65,2,27,0.4908
EMP_02970,Male,Product,Yes,4,6.2,8.56,45,3,13,0.6555
EMP_02971,Male,Product,Yes,1,6.9,0.32,32,9,13,0.2959
EMP_02972,Male,Service,No,2,8.7,9.64,65,19,10,0.5405
EMP_02973,Female,Service,No,5,7.6,4.18,40,10,12,0.5545
EMP_02974,Female,Product,No,2,2.9,2.47,46,13,11,0.2612
EMP_02975,Male,Product,Yes,3,5.2,6.17,48,13,12,0.4757
EMP_02976,Male,Product,No,4,9.8,1.33,37,15,12,0.5749
EMP_02977,Female,Product,Yes,5,6.0,0.72,43,13,20,0.5579
EMP_02978,Male,Service,No,4,9.4,8.28,55,13,7,0.7379
EMP_02979,Female,Service,Yes,1,8.3,4.25,54,6,7,0.4332
EMP_02980,Non-binary,Service,No,3,7.0,5.18,39,18,9,0.3974
EMP_02981,Male,Product,No,3,4.1,1.77,61,7,22,0.3857
EMP_02982,Male,Service,Yes,4,3.7,0.61,44,3,22,0.4648
EMP_02983,Female,Product,No,3,6.8,3.68,33,1,10,0.5878
EMP_02984,Female,Service,No,4,4.9,5.06,57,12,19,0.5163
EMP_02985,Male,Service,Yes,1,8.2,7.65,33,5,8,0.5028
EMP_02986,Non-binary,Service,Yes,1,7.8,5.01,42,11,27,0.41
EMP_02987,Male,Product,Yes,4,3.8,7.83,41,12,15,0.4587
EMP_02988,Male,Product,Yes,2,7.3,1.15,44,16,15,0.4127
EMP_02989,Female,Product,No,2,5.5,0.64,58,1,15,0.5517
EMP_02990,Female,Service,No,1,3.9,1.59,52,18,18,0.2362
EMP_02991,Male,Product,Yes,5,4.7,7.72,42,1,4,0.5288
EMP_02992,Female,Product,Yes,2,9.1,7.59,67,5,7,0.6092
EMP_02993,Female,Product,Yes,4,4.2,1.41,64,4,12,0.4804
EMP_02994,Male,Service,Yes,1,3.6,0.31,69,1,12,0.3665
EMP_02995,Male,Product,Yes,3,4.2,6.85,41,15,27,0.4376
EMP_02996,Female,Service,Yes,3,2.9,8.55,59,5,13,0.5118
EMP_02997,Male,Service,Yes,2,5.9,7.54,34,7,22,0.4486
EMP_02998,Male,Service,No,5,2.3,2.03,31,17,27,0.3506
EMP_02999,Male,Product,No,2,8.4,5.84,59,6,26,0.6351
EMP_03000,Female,Product,Yes,5,3.0,7.57,64,13,11,0.5554
EMP_03001,Female,Product,No,2,6.4,2.56,39,15,15,0.3165
EMP_03002,Female,Product,No,3,2.1,5.28,38,7,15,0.3878
EMP_03003,Male,Product,No,5,9.8,3.14,46,7,4,0.7476
EMP_03004,Female,Service,Yes,3,5.1,2.26,67,13,28,0.4806
EMP_03005,Female,Product,No,4,8.4,9.7,59,4,7,0.7953
EMP_03006,Female,Service,No,4,7.9,9.13,64,18,28,0.6328
EMP_03007,Female,Product,Yes,1,7.4,4.46,36,8,27,0.3734
EMP_03008,Male,Service,Yes,3,8.4,1.37,41,19,7,0.4567
EMP_03009,Female,Service,No,3,1.9,7.28,63,16,14,0.3662
EMP_03010,Male,Service,No,1,7.1,2.56,32,18,22,0.2714
EMP_03011,Male,Service,No,4,3.4,1.69,62,16,10,0.3757
EMP_03012,Male,Service,No,4,8.1,3.82,69,16,8,0.6432
EMP_03013,Male,Service,No,5,9.6,5.3,42,2,20,0.7849
EMP_03014,Male,Product,Yes,5,9.1,0.97,40,14,10,0.5957
EMP_03015,Female,Product,Yes,4,2.0,5.72,69,19,23,0.4363
EMP_03016,Male,Product,No,2,4.3,0.15,49,16,25,0.3024
EMP_03017,Female,Product,Yes,3,4.3,8.92,60,4,22,0.4163
EMP_03018,Male,Product,Yes,5,2.1,9.21,62,13,27,0.4919
EMP_03019,Male,Product,No,2,1.9,7.33,63,8,4,0.3777
EMP_03020,Female,Product,No,5,4.5,4.67,38,3,12,0.583
EMP_03021,Male,Product,Yes,1,9.9,2.55,36,3,27,0.524
EMP_03022,Male,Product,Yes,3,6.1,7.44,38,5,22,0.4659
EMP_03023,Female,Service,Yes,5,6.6,9.32,55,11,8,0.6488
EMP_03024,Male,Product,Yes,4,5.2,1.59,31,13,7,0.4163
EMP_03025,Male,Service,No,1,7.0,4.66,34,2,18,0.4821
EMP_03026,Male,Product,Yes,1,9.6,3.15,31,6,5,0.5148
EMP_03027,Non-binary,Service,No,4,6.3,3.57,39,7,25,0.5896
EMP_03028,Female,Service,No,1,1.6,4.06,60,4,6,0.3439
EMP_03029,Female,Service,No,3,5.4,9.52,62,9,3,0.538
EMP_03030,Female,Service,Yes,5,9.9,2.59,35,18,16,0.5741
EMP_03031,Male,Product,Yes,1,4.5,4.93,43,14,16,0.328
EMP_03032,Male,Service,Yes,3,6.3,9.51,43,6,26,0.5691
EMP_03033,Female,Service,Yes,4,2.0,4.76,44,2,21,0.3751
EMP_03034,Male,Service,No,5,2.3,8.64,62,4,8,0.5364
EMP_03035,Male,Service,Yes,4,8.9,0.59,60,15,14,0.5688
EMP_03036,Male,Product,No,5,3.7,9.53,46,3,20,0.4724
EMP_03037,Male,Service,Yes,1,3.7,1.88,44,4,11,0.2605
EMP_03038,Non-binary,Product,Yes,1,4.5,9.8,49,4,22,0.2968
EMP_03039,Male,Service,No,5,9.7,1.76,50,15,25,0.7021
EMP_03040,Male,Product,Yes,3,1.8,4.44,58,11,27,0.3372
EMP_03041,Male,Service,Yes,3,8.4,3.09,38,17,15,0.4406
EMP_03042,Non-binary,Product,Yes,3,4.1,4.33,58,15,29,0.4304
EMP_03043,Male,Product,Yes,2,8.6,2.51,63,3,21,0.5525
EMP_03044,Male,Service,No,3,9.9,9.65,38,10,15,0.7
EMP_03045,Female,Service,Yes,1,4.1,3.06,59,4,21,0.3545
EMP_03046,Female,Service,Yes,2,2.2,6.53,46,13,21,0.2828
EMP_03047,Male,Product,Yes,3,2.3,1.37,33,2,23,0.281
EMP_03048,Male,Product,No,1,7.8,8.24,69,6,12,0.5766
EMP_03049,Male,Service,Yes,2,2.3,5.43,61,19,8,0.2502
EMP_03050,Male,Service,Yes,1,3.3,9.79,61,8,5,0.345
EMP_03051,Male,Service,Yes,5,2.8,4.23,36,6,28,0.4242
EMP_03052,Male,Product,Yes,1,4.2,1.95,67,14,18,0.3388
EMP_03053,Male,Service,Yes,2,1.7,3.46,61,8,11,0.2633
EMP_03054,Male,Product,Yes,3,8.7,7.37,34,6,19,0.4979
EMP_03055,Female,Product,Yes,2,8.7,6.59,32,12,25,0.4842
EMP_03056,Non-binary,Product,Yes,3,4.7,7.78,49,9,29,0.5128
EMP_03057,Female,Product,Yes,3,6.5,0.73,46,7,11,0.4122
EMP_03058,Male,Service,No,4,6.8,5.8,45,13,7,0.5419
EMP_03059,Male,Product,No,5,7.7,9.32,40,16,21,0.6058
EMP_03060,Non-binary,Product,Yes,4,5.7,1.08,42,8,17,0.5236
EMP_03061,Male,Product,Yes,2,5.6,0.94,47,14,12,0.3633
EMP_03062,Male,Product,No,4,6.7,7.17,43,16,6,0.4773
EMP_03063,Female,Service,No,3,7.3,3.15,63,6,26,0.5211
EMP_03064,Female,Product,Yes,2,4.1,6.59,41,4,14,0.3989
EMP_03065,Female,Product,No,4,4.0,5.45,51,4,16,0.4798
EMP_03066,Male,Service,Yes,1,3.4,9.86,50,3,17,0.3282
EMP_03067,Male,Service,Yes,5,5.9,8.89,55,10,21,0.6289
EMP_03068,Non-binary,Service,No,1,4.2,6.78,68,6,7,0.3604
EMP_03069,Male,Product,No,2,5.9,2.62,31,18,14,0.3066
EMP_03070,Female,Service,No,4,4.7,2.62,45,13,5,0.4614
EMP_03071,Female,Service,Yes,3,8.5,8.82,63,11,17,0.5687
EMP_03072,Female,Service,Yes,4,1.7,5.85,40,4,17,0.4393
EMP_03073,Male,Service,No,2,6.1,7.89,48,8,14,0.4698
EMP_03074,Male,Product,Yes,2,6.2,4.5,59,3,17,0.579
EMP_03075,Female,Service,Yes,2,4.5,1.03,36,12,8,0.2823
EMP_03076,Female,Product,Yes,2,4.8,3.33,56,13,19,0.4682
EMP_03077,Non-binary,Product,Yes,4,8.2,1.61,51,11,25,0.676
EMP_03078,Male,Product,Yes,1,3.5,7.82,46,9,17,0.3025
EMP_03079,Male,Product,No,3,8.8,7.01,44,4,17,0.6361
EMP_03080,Non-binary,Service,No,3,9.1,0.88,38,11,13,0.4245
EMP_03081,Female,Service,Yes,5,6.9,6.21,41,8,24,0.612
EMP_03082,Female,Service,No,2,8.0,8.74,37,18,14,0.4531
EMP_03083,Male,Service,Yes,2,6.5,6.97,31,3,24,0.47
EMP_03084,Female,Product,No,2,5.7,5.11,45,4,21,0.4708
EMP_03085,Female,Product,Yes,1,9.7,3.12,32,17,3,0.441
EMP_03086,Female,Service,No,2,3.5,8.87,60,16,18,0.3303
EMP_03087,Male,Service,No,5,2.4,4.23,55,7,13,0.4911
EMP_03088,Male,Product,Yes,5,3.6,8.55,31,2,3,0.4905
EMP_03089,Female,Service,Yes,1,6.5,7.83,59,5,25,0.4332
EMP_03090,Male,Product,No,2,2.7,8.16,42,1,6,0.4582
EMP_03091,Male,Product,Yes,4,9.2,9.9,66,13,8,0.6616
EMP_03092,Non-binary,Product,No,4,4.7,7.49,43,12,6,0.4524
EMP_03093,Male,Product,No,3,8.6,0.34,30,19,26,0.4715
EMP_03094,Female,Service,Yes,1,3.2,2.05,61,8,27,0.2963
EMP_03095,Male,Service,No,4,3.8,0.35,35,8,4,0.4235
EMP_03096,Female,Product,No,3,1.5,1.9,51,12,19,0.3322
EMP_03097,Non-binary,Service,No,5,3.3,0.61,40,4,3,0.4773
EMP_03098,Male,Service,Yes,3,5.4,5.02,52,7,15,0.5192
EMP_03099,Male,Product,Yes,2,9.5,0.28,43,16,14,0.5104
EMP_03100,Male,Product,Yes,2,4.5,4.73,43,18,25,0.2513
EMP_03101,Male,Service,No,5,6.8,8.99,49,6,4,0.6054
EMP_03102,Female,Service,No,1,4.8,7.49,36,18,21,0.3517
EMP_03103,Female,Service,No,2,1.4,9.44,48,4,14,0.3464
EMP_03104,Male,Product,Yes,2,5.5,2.27,55,9,6,0.3833
EMP_03105,Male,Service,Yes,3,1.6,5.31,51,13,27,0.3994
EMP_03106,Male,Product,No,3,9.0,3.19,35,19,28,0.4078
EMP_03107,Female,Product,No,3,7.8,4.94,42,12,20,0.4779
EMP_03108,Male,Product,No,4,4.4,5.57,39,16,28,0.3749
EMP_03109,Female,Product,No,5,6.8,0.36,48,5,4,0.6771
EMP_03110,Female,Product,No,1,2.0,2.33,60,2,3,0.2885
EMP_03111,Female,Product,No,3,7.3,7.05,39,3,26,0.5721
EMP_03112,Male,Product,No,1,8.4,7.73,66,13,15,0.4649
EMP_03113,Female,Service,Yes,3,8.4,5.69,42,7,26,0.5817
EMP_03114,Male,Product,No,2,3.6,2.71,46,13,7,0.2805
EMP_03115,Male,Product,No,1,3.4,4.05,34,16,21,0.1045
EMP_03116,Female,Product,Yes,4,5.7,0.96,50,14,3,0.4558
EMP_03117,Female,Product,Yes,3,9.7,9.53,68,18,4,0.6102
EMP_03118,Male,Service,Yes,5,9.3,8.69,49,13,16,0.789
EMP_03119,Male,Product,Yes,2,4.2,0.66,36,14,11,0.2814
EMP_03120,Male,Service,Yes,3,8.0,1.66,44,9,10,0.6136
EMP_03121,Male,Product,Yes,1,9.3,5.81,44,8,28,0.4293
EMP_03122,Male,Product,Yes,3,3.3,2.32,52,5,13,0.3602
EMP_03123,Male,Service,Yes,2,8.5,9.34,62,7,6,0.5899
EMP_03124,Male,Service,No,5,3.4,7.56,31,16,5,0.3558
EMP_03125,Female,Product,Yes,5,4.1,2.73,61,10,7,0.549
EMP_03126,Female,Service,Yes,5,2.8,0.06,44,3,26,0.456
EMP_03127,Female,Product,Yes,2,5.6,7.99,36,17,16,0.2935
EMP_03128,Male,Service,Yes,3,8.6,4.24,38,10,12,0.6957
EMP_03129,Non-binary,Service,Yes,2,5.8,6.42,57,11,8,0.4631
EMP_03130,Female,Service,No,2,2.1,2.87,51,10,12,0.1732
EMP_03131,Female,Service,No,3,3.3,1.43,32,18,13,0.2789
EMP_03132,Female,Product,Yes,4,6.1,6.75,31,1,22,0.6896
EMP_03133,Non-binary,Service,No,5,6.2,4.5,51,4,10,0.6824
EMP_03134,Male,Product,Yes,1,6.2,2.35,54,3,6,0.3984
EMP_03135,Male,Product,No,1,1.7,1.38,54,6,23,0.2179
EMP_03136,Female,Product,No,3,7.8,5.8,61,6,20,0.6724
EMP_03137,Female,Product,Yes,1,9.2,7.26,36,17,28,0.3866
EMP_03138,Female,Service,No,4,5.6,2.84,60,19,22,0.4613
EMP_03139,Male,Service,No,2,7.5,7.35,66,17,28,0.4609
EMP_03140,Male,Service,No,5,9.2,1.83,33,17,16,0.6215
EMP_03141,Male,Product,No,1,6.8,3.38,62,17,28,0.4327
EMP_03142,Female,Product,No,1,7.1,7.45,44,3,5,0.5529
EMP_03143,Female,Service,Yes,3,7.5,6.6,38,14,14,0.5422
EMP_03144,Male,Product,No,3,3.3,2.71,35,2,17,0.4582
EMP_03145,Male,Service,No,2,6.2,1.22,60,4,26,0.5846
EMP_03146,Male,Service,No,5,8.6,0.42,63,18,10,0.5716
EMP_03147,Female,Service,No,1,3.7,8.38,67,2,16,0.3943
EMP_03148,Female,Product,Yes,2,9.1,0.75,42,12,25,0.4528
EMP_03149,Female,Service,Yes,5,6.6,1.15,65,15,8,0.6041
EMP_03150,Male,Product,Yes,2,4.8,2.38,61,13,27,0.3536
EMP_03151,Female,Service,Yes,1,6.6,4.46,51,11,16,0.3867
EMP_03152,Male,Product,Yes,3,4.6,7.9,58,7,6,0.553
EMP_03153,Female,Product,No,3,8.5,2.47,40,9,22,0.5804
EMP_03154,Male,Product,No,3,5.3,5.44,35,15,8,0.3548
EMP_03155,Male,Service,No,4,9.1,0.9,34,3,18,0.6869
EMP_03156,Female,Product,Yes,2,5.6,4.65,30,10,19,0.3763
EMP_03157,Non-binary,Product,No,1,6.9,1.78,68,8,4,0.4913
EMP_03158,Male,Product,No,2,10.0,2.11,39,6,20,0.6151
EMP_03159,Female,Service,No,3,2.3,3.67,39,14,15,0.1464
EMP_03160,Male,Service,Yes,2,7.6,7.61,53,6,28,0.516
EMP_03161,Male,Service,Yes,5,2.2,7.44,36,19,22,0.2877
EMP_03162,Male,Service,No,2,8.5,4.15,51,9,18,0.5475
EMP_03163,Male,Product,Yes,4,6.4,1.19,50,9,23,0.5795
EMP_03164,Male,Product,No,4,9.4,2.81,51,16,15,0.592
EMP_03165,Male,Service,No,3,8.8,5.05,62,13,16,0.5676
EMP_03166,Male,Product,No,1,1.7,8.69,54,13,20,0.1197
EMP_03167,Female,Product,No,5,2.2,9.68,60,12,10,0.4986
EMP_03168,Male,Product,No,1,6.4,6.37,45,2,7,0.4043
EMP_03169,Female,Product,No,1,5.7,3.51,44,4,26,0.4143
EMP_03170,Male,Product,Yes,5,2.5,6.93,58,7,11,0.4652
EMP_03171,Female,Product,Yes,4,2.2,3.36,48,19,17,0.3279
EMP_03172,Male,Product,Yes,3,6.1,6.25,46,3,29,0.5638
EMP_03173,Male,Product,Yes,2,1.4,2.44,55,11,11,0.1587
EMP_03174,Male,Product,Yes,4,8.9,2.67,65,19,22,0.6587
EMP_03175,Male,Product,Yes,3,8.3,0.75,65,14,12,0.5844
EMP_03176,Male,Product,No,4,8.1,4.2,64,17,20,0.6594
EMP_03177,Female,Service,Yes,5,1.1,6.18,69,5,16,0.4287
EMP_03178,Female,Product,Yes,1,1.4,7.89,52,14,29,0.1419
EMP_03179,Female,Service,No,5,5.9,8.1,38,7,20,0.5732
EMP_03180,Female,Service,No,2,9.9,9.92,63,12,18,0.6407
EMP_03181,Male,Service,No,5,4.1,0.88,47,17,7,0.4108
EMP_03182,Male,Product,No,1,4.1,4.93,45,18,12,0.137
EMP_03183,Male,Product,Yes,4,2.2,5.21,61,1,22,0.5075
EMP_03184,Male,Product,Yes,3,7.1,8.05,57,11,8,0.551
EMP_03185,Male,Service,Yes,2,6.8,2.66,61,4,11,0.5199
EMP_03186,Male,Product,Yes,4,1.9,0.69,47,12,25,0.326
EMP_03187,Male,Service,Yes,3,5.2,3.14,63,5,18,0.538
EMP_03188,Male,Service,No,1,7.0,9.84,58,15,13,0.437
EMP_03189,Female,Product,Yes,5,5.4,8.99,50,3,22,0.5974
EMP_03190,Female,Product,Yes,4,7.1,3.95,30,15,25,0.4085
EMP_03191,Male,Service,Yes,3,8.3,8.76,45,8,20,0.6496
EMP_03192,Female,Product,No,3,7.2,0.33,62,11,7,0.4888
EMP_03193,Non-binary,Product,Yes,5,6.5,3.14,50,12,29,0.5205
EMP_03194,Male,Service,Yes,4,8.7,7.27,64,3,11,0.7607
EMP_03195,Male,Product,Yes,4,9.1,2.21,56,6,13,0.7212
EMP_03196,Male,Service,Yes,1,4.5,1.98,49,8,11,0.3883
EMP_03197,Non-binary,Service,Yes,4,2.6,8.62,60,7,6,0.4359
EMP_03198,Female,Service,Yes,5,8.4,6.16,45,17,10,0.5852
EMP_03199,Male,Product,Yes,4,2.9,9.89,43,16,7,0.3867
EMP_03200,Male,Product,No,1,9.4,1.35,61,17,5,0.5131
EMP_03201,Female,Product,Yes,3,1.2,3.56,61,13,24,0.2691
EMP_03202,Male,Product,No,4,9.3,3.11,31,4,6,0.6845
EMP_03203,Male,Product,Yes,5,6.3,8.8,51,10,18,0.5978
EMP_03204,Female,Product,Yes,4,8.0,2.55,66,16,15,0.6113
EMP_03205,Female,Product,Yes,2,4.6,3.53,46,19,5,0.2256
EMP_03206,Female,Product,Yes,1,9.9,1.43,61,7,6,0.6025
EMP_03207,Female,Service,Yes,3,3.0,7.75,67,18,3,0.399
EMP_03208,Female,Product,Yes,2,3.4,2.38,46,13,28,0.2943
EMP_03209,Male,Product,No,5,1.5,0.68,63,4,10,0.3772
EMP_03210,Female,Service,No,4,9.5,4.35,36,18,11,0.5502
EMP_03211,Male,Service,No,1,5.1,3.91,58,16,24,0.3414
EMP_03212,Female,Product,Yes,4,7.1,1.78,46,18,7,0.449
EMP_03213,Male,Product,No,4,7.2,1.34,53,16,14,0.5873
EMP_03214,Female,Service,Yes,4,8.9,8.97,37,9,11,0.7626
EMP_03215,Male,Service,No,4,7.0,0.68,52,2,6,0.5801
EMP_03216,Male,Service,Yes,1,6.1,0.99,62,6,19,0.4693
EMP_03217,Male,Service,Yes,2,7.4,2.45,58,6,14,0.529
EMP_03218,Male,Product,No,5,7.8,9.53,48,6,15,0.7375
EMP_03219,Female,Product,No,2,2.7,0.85,34,14,13,0.1974
EMP_03220,Female,Product,Yes,1,2.0,8.16,66,11,25,0.2797
EMP_03221,Male,Service,Yes,5,1.7,8.92,52,17,19,0.3685
EMP_03222,Male,Service,Yes,3,4.4,3.78,55,4,17,0.5074
EMP_03223,Male,Service,No,2,5.5,2.94,53,4,11,0.389
EMP_03224,Male,Product,Yes,1,6.5,6.77,50,19,6,0.3136
EMP_03225,Male,Product,No,1,9.6,7.03,62,16,14,0.5383
EMP_03226,Female,Product,Yes,1,4.0,7.8,55,8,5,0.3279
EMP_03227,Male,Service,Yes,5,7.8,8.31,39,19,22,0.6383
EMP_03228,Male,Service,No,4,5.8,2.68,58,1,19,0.6413
EMP_03229,Male,Product,Yes,3,3.0,6.87,64,4,24,0.4175
EMP_03230,Male,Product,Yes,5,6.5,1.35,57,12,9,0.5803
EMP_03231,Male,Product,Yes,5,9.7,5.11,41,19,9,0.6789
EMP_03232,Female,Product,No,2,2.1,6.13,36,2,23,0.3281
EMP_03233,Male,Service,No,3,5.6,1.62,45,6,28,0.4645
EMP_03234,Male,Product,No,1,1.5,0.77,49,3,14,0.2301
EMP_03235,Male,Service,No,5,3.9,1.95,58,3,28,0.6263
EMP_03236,Male,Service,No,3,6.6,4.21,64,1,23,0.5566
EMP_03237,Male,Service,Yes,2,8.6,8.88,57,9,24,0.6879
EMP_03238,Non-binary,Product,Yes,4,7.6,5.32,36,7,12,0.5982
EMP_03239,Female,Service,No,3,5.2,7.48,51,9,10,0.5695
EMP_03240,Female,Product,No,1,9.2,1.74,43,1,11,0.5478
EMP_03241,Male,Product,Yes,5,3.7,1.06,65,8,16,0.6599
EMP_03242,Male,Product,Yes,4,7.8,2.4,39,18,8,0.4678
EMP_03243,Male,Product,Yes,2,5.3,3.14,31,3,21,0.4037
EMP_03244,Female,Product,Yes,1,9.1,5.48,51,17,24,0.5046
EMP_03245,Female,Product,Yes,4,8.2,8.81,45,7,17,0.6991
EMP_03246,Male,Service,No,2,9.1,4.26,64,11,22,0.5503
EMP_03247,Male,Product,Yes,1,2.9,5.19,69,5,22,0.2918
EMP_03248,Male,Service,No,5,7.0,0.05,40,13,29,0.5043
EMP_03249,Female,Service,No,2,7.6,0.33,62,11,29,0.4919
EMP_03250,Female,Product,No,4,7.7,0.84,63,3,9,0.6708
EMP_03251,Male,Service,Yes,1,5.5,6.99,62,13,24,0.3992
EMP_03252,Male,Product,Yes,3,1.1,4.86,48,6,26,0.3553
EMP_03253,Female,Product,Yes,1,3.4,1.93,49,15,29,0.2191
EMP_03254,Male,Product,Yes,4,3.9,5.93,39,2,10,0.393
EMP_03255,Male,Service,Yes,4,8.7,5.45,48,2,5,0.7573
EMP_03256,Male,Product,No,3,8.6,0.89,41,14,13,0.5684
EMP_03257,Female,Service,Yes,4,1.9,6.4,39,2,6,0.4316
EMP_03258,Male,Product,No,1,9.5,7.67,36,5,4,0.5299
EMP_03259,Male,Service,No,2,2.6,2.87,69,16,3,0.3129
EMP_03260,Female,Product,No,1,4.7,6.87,40,8,9,0.3933
EMP_03261,Male,Service,No,4,2.9,2.0,45,8,26,0.3433
EMP_03262,Male,Service,Yes,3,8.7,7.57,62,11,14,0.6105
EMP_03263,Male,Service,No,3,7.7,9.12,67,13,10,0.5781
EMP_03264,Male,Service,Yes,5,4.2,4.42,46,15,15,0.4064
EMP_03265,Female,Service,No,3,7.1,2.45,54,4,8,0.7121
EMP_03266,Male,Product,Yes,3,2.7,3.99,60,8,9,0.4042
EMP_03267,Male,Product,Yes,4,4.4,2.5,30,16,26,0.2965
EMP_03268,Female,Product,Yes,2,4.4,0.01,68,16,22,0.2832
EMP_03269,Female,Product,Yes,2,3.1,6.5,49,10,26,0.372
EMP_03270,Female,Product,Yes,4,8.9,0.43,38,2,8,0.7138
EMP_03271,Male,Product,Yes,3,7.1,2.1,31,18,14,0.4434
EMP_03272,Male,Product,No,1,3.5,7.22,30,16,9,0.2891
EMP_03273,Female,Service,Yes,2,3.2,6.66,68,4,12,0.418
EMP_03274,Male,Product,Yes,4,1.2,0.73,34,19,9,0.1381
EMP_03275,Female,Service,Yes,1,4.1,6.6,41,8,26,0.4411
EMP_03276,Female,Product,Yes,3,5.7,9.31,43,8,29,0.4647
EMP_03277,Female,Service,Yes,4,3.5,0.75,68,14,17,0.4684
EMP_03278,Male,Service,No,2,7.3,4.16,61,16,23,0.43
EMP_03279,Male,Product,Yes,1,4.7,7.29,69,6,4,0.4943
EMP_03280,Female,Product,Yes,1,3.8,6.68,38,18,10,0.1482
EMP_03281,Male,Product,Yes,2,9.5,2.27,62,8,19,0.7437
EMP_03282,Male,Product,Yes,1,3.4,1.63,54,19,18,0.2252
EMP_03283,Female,Service,Yes,2,4.6,7.84,67,4,15,0.4328
EMP_03284,Female,Service,No,4,4.4,9.56,43,4,20,0.4241
EMP_03285,Male,Product,Yes,5,3.2,7.68,38,7,23,0.4785
EMP_03286,Male,Product,Yes,3,3.0,9.63,56,8,6,0.4868
EMP_03287,Male,Product,No,4,3.7,6.05,48,9,14,0.4332
EMP_03288,Female,Product,Yes,3,8.8,9.29,54,1,13,0.7764
EMP_03289,Female,Service,No,3,7.9,6.9,61,17,4,0.5036
EMP_03290,Male,Product,Yes,2,7.1,9.09,51,7,22,0.5737
EMP_03291,Male,Product,Yes,5,5.1,1.62,58,10,25,0.5438
EMP_03292,Female,Product,No,3,5.6,8.16,57,1,23,0.6223
EMP_03293,Male,Product,Yes,3,3.4,1.97,42,18,18,0.2387
EMP_03294,Male,Service,No,4,1.7,0.27,57,14,15,0.2997
EMP_03295,Non-binary,Product,Yes,5,4.0,5.18,32,19,6,0.316
EMP_03296,Male,Service,No,5,5.5,3.18,59,18,4,0.5804
EMP_03297,Female,Service,No,3,1.5,0.44,40,13,20,0.2041
EMP_03298,Male,Product,No,5,1.8,9.8,31,7,3,0.3935
EMP_03299,Male,Product,No,4,3.4,6.66,38,2,28,0.4484
EMP_03300,Female,Service,No,2,4.3,9.02,62,7,24,0.4834
EMP_03301,Male,Service,Yes,3,4.5,9.99,55,10,8,0.3627
EMP_03302,Non-binary,Service,Yes,1,2.1,3.92,45,17,22,0.0925
EMP_03303,Female,Product,Yes,3,3.0,2.55,54,5,27,0.475
EMP_03304,Male,Service,Yes,3,3.4,1.84,30,9,22,0.3266
EMP_03305,Male,Product,No,2,1.6,5.15,50,4,21,0.2827
EMP_03306,Male,Service,Yes,1,3.9,6.06,49,15,29,0.3135
EMP_03307,Male,Service,Yes,1,1.6,4.72,34,14,12,0.1426
EMP_03308,Male,Product,No,1,7.3,3.87,46,18,11,0.4268
EMP_03309,Male,Service,Yes,2,4.5,1.68,69,10,19,0.3866
EMP_03310,Male,Product,Yes,5,3.9,4.42,67,16,17,0.4656
EMP_03311,Female,Service,Yes,1,2.1,0.85,30,10,4,0.0798
EMP_03312,Female,Product,Yes,5,3.0,8.65,42,9,19,0.5302
EMP_03313,Female,Service,No,4,3.1,0.47,47,16,9,0.3933
EMP_03314,Male,Product,Yes,2,9.9,3.81,33,5,18,0.6128
EMP_03315,Male,Service,Yes,5,8.5,1.0,43,19,19,0.5236
EMP_03316,Female,Product,No,1,1.1,7.75,34,1,29,0.163
EMP_03317,Male,Product,Yes,1,6.6,3.13,62,1,29,0.5557
EMP_03318,Male,Product,No,5,3.3,1.13,55,5,3,0.5261
EMP_03319,Female,Service,No,5,1.9,5.31,33,7,24,0.3549
EMP_03320,Female,Product,Yes,4,7.4,9.16,59,15,24,0.6393
EMP_03321,Male,Service,Yes,2,2.2,9.09,46,11,29,0.386
EMP_03322,Male,Product,Yes,3,5.0,2.5,57,12,18,0.4226
EMP_03323,Female,Service,No,4,6.7,7.2,35,17,23,0.476
EMP_03324,Female,Product,Yes,4,6.0,0.3,56,17,6,0.5209
EMP_03325,Female,Product,Yes,4,9.8,1.32,65,17,18,0.7208
EMP_03326,Female,Product,No,1,8.1,4.99,36,4,26,0.4828
EMP_03327,Female,Product,Yes,5,8.0,2.29,30,2,5,0.5697
EMP_03328,Male,Product,Yes,2,4.2,7.98,39,10,3,0.406
EMP_03329,Male,Product,No,1,1.1,9.31,42,5,19,0.2032
EMP_03330,Female,Service,Yes,4,7.6,0.04,61,10,7,0.6282
EMP_03331,Female,Service,No,2,10.0,2.33,43,10,5,0.6199
EMP_03332,Female,Service,No,1,4.7,4.4,62,11,21,0.3969
EMP_03333,Male,Product,Yes,3,9.9,5.63,59,10,13,0.6821
EMP_03334,Male,Service,No,4,2.3,9.16,38,11,17,0.3711
EMP_03335,Female,Product,Yes,1,3.7,8.92,35,6,4,0.2713
EMP_03336,Female,Service,No,1,2.5,6.37,39,10,27,0.2382
EMP_03337,Female,Product,Yes,4,5.3,2.57,40,8,29,0.4301
EMP_03338,Female,Product,Yes,3,8.2,7.83,68,11,24,0.6832
EMP_03339,Female,Product,Yes,5,4.1,2.03,49,19,9,0.4678
EMP_03340,Female,Service,Yes,3,9.2,9.65,54,7,20,0.6788
EMP_03341,Female,Product,No,4,5.9,0.06,41,12,29,0.4285
EMP_03342,Female,Service,No,5,5.2,5.7,51,6,3,0.5099
EMP_03343,Female,Product,No,1,8.1,0.88,41,12,10,0.3654
EMP_03344,Male,Service,Yes,3,1.9,4.08,43,5,18,0.3044
EMP_03345,Male,Service,Yes,3,8.0,6.35,65,13,28,0.6025
EMP_03346,Female,Product,No,5,3.2,6.9,43,17,17,0.3681
EMP_03347,Male,Product,Yes,1,3.5,7.86,31,9,6,0.3026
EMP_03348,Male,Service,No,3,6.4,5.93,31,17,15,0.4699
EMP_03349,Male,Product,No,5,9.1,2.51,35,19,27,0.5881
EMP_03350,Male,Product,Yes,3,6.2,8.89,54,19,14,0.3936
EMP_03351,Male,Service,No,1,6.8,8.11,32,8,11,0.2903
EMP_03352,Male,Service,No,1,8.0,1.6,52,8,15,0.4744
EMP_03353,Female,Product,No,2,3.3,8.27,38,15,13,0.2557
EMP_03354,Male,Service,Yes,5,8.4,9.73,60,7,14,0.7169
EMP_03355,Male,Product,Yes,4,4.8,6.37,57,6,6,0.539
EMP_03356,Male,Product,Yes,3,2.6,2.82,54,16,28,0.4272
EMP_03357,Female,Service,Yes,1,4.2,6.07,64,8,5,0.4732
EMP_03358,Male,Product,Yes,3,3.2,3.43,30,3,7,0.4529
EMP_03359,Female,Product,No,3,3.1,6.76,31,10,8,0.3051
EMP_03360,Female,Service,No,4,3.5,5.45,44,10,28,0.41
EMP_03361,Female,Service,Yes,1,2.6,9.29,69,19,6,0.3137
EMP_03362,Male,Service,Yes,2,7.0,6.18,45,2,3,0.5388
EMP_03363,Female,Service,No,5,6.2,2.14,52,9,25,0.6243
EMP_03364,Male,Service,Yes,3,6.8,7.25,64,1,7,0.5864
EMP_03365,Non-binary,Product,No,4,4.1,3.01,37,10,4,0.435
EMP_03366,Female,Product,No,4,7.9,2.72,36,18,16,0.4215
EMP_03367,Male,Service,No,5,2.2,3.92,50,1,13,0.3856
EMP_03368,Male,Product,No,5,6.1,0.12,64,12,11,0.5715
EMP_03369,Male,Service,No,1,3.5,9.69,68,5,10,0.4597
EMP_03370,Female,Service,Yes,3,5.7,5.32,66,11,28,0.5388
EMP_03371,Male,Product,Yes,3,3.9,7.73,62,14,9,0.4175
EMP_03372,Female,Service,Yes,5,8.1,2.58,66,15,17,0.562
EMP_03373,Male,Product,Yes,2,9.0,7.47,64,2,11,0.5999
EMP_03374,Female,Product,No,3,7.7,5.67,47,4,12,0.5868
EMP_03375,Female,Service,Yes,4,2.6,4.24,48,19,20,0.3041
EMP_03376,Female,Product,No,5,3.5,9.71,39,13,21,0.4584
EMP_03377,Female,Product,Yes,3,9.3,4.94,33,19,27,0.5886
EMP_03378,Male,Product,Yes,1,4.9,6.57,59,13,24,0.3655
EMP_03379,Male,Service,No,5,9.5,0.15,62,12,4,0.788
EMP_03380,Female,Service,Yes,4,4.5,3.01,33,2,24,0.445
EMP_03381,Male,Service,No,1,9.6,8.89,38,5,16,0.4491
EMP_03382,Male,Service,No,5,9.3,7.59,46,18,23,0.7153
EMP_03383,Male,Product,Yes,5,6.9,5.37,68,19,12,0.6766
EMP_03384,Male,Service,Yes,3,1.1,9.0,53,3,7,0.4562
EMP_03385,Male,Service,Yes,1,4.6,4.86,68,4,7,0.388
EMP_03386,Female,Product,No,5,9.2,5.67,42,18,4,0.6048
EMP_03387,Male,Product,No,4,9.0,3.82,55,12,24,0.6241
EMP_03388,Female,Service,Yes,1,2.7,6.2,48,3,15,0.3406
EMP_03389,Male,Service,No,3,4.6,3.19,46,11,9,0.3558
EMP_03390,Female,Service,Yes,2,8.5,3.85,59,14,27,0.5445
EMP_03391,Male,Service,No,5,6.2,9.66,55,3,23,0.7428
EMP_03392,Female,Product,No,2,8.6,1.11,42,5,29,0.5721
EMP_03393,Female,Service,No,5,8.4,1.05,47,7,17,0.6272
EMP_03394,Male,Product,No,3,9.2,0.43,50,17,29,0.5827
EMP_03395,Female,Product,Yes,3,2.1,3.2,63,19,23,0.2937
EMP_03396,Non-binary,Service,No,3,2.3,3.98,38,3,17,0.3271
EMP_03397,Female,Product,Yes,3,1.7,0.95,59,1,27,0.444
EMP_03398,Female,Service,No,1,9.4,5.49,58,8,8,0.5723
EMP_03399,Male,Product,Yes,1,5.3,5.83,58,5,9,0.5017
EMP_03400,Female,Product,No,5,1.6,7.51,48,3,6,0.5319
EMP_03401,Male,Product,No,1,3.9,9.76,37,17,6,0.274
EMP_03402,Male,Product,No,5,4.2,6.19,46,13,3,0.4871
EMP_03403,Non-binary,Product,Yes,1,8.3,1.12,41,13,13,0.3364
EMP_03404,Male,Product,No,1,7.6,0.89,44,4,7,0.3854
EMP_03405,Female,Service,No,1,7.2,7.78,34,18,4,0.4719
EMP_03406,Female,Product,No,4,1.2,6.5,63,6,7,0.4547
EMP_03407,Female,Product,Yes,3,9.2,1.62,32,2,7,0.6739
EMP_03408,Non-binary,Service,Yes,4,2.9,2.53,34,15,22,0.321
EMP_03409,Male,Service,Yes,1,6.7,7.5,63,2,15,0.5308
EMP_03410,Male,Product,Yes,1,1.6,5.66,38,16,14,0.1387
EMP_03411,Male,Service,Yes,4,1.7,5.85,53,11,12,0.3854
EMP_03412,Male,Service,Yes,5,1.1,2.1,34,17,15,0.2749
EMP_03413,Male,Product,Yes,3,6.1,6.29,56,1,11,0.6734
EMP_03414,Male,Product,Yes,5,6.7,7.71,49,13,7,0.6505
EMP_03415,Female,Service,Yes,3,1.5,8.85,31,8,8,0.3119
EMP_03416,Female,Service,No,2,3.6,7.37,52,3,19,0.4632
EMP_03417,Male,Service,Yes,3,8.7,5.76,63,14,7,0.658
EMP_03418,Female,Product,Yes,5,1.9,6.73,58,14,27,0.4461
EMP_03419,Male,Product,Yes,3,2.9,4.85,64,14,13,0.4056
EMP_03420,Male,Service,No,2,4.8,2.27,59,19,8,0.3679
EMP_03421,Female,Product,No,2,8.6,8.82,32,11,11,0.5399
EMP_03422,Female,Product,Yes,1,3.3,5.33,39,12,14,0.2343
EMP_03423,Female,Service,Yes,2,10.0,5.94,63,1,6,0.7574
EMP_03424,Male,Product,No,4,4.2,9.9,30,1,20,0.4565
EMP_03425,Female,Service,Yes,5,4.5,9.85,35,14,17,0.49
EMP_03426,Female,Service,Yes,4,2.1,5.86,35,18,27,0.2805
EMP_03427,Female,Product,Yes,4,7.1,0.34,45,2,6,0.6427
EMP_03428,Female,Service,Yes,5,3.2,3.96,30,4,16,0.4254
EMP_03429,Female,Product,No,4,6.7,9.37,34,18,29,0.4554
EMP_03430,Female,Service,Yes,4,3.0,2.88,54,4,20,0.4258
EMP_03431,Female,Product,No,4,4.5,9.99,56,17,19,0.5043
EMP_03432,Non-binary,Product,No,2,8.7,0.84,67,16,4,0.4411
EMP_03433,Female,Service,Yes,5,7.7,5.68,55,16,23,0.5835
EMP_03434,Male,Product,Yes,5,2.4,5.15,45,9,21,0.3395
EMP_03435,Female,Service,Yes,5,6.5,2.55,55,10,24,0.576
EMP_03436,Male,Product,Yes,4,6.7,9.49,66,7,16,0.6686
EMP_03437,Male,Product,Yes,2,1.8,6.19,57,9,6,0.3684
EMP_03438,Female,Product,No,5,5.2,2.3,57,16,4,0.5815
EMP_03439,Female,Product,Yes,3,3.3,3.84,59,17,15,0.2762
EMP_03440,Female,Product,No,5,5.2,7.21,42,16,9,0.4803
EMP_03441,Male,Service,Yes,1,8.0,2.98,54,16,29,0.443
EMP_03442,Male,Service,No,3,2.4,8.8,48,19,24,0.2746
EMP_03443,Male,Service,No,5,2.1,1.66,42,10,10,0.3485
EMP_03444,Non-binary,Service,Yes,4,3.4,2.65,40,2,12,0.3681
EMP_03445,Non-binary,Product,Yes,5,9.6,1.45,52,3,23,0.7191
EMP_03446,Female,Service,Yes,2,7.7,1.04,43,7,5,0.5512
EMP_03447,Female,Product,Yes,2,1.2,3.0,39,2,6,0.3237
EMP_03448,Female,Service,Yes,5,4.6,9.99,63,13,23,0.7137
EMP_03449,Female,Product,Yes,4,3.3,0.94,69,4,23,0.5572
EMP_03450,Male,Service,Yes,4,6.7,2.13,52,15,8,0.4678
EMP_03451,Male,Service,No,4,5.1,2.72,69,18,27,0.5068
EMP_03452,Female,Service,Yes,5,9.7,6.19,50,7,22,0.7968
EMP_03453,Female,Service,Yes,5,3.0,7.45,49,18,9,0.4507
EMP_03454,Male,Service,Yes,1,6.3,7.52,61,7,9,0.4661
EMP_03455,Non-binary,Service,Yes,2,7.3,0.09,43,9,24,0.4354
EMP_03456,Male,Product,Yes,3,8.4,6.52,53,12,19,0.6124
EMP_03457,Male,Product,No,3,4.7,6.31,47,1,27,0.4665
EMP_03458,Female,Product,Yes,2,7.2,5.18,59,2,8,0.6349
EMP_03459,Female,Product,Yes,1,3.7,3.79,57,18,21,0.1939
EMP_03460,Female,Product,Yes,2,4.9,7.97,43,14,29,0.3018
EMP_03461,Male,Product,Yes,1,9.1,3.44,50,6,20,0.5167
EMP_03462,Male,Product,Yes,1,9.5,2.3,63,11,14,0.5725
EMP_03463,Female,Service,No,4,7.5,3.1,34,19,21,0.5193
EMP_03464,Female,Service,Yes,2,4.4,4.4,60,8,13,0.4413
EMP_03465,Male,Product,Yes,3,8.4,2.14,32,5,19,0.5243
EMP_03466,Female,Product,No,5,1.2,6.08,52,7,5,0.4266
EMP_03467,Male,Product,Yes,5,1.9,8.84,68,4,17,0.5287
EMP_03468,Female,Product,Yes,2,7.0,5.95,59,15,7,0.5258
EMP_03469,Female,Service,No,5,3.6,4.47,59,1,6,0.6003
EMP_03470,Male,Product,Yes,1,9.6,7.97,65,5,28,0.7064
EMP_03471,Male,Service,No,5,4.9,7.48,67,17,3,0.5943
EMP_03472,Female,Service,Yes,1,4.9,3.67,36,13,23,0.2585
EMP_03473,Female,Service,Yes,1,7.1,6.04,34,17,5,0.3298
EMP_03474,Female,Product,Yes,3,7.9,7.3,35,19,12,0.4669
EMP_03475,Female,Service,Yes,5,5.3,2.45,43,4,29,0.5708
EMP_03476,Female,Product,Yes,3,2.9,3.66,40,17,15,0.3101
EMP_03477,Non-binary,Product,Yes,5,8.0,1.06,66,12,9,0.6995
EMP_03478,Male,Product,No,1,3.9,9.88,31,18,16,0.1869
EMP_03479,Male,Product,No,5,2.6,0.86,60,11,28,0.5535
EMP_03480,Male,Product,Yes,3,6.7,1.69,56,4,29,0.5746
EMP_03481,Male,Product,Yes,4,1.8,4.8,45,12,15,0.2915
EMP_03482,Female,Service,No,3,9.7,8.65,31,9,26,0.6419
EMP_03483,Male,Service,No,4,6.7,3.56,55,18,23,0.4576
EMP_03484,Female,Product,Yes,2,9.9,7.69,45,9,28,0.6209
EMP_03485,Female,Product,No,3,4.1,6.76,38,1,26,0.4578
EMP_03486,Female,Service,Yes,5,9.7,6.39,38,6,24,0.7455
EMP_03487,Male,Product,Yes,4,2.3,8.45,34,19,24,0.2506
EMP_03488,Male,Service,Yes,5,1.4,0.14,65,1,7,0.4878
EMP_03489,Male,Service,No,4,1.3,9.29,36,8,13,0.3466
EMP_03490,Male,Product,No,3,5.2,8.29,61,6,28,0.5422
EMP_03491,Male,Product,No,3,1.7,9.38,58,4,24,0.5089
EMP_03492,Female,Product,Yes,5,5.6,7.94,66,3,16,0.6678
EMP_03493,Female,Product,No,3,3.9,8.79,32,13,3,0.3617
EMP_03494,Female,Product,Yes,5,4.0,2.03,59,2,26,0.5176
EMP_03495,Female,Service,Yes,1,6.7,3.19,69,13,7,0.3367
EMP_03496,Male,Product,Yes,4,2.5,3.15,60,15,26,0.3628
EMP_03497,Female,Product,Yes,5,7.9,1.09,56,8,5,0.7474
EMP_03498,Female,Service,No,4,6.2,7.3,35,12,28,0.4378
EMP_03499,Male,Product,Yes,1,9.2,1.36,58,8,24,0.5722
EMP_03500,Female,Product,No,4,4.3,0.53,38,19,3,0.3965
EMP_03501,Male,Product,Yes,5,9.8,7.75,49,9,19,0.835
EMP_03502,Female,Product,Yes,3,6.2,9.05,40,10,22,0.5257
EMP_03503,Non-binary,Service,No,4,9.8,7.64,48,7,14,0.6859
EMP_03504,Male,Product,Yes,4,1.2,8.25,68,10,28,0.3606
EMP_03505,Female,Service,No,1,7.6,5.96,39,3,15,0.3885
EMP_03506,Female,Product,No,2,8.3,8.88,34,2,8,0.6647
EMP_03507,Non-binary,Product,Yes,3,1.5,4.97,68,7,5,0.4312
EMP_03508,Male,Product,No,5,6.2,9.88,52,10,13,0.6653
EMP_03509,Female,Service,Yes,1,8.2,1.03,35,8,13,0.3061
EMP_03510,Male,Product,No,5,6.0,8.09,60,12,23,0.654
EMP_03511,Male,Product,Yes,5,1.6,6.41,47,17,12,0.3675
EMP_03512,Male,Service,Yes,4,7.2,5.81,50,9,13,0.6174
EMP_03513,Non-binary,Product,Yes,1,1.5,7.26,44,3,18,0.2406
EMP_03514,Female,Product,Yes,1,8.4,8.4,60,4,22,0.5926
EMP_03515,Female,Service,No,3,1.4,8.63,39,7,12,0.2664
EMP_03516,Non-binary,Product,No,2,2.2,1.75,35,18,14,0.1634
EMP_03517,Male,Service,No,5,3.5,1.97,53,17,21,0.3611
EMP_03518,Male,Product,Yes,3,6.7,0.16,62,3,11,0.632
EMP_03519,Male,Service,No,3,9.8,1.32,57,3,6,0.7392
EMP_03520,Male,Service,Yes,5,2.1,2.64,57,13,28,0.4531
EMP_03521,Male,Product,Yes,4,2.3,7.21,39,17,17,0.2409
EMP_03522,Male,Service,Yes,4,4.3,4.76,52,18,25,0.417
EMP_03523,Male,Service,Yes,5,8.5,7.58,44,19,23,0.6517
EMP_03524,Male,Product,No,1,5.2,4.87,66,17,9,0.3874
EMP_03525,Male,Product,Yes,2,3.9,5.56,43,16,7,0.3791
EMP_03526,Male,Service,Yes,4,6.1,1.11,43,16,21,0.4035
EMP_03527,Non-binary,Service,No,2,3.3,7.77,36,1,24,0.3634
EMP_03528,Female,Product,No,3,4.6,7.58,65,14,27,0.4842
EMP_03529,Non-binary,Service,No,3,4.0,3.08,47,15,17,0.3579
EMP_03530,Male,Product,Yes,5,8.2,3.29,44,4,8,0.7405
EMP_03531,Male,Service,No,5,9.3,2.2,62,11,22,0.6407
EMP_03532,Female,Service,Yes,5,7.8,8.14,51,18,17,0.6034
EMP_03533,Male,Service,Yes,4,5.0,7.47,46,17,19,0.4308
EMP_03534,Male,Product,No,2,5.5,6.09,55,9,21,0.4887
EMP_03535,Male,Service,No,3,2.1,2.39,44,14,5,0.3284
EMP_03536,Male,Product,No,2,7.7,1.72,69,3,20,0.6175
EMP_03537,Male,Product,Yes,4,6.4,0.5,47,4,12,0.668
EMP_03538,Male,Product,No,2,9.1,0.46,37,16,17,0.4466
EMP_03539,Female,Service,No,2,2.8,1.87,32,12,20,0.1925
EMP_03540,Male,Product,Yes,5,7.8,1.01,43,8,26,0.7145
EMP_03541,Male,Product,Yes,2,7.2,5.56,63,9,17,0.5298
EMP_03542,Female,Service,No,2,3.4,3.58,62,11,26,0.3183
EMP_03543,Male,Service,Yes,2,7.0,4.45,66,5,21,0.6154
EMP_03544,Male,Service,No,1,9.3,5.94,30,12,22,0.4157
EMP_03545,Female,Service,Yes,3,9.3,6.59,64,2,7,0.7652
EMP_03546,Male,Product,No,3,7.5,6.48,39,11,13,0.5865
EMP_03547,Male,Service,No,2,1.4,2.61,48,11,11,0.2278
EMP_03548,Male,Service,Yes,5,8.9,8.1,40,1,7,0.8319
EMP_03549,Male,Product,No,5,6.9,9.18,64,17,13,0.658
EMP_03550,Female,Product,Yes,5,3.8,3.16,31,17,24,0.3013
EMP_03551,Female,Product,Yes,3,2.7,0.17,32,4,9,0.3705
EMP_03552,Male,Product,Yes,4,2.0,8.99,44,14,29,0.4316
EMP_03553,Female,Service,Yes,2,1.5,9.24,57,5,4,0.3723
EMP_03554,Male,Service,No,3,7.8,0.51,31,4,22,0.5098
EMP_03555,Male,Service,No,5,3.1,0.05,59,6,24,0.5188
EMP_03556,Female,Product,Yes,3,1.2,8.16,67,18,22,0.2783
EMP_03557,Male,Product,Yes,3,4.6,3.01,34,13,23,0.4216
EMP_03558,Male,Service,Yes,3,5.3,9.15,35,6,21,0.488
EMP_03559,Male,Product,No,5,2.5,2.17,34,15,20,0.3641
EMP_03560,Male,Service,No,4,1.4,8.61,41,5,18,0.3845
EMP_03561,Male,Product,No,1,2.7,0.69,33,6,3,0.2688
EMP_03562,Female,Service,No,2,7.1,2.61,53,18,5,0.3709
EMP_03563,Male,Product,Yes,2,1.7,9.73,54,7,28,0.4529
EMP_03564,Male,Product,Yes,3,6.0,2.31,55,6,11,0.5248
EMP_03565,Male,Product,No,4,2.3,1.33,62,8,19,0.4351
EMP_03566,Female,Service,No,5,2.8,8.57,50,5,10,0.478
EMP_03567,Female,Service,No,1,4.5,1.18,52,4,23,0.4462
EMP_03568,Female,Product,No,1,1.9,0.97,66,19,18,0.2025
EMP_03569,Female,Service,No,3,2.6,3.23,66,10,14,0.4324
EMP_03570,Female,Service,No,3,4.1,6.35,41,9,6,0.3769
EMP_03571,Male,Service,No,5,4.0,7.11,66,1,7,0.7122
EMP_03572,Male,Service,No,5,7.7,8.81,50,19,29,0.5801
EMP_03573,Female,Product,Yes,5,1.7,5.41,42,12,9,0.4278
EMP_03574,Non-binary,Product,Yes,3,8.7,3.93,62,19,26,0.538
EMP_03575,Female,Service,Yes,4,8.3,3.59,35,13,20,0.4963
EMP_03576,Male,Service,No,3,7.9,8.47,41,15,24,0.4967
EMP_03577,Male,Service,Yes,3,3.8,7.24,67,2,22,0.4744
EMP_03578,Male,Service,Yes,1,8.4,9.05,59,12,16,0.5196
EMP_03579,Female,Product,Yes,5,2.6,9.64,66,18,10,0.5458
EMP_03580,Male,Service,No,2,2.1,3.0,47,4,15,0.4017
EMP_03581,Male,Product,Yes,5,1.4,5.3,45,12,6,0.5016
EMP_03582,Female,Service,Yes,4,9.5,6.32,36,13,14,0.6109
EMP_03583,Male,Product,Yes,4,3.8,1.64,30,4,5,0.4164
EMP_03584,Female,Service,No,5,9.3,0.53,57,14,7,0.6984
EMP_03585,Male,Product,Yes,5,3.5,8.68,32,18,6,0.3127
EMP_03586,Male,Product,Yes,3,9.2,5.36,68,6,17,0.6784
EMP_03587,Male,Product,No,2,9.1,5.71,39,1,7,0.5781
EMP_03588,Female,Service,Yes,3,9.3,5.55,43,10,11,0.5606
EMP_03589,Male,Service,Yes,1,5.5,7.55,44,18,16,0.2867
EMP_03590,Male,Product,No,1,8.8,1.46,35,19,29,0.2931
EMP_03591,Non-binary,Service,Yes,4,9.6,6.14,68,2,18,0.814
EMP_03592,Male,Service,No,4,3.9,4.69,45,15,5,0.3202
EMP_03593,Female,Product,Yes,2,4.8,8.97,47,3,17,0.4332
EMP_03594,Female,Product,Yes,4,7.5,5.2,64,8,20,0.5753
EMP_03595,Male,Service,No,1,3.7,9.43,54,19,20,0.322
EMP_03596,Female,Service,No,2,7.8,3.53,62,11,16,0.6315
EMP_03597,Male,Product,Yes,1,1.7,9.67,62,14,27,0.2233
EMP_03598,Female,Service,Yes,5,5.7,8.75,48,16,9,0.5037
EMP_03599,Male,Product,No,5,2.1,5.84,67,10,28,0.5231
EMP_03600,Female,Product,No,2,3.6,3.54,40,17,22,0.2183
EMP_03601,Male,Product,Yes,3,3.3,3.76,68,15,8,0.3284
EMP_03602,Female,Product,No,4,8.6,7.73,32,11,28,0.5119
EMP_03603,Male,Service,Yes,2,2.7,5.81,67,8,18,0.3176
EMP_03604,Male,Service,Yes,4,8.3,4.02,30,8,24,0.641
EMP_03605,Male,Product,Yes,1,8.1,6.36,69,7,21,0.6245
EMP_03606,Male,Product,Yes,3,5.5,7.33,54,12,11,0.4548
EMP_03607,Female,Service,Yes,4,3.1,0.23,61,16,22,0.4033
EMP_03608,Male,Service,Yes,5,3.0,0.9,65,16,3,0.507
EMP_03609,Female,Service,Yes,5,5.2,0.94,33,10,20,0.418
EMP_03610,Non-binary,Service,Yes,1,1.1,2.32,52,7,23,0.2199
EMP_03611,Female,Product,Yes,2,5.8,4.27,45,4,16,0.3724
EMP_03612,Male,Service,Yes,4,9.6,8.04,40,2,16,0.7258
EMP_03613,Male,Product,No,1,2.4,3.51,51,9,10,0.2871
EMP_03614,Female,Product,Yes,5,6.2,0.17,68,15,25,0.6531
EMP_03615,Male,Product,No,5,9.7,4.83,62,14,27,0.7732
EMP_03616,Male,Product,Yes,5,8.7,9.97,67,12,19,0.6504
EMP_03617,Female,Service,Yes,3,8.7,3.49,42,17,20,0.4535
EMP_03618,Female,Service,Yes,3,8.4,9.61,50,17,17,0.5453
EMP_03619,Female,Product,No,5,3.8,1.01,41,13,12,0.4402
EMP_03620,Male,Product,Yes,2,9.0,1.73,55,8,22,0.5806
EMP_03621,Female,Product,Yes,3,9.5,7.24,30,10,18,0.5484
EMP_03622,Male,Product,No,4,5.5,5.01,51,13,9,0.5493
EMP_03623,Male,Service,No,3,4.2,7.65,56,7,19,0.4793
EMP_03624,Female,Service,No,4,4.7,8.64,61,3,7,0.5423
EMP_03625,Male,Service,Yes,3,4.0,2.51,37,15,20,0.2867
EMP_03626,Male,Service,Yes,5,2.9,6.83,63,7,16,0.6761
EMP_03627,Male,Service,No,4,6.6,6.08,47,5,20,0.6667
EMP_03628,Female,Product,Yes,2,6.1,8.62,33,8,20,0.4772
EMP_03629,Female,Product,No,3,5.2,4.3,30,17,17,0.3538
EMP_03630,Female,Product,No,3,1.9,0.52,45,8,27,0.2506
EMP_03631,Female,Service,No,5,8.2,5.74,59,7,13,0.7297
EMP_03632,Male,Service,Yes,4,2.6,9.59,52,7,28,0.4288
EMP_03633,Male,Product,Yes,5,2.0,0.15,60,2,7,0.4891
EMP_03634,Male,Product,No,4,6.6,2.4,57,11,18,0.5154
EMP_03635,Male,Product,Yes,3,4.6,3.16,66,12,10,0.4826
EMP_03636,Male,Service,Yes,3,1.5,7.66,45,12,15,0.2567
EMP_03637,Female,Product,Yes,3,4.2,3.23,38,19,28,0.266
EMP_03638,Male,Service,Yes,3,7.9,2.39,31,3,24,0.5716
EMP_03639,Male,Service,Yes,1,6.5,6.49,31,12,29,0.4452
EMP_03640,Male,Product,No,3,4.3,0.46,61,6,19,0.4074
EMP_03641,Male,Service,Yes,3,2.7,1.71,45,6,28,0.3211
EMP_03642,Female,Service,Yes,4,6.7,4.08,42,19,11,0.4694
EMP_03643,Male,Product,Yes,3,9.0,3.56,56,9,17,0.6034
EMP_03644,Male,Service,Yes,3,6.8,3.47,60,9,9,0.4407
EMP_03645,Female,Product,No,4,8.3,1.09,62,18,29,0.661
EMP_03646,Male,Product,No,3,5.7,3.61,50,10,20,0.4168
EMP_03647,Male,Service,Yes,3,7.5,7.98,48,10,16,0.5781
EMP_03648,Male,Service,No,5,9.1,4.14,42,1,10,0.7944
EMP_03649,Female,Service,Yes,1,8.0,5.86,48,18,4,0.3502
EMP_03650,Non-binary,Service,No,4,9.2,1.64,64,10,20,0.7039
EMP_03651,Female,Service,Yes,5,4.9,0.7,64,7,6,0.6188
EMP_03652,Male,Service,Yes,2,9.1,8.8,62,8,26,0.5367
EMP_03653,Female,Service,Yes,2,6.6,3.31,32,11,25,0.3827
EMP_03654,Male,Service,No,1,8.8,3.5,50,6,4,0.5453
EMP_03655,Male,Product,Yes,2,1.4,8.78,69,19,12,0.3119
EMP_03656,Male,Service,No,1,6.9,7.08,52,9,8,0.3652
EMP_03657,Male,Product,Yes,2,8.6,7.56,40,11,13,0.5264
EMP_03658,Male,Product,No,2,2.6,6.82,33,2,29,0.3743
EMP_03659,Female,Product,Yes,5,7.0,1.06,33,11,22,0.5636
EMP_03660,Female,Service,No,2,8.4,9.58,44,5,12,0.6226
EMP_03661,Male,Product,Yes,1,3.6,9.09,57,19,19,0.3037
EMP_03662,Male,Product,Yes,3,4.6,2.36,65,17,26,0.3622
EMP_03663,Male,Service,No,3,6.1,8.04,37,18,10,0.4558
EMP_03664,Male,Product,No,3,5.7,4.09,53,14,8,0.4871
EMP_03665,Female,Service,No,1,1.4,6.84,63,10,18,0.2315
EMP_03666,Male,Product,Yes,1,1.9,1.66,44,17,12,0.1285
EMP_03667,Female,Product,Yes,3,1.9,5.39,52,11,25,0.3676
EMP_03668,Male,Product,Yes,2,3.4,1.27,56,2,21,0.4599
EMP_03669,Male,Service,Yes,3,3.2,5.36,43,10,27,0.3501
EMP_03670,Male,Product,Yes,4,7.7,2.44,31,1,6,0.6272
EMP_03671,Male,Service,Yes,1,6.2,4.52,64,14,29,0.4732
EMP_03672,Male,Product,No,4,7.9,6.68,36,11,4,0.5505
EMP_03673,Female,Product,No,4,1.6,8.77,45,11,22,0.4408
EMP_03674,Male,Product,Yes,1,5.4,1.65,51,10,4,0.3054
EMP_03675,Female,Product,Yes,3,3.9,8.93,57,5,14,0.482
EMP_03676,Male,Service,Yes,5,8.6,3.9,61,5,6,0.7986
EMP_03677,Male,Service,No,4,7.4,8.44,36,14,18,0.6022
EMP_03678,Male,Service,Yes,3,8.8,5.13,51,5,4,0.6563
EMP_03679,Female,Product,No,5,1.4,8.62,31,6,18,0.3106
EMP_03680,Male,Product,Yes,4,7.5,6.63,37,16,17,0.513
EMP_03681,Female,Product,Yes,3,5.9,5.09,36,15,16,0.3933
EMP_03682,Male,Service,No,4,8.4,3.13,67,6,13,0.7014
EMP_03683,Female,Product,No,3,5.6,9.69,50,16,17,0.5153
EMP_03684,Male,Service,Yes,2,5.9,8.01,51,19,26,0.3292
EMP_03685,Female,Product,Yes,2,1.5,3.81,64,13,8,0.2666
EMP_03686,Female,Product,No,1,7.0,1.67,47,19,26,0.3206
EMP_03687,Female,Product,Yes,5,3.5,7.8,38,13,29,0.4355
EMP_03688,Male,Product,No,4,1.2,9.9,31,8,18,0.2905
EMP_03689,Male,Service,No,4,1.6,2.79,46,6,3,0.3824
EMP_03690,Male,Product,No,3,9.6,9.16,69,17,27,0.6407
EMP_03691,Female,Service,Yes,5,4.1,1.25,49,5,13,0.4952
EMP_03692,Male,Product,Yes,4,8.8,9.52,35,8,16,0.6257
EMP_03693,Female,Service,No,5,9.6,7.45,40,18,4,0.6257
EMP_03694,Male,Product,Yes,5,9.5,3.47,34,19,26,0.5528
EMP_03695,Male,Service,Yes,2,8.9,3.05,39,12,18,0.4563
EMP_03696,Male,Service,No,4,9.1,6.43,52,12,6,0.5882
EMP_03697,Non-binary,Service,Yes,4,3.6,5.94,62,13,16,0.5495
EMP_03698,Female,Product,No,1,2.4,9.19,69,4,18,0.3858
EMP_03699,Non-binary,Service,No,5,6.8,7.66,65,10,17,0.6776
EMP_03700,Male,Product,No,3,5.4,5.4,68,16,4,0.5248
EMP_03701,Female,Product,No,2,1.9,9.28,63,5,15,0.3942
EMP_03702,Female,Product,Yes,1,7.1,5.93,46,12,19,0.4423
EMP_03703,Male,Product,Yes,2,6.1,8.5,55,16,22,0.4405
EMP_03704,Female,Service,No,3,8.8,8.41,56,15,12,0.6882
EMP_03705,Non-binary,Product,Yes,1,6.5,9.19,32,2,17,0.574
EMP_03706,Female,Service,No,2,6.2,0.68,48,16,19,0.4617
EMP_03707,Female,Service,No,3,5.0,5.84,37,11,10,0.2535
EMP_03708,Male,Product,Yes,1,5.2,4.68,46,9,4,0.3219
EMP_03709,Male,Service,No,3,9.6,4.91,30,2,26,0.6101
EMP_03710,Non-binary,Product,Yes,1,2.2,4.6,36,18,28,0.1965
EMP_03711,Male,Service,Yes,4,5.0,8.37,65,13,3,0.5211
EMP_03712,Female,Product,No,4,6.9,3.18,32,13,25,0.4709
EMP_03713,Female,Service,No,2,4.9,4.63,48,8,25,0.3798
EMP_03714,Female,Service,Yes,5,3.5,2.01,56,10,7,0.4739
EMP_03715,Non-binary,Service,Yes,5,3.6,2.52,32,17,5,0.368
EMP_03716,Male,Product,Yes,3,3.1,6.6,63,1,24,0.5231
EMP_03717,Male,Product,Yes,1,4.1,1.17,34,16,13,0.1901
EMP_03718,Male,Product,Yes,4,8.8,1.88,66,11,18,0.6663
EMP_03719,Male,Product,Yes,5,5.5,5.28,45,1,23,0.6047
EMP_03720,Male,Product,No,4,3.2,0.44,43,6,11,0.4233
EMP_03721,Male,Service,No,3,4.5,1.27,59,12,6,0.3251
EMP_03722,Female,Product,Yes,3,2.0,8.63,61,16,11,0.2503
EMP_03723,Non-binary,Product,Yes,1,9.1,8.46,41,11,16,0.4496
EMP_03724,Male,Service,No,5,4.7,3.48,56,18,12,0.5138
EMP_03725,Male,Service,No,3,9.8,3.48,55,2,24,0.6284
EMP_03726,Female,Product,No,3,4.1,9.37,58,17,18,0.456
EMP_03727,Male,Product,Yes,4,8.5,0.26,52,17,11,0.5674
EMP_03728,Male,Product,Yes,2,3.3,5.8,51,4,5,0.333
EMP_03729,Male,Product,Yes,5,1.7,5.97,49,6,3,0.4783
EMP_03730,Female,Service,No,1,1.3,7.88,67,15,24,0.1834
EMP_03731,Male,Product,Yes,1,6.5,9.52,45,11,22,0.4147
EMP_03732,Non-binary,Service,Yes,4,3.8,3.56,60,18,13,0.3835
EMP_03733,Male,Service,Yes,1,5.0,4.38,32,17,28,0.2858
EMP_03734,Male,Service,Yes,3,8.4,6.71,50,2,22,0.7011
EMP_03735,Male,Product,No,5,3.2,9.67,68,13,22,0.5862
EMP_03736,Male,Product,Yes,1,3.8,8.91,34,6,3,0.3716
EMP_03737,Female,Service,No,5,8.6,6.67,49,11,7,0.7298
EMP_03738,Female,Product,Yes,1,5.4,8.57,52,7,11,0.432
EMP_03739,Female,Product,Yes,2,8.4,0.85,61,18,5,0.388
EMP_03740,Female,Product,Yes,2,4.4,3.77,38,17,14,0.2783
EMP_03741,Female,Product,Yes,5,4.6,0.13,32,13,20,0.325
EMP_03742,Female,Service,Yes,2,2.5,1.77,56,14,4,0.2033
EMP_03743,Female,Product,No,2,9.2,6.3,56,9,12,0.6403
EMP_03744,Male,Product,No,3,9.1,8.86,39,13,9,0.5207
EMP_03745,Male,Product,Yes,1,9.9,6.33,45,6,24,0.5944
EMP_03746,Male,Service,Yes,2,4.6,6.64,53,1,20,0.4652
EMP_03747,Female,Service,No,5,8.4,1.04,52,1,18,0.7307
EMP_03748,Male,Service,Yes,3,4.7,6.65,38,4,15,0.4422
EMP_03749,Male,Product,Yes,2,5.1,4.54,31,14,3,0.3369
EMP_03750,Female,Product,Yes,5,8.5,6.51,35,18,9,0.5741
EMP_03751,Female,Product,No,1,2.6,3.26,66,16,13,0.2218
EMP_03752,Female,Service,Yes,2,3.0,5.81,64,3,8,0.4424
EMP_03753,Male,Service,Yes,5,3.8,4.24,36,6,23,0.4833
EMP_03754,Female,Service,Yes,5,8.1,5.59,44,1,7,0.6742
EMP_03755,Male,Product,Yes,4,4.4,1.47,50,11,12,0.442
EMP_03756,Male,Service,Yes,5,4.2,3.96,67,10,5,0.4979
EMP_03757,Male,Product,No,4,10.0,3.74,65,18,29,0.6734
EMP_03758,Male,Service,No,1,4.5,7.36,52,4,17,0.4591
EMP_03759,Male,Product,Yes,1,3.2,7.06,58,6,14,0.2994
EMP_03760,Female,Service,Yes,3,6.6,9.09,42,19,7,0.4847
EMP_03761,Male,Product,No,4,8.2,6.32,34,9,16,0.6267
EMP_03762,Female,Product,No,5,1.6,3.15,68,10,14,0.3801
EMP_03763,Male,Service,Yes,3,6.6,7.83,68,5,24,0.6302
EMP_03764,Male,Product,Yes,3,1.3,4.97,30,16,13,0.2524
EMP_03765,Male,Service,Yes,1,5.7,1.93,49,2,25,0.3907
EMP_03766,Male,Service,Yes,5,3.3,7.47,30,9,25,0.4129
EMP_03767,Female,Service,Yes,4,3.8,1.33,64,11,15,0.4222
EMP_03768,Male,Product,No,1,5.2,1.78,69,2,12,0.472
EMP_03769,Male,Product,Yes,3,9.3,7.59,36,18,12,0.4505
EMP_03770,Male,Service,No,2,7.4,7.7,64,2,26,0.5583
EMP_03771,Male,Product,No,3,9.4,7.91,63,14,23,0.6068
EMP_03772,Female,Service,No,2,6.9,2.93,34,4,16,0.3686
EMP_03773,Male,Product,Yes,1,1.1,8.67,58,8,22,0.173
EMP_03774,Female,Product,Yes,4,3.4,7.23,56,8,18,0.4384
EMP_03775,Female,Product,No,5,9.2,8.34,36,1,14,0.7509
EMP_03776,Non-binary,Product,No,2,6.8,7.09,30,1,25,0.5604
EMP_03777,Female,Product,No,5,9.8,5.8,38,4,20,0.8108
EMP_03778,Female,Service,Yes,1,2.4,1.09,30,18,26,0.1211
EMP_03779,Female,Service,Yes,1,3.7,7.11,56,19,6,0.3629
EMP_03780,Female,Product,No,1,4.3,6.9,46,10,12,0.3179
EMP_03781,Male,Service,Yes,4,3.9,3.12,61,18,3,0.4542
EMP_03782,Male,Product,Yes,2,3.3,7.36,59,10,20,0.3524
EMP_03783,Male,Service,Yes,5,5.0,5.5,44,9,17,0.5753
EMP_03784,Female,Service,Yes,3,6.8,5.59,57,7,19,0.5384
EMP_03785,Female,Service,Yes,1,3.8,3.68,32,6,23,0.1783
EMP_03786,Male,Product,Yes,5,1.7,1.17,57,1,3,0.4739
EMP_03787,Female,Product,Yes,5,7.4,2.17,34,5,29,0.6861
EMP_03788,Male,Product,No,4,5.1,7.69,31,19,16,0.3025
EMP_03789,Male,Service,Yes,2,6.0,2.71,67,15,14,0.3862
EMP_03790,Non-binary,Product,Yes,4,5.1,0.02,45,14,27,0.4392
EMP_03791,Male,Service,No,4,9.0,9.97,46,7,29,0.7309
EMP_03792,Male,Product,Yes,5,6.0,2.11,41,9,13,0.6013
EMP_03793,Female,Service,Yes,2,9.3,6.55,55,12,22,0.6312
EMP_03794,Female,Product,No,2,5.6,9.27,36,17,28,0.3513
EMP_03795,Male,Product,No,2,3.6,6.0,53,18,21,0.2326
EMP_03796,Female,Product,Yes,1,4.2,7.99,45,2,27,0.4335
EMP_03797,Male,Product,Yes,2,5.7,9.76,47,17,6,0.3483
EMP_03798,Male,Product,No,5,5.8,8.6,37,7,19,0.5404
EMP_03799,Male,Service,Yes,1,7.2,5.58,56,10,20,0.5399
EMP_03800,Female,Product,No,3,3.0,3.64,55,15,6,0.3207
EMP_03801,Male,Product,No,4,6.9,4.82,60,1,29,0.6896
EMP_03802,Non-binary,Service,No,2,8.0,8.42,47,11,3,0.5701
EMP_03803,Female,Product,Yes,3,7.1,8.53,31,8,8,0.519
EMP_03804,Non-binary,Service,Yes,2,5.3,8.46,52,12,9,0.4276
EMP_03805,Male,Service,No,4,9.9,5.97,51,3,3,0.841
EMP_03806,Non-binary,Product,Yes,5,4.6,4.77,62,15,8,0.4802
EMP_03807,Male,Product,Yes,5,2.0,3.11,47,5,5,0.4572
EMP_03808,Male,Product,No,4,8.4,0.03,44,5,25,0.6476
EMP_03809,Male,Service,Yes,3,2.9,7.64,32,17,18,0.163
EMP_03810,Male,Service,Yes,1,7.4,2.77,52,2,29,0.467
EMP_03811,Female,Service,No,1,2.6,3.3,31,1,4,0.1954
EMP_03812,Male,Service,Yes,2,1.2,8.43,33,18,4,0.1984
EMP_03813,Male,Product,Yes,4,2.4,0.52,55,9,13,0.397
EMP_03814,Female,Service,Yes,4,4.4,9.28,48,5,22,0.5276
EMP_03815,Male,Service,No,1,2.0,0.01,39,13,13,0.1318
EMP_03816,Female,Service,Yes,3,2.8,9.39,51,2,10,0.5109
EMP_03817,Male,Service,Yes,4,7.9,4.55,35,13,21,0.5386
EMP_03818,Female,Service,No,5,7.9,1.02,30,8,26,0.6132
EMP_03819,Female,Product,No,5,8.4,6.74,45,10,25,0.6407
EMP_03820,Male,Product,Yes,4,8.6,8.96,36,6,23,0.7018
EMP_03821,Male,Product,No,3,4.8,4.38,53,11,17,0.4917
EMP_03822,Male,Product,Yes,5,8.8,6.91,64,14,22,0.6418
EMP_03823,Female,Service,No,3,5.7,9.79,43,10,16,0.4596
EMP_03824,Male,Product,Yes,1,5.2,2.41,33,10,28,0.2423
EMP_03825,Male,Service,Yes,2,7.5,8.2,44,11,28,0.503
EMP_03826,Male,Product,No,1,2.9,2.95,52,4,20,0.3143
EMP_03827,Male,Product,Yes,2,8.1,4.26,48,3,27,0.6002
EMP_03828,Male,Service,Yes,5,4.9,2.82,43,9,22,0.4858
EMP_03829,Female,Service,Yes,2,2.1,4.46,56,5,7,0.3342
EMP_03830,Male,Product,No,2,2.1,0.05,65,1,4,0.3504
EMP_03831,Male,Product,Yes,4,2.5,3.03,67,11,4,0.3617
EMP_03832,Female,Product,Yes,2,9.0,4.45,51,8,4,0.5182
EMP_03833,Female,Product,Yes,4,9.9,6.32,40,5,28,0.6162
EMP_03834,Male,Product,Yes,2,4.2,6.37,33,2,4,0.4523
EMP_03835,Male,Product,Yes,4,3.6,5.84,61,9,11,0.4275
EMP_03836,Male,Service,Yes,5,3.0,2.93,69,6,14,0.5271
EMP_03837,Non-binary,Service,Yes,5,8.4,9.47,53,11,23,0.791
EMP_03838,Male,Service,Yes,2,2.9,3.92,63,10,29,0.3212
EMP_03839,Non-binary,Service,No,3,9.3,2.17,32,12,24,0.5777
EMP_03840,Female,Product,No,5,7.0,5.55,67,3,22,0.7192
EMP_03841,Male,Service,No,1,9.1,7.49,31,7,20,0.51
EMP_03842,Male,Product,Yes,1,6.0,0.12,52,18,5,0.2892
EMP_03843,Male,Service,No,4,7.2,2.76,69,12,21,0.5533
EMP_03844,Male,Product,Yes,3,6.6,8.25,49,11,18,0.6171
EMP_03845,Male,Product,No,4,8.5,5.07,37,2,13,0.7146
EMP_03846,Female,Service,Yes,2,8.5,4.08,64,10,29,0.5653
EMP_03847,Non-binary,Service,Yes,5,6.3,9.31,32,13,28,0.503
EMP_03848,Female,Service,Yes,3,6.7,0.9,61,13,26,0.4589
EMP_03849,Female,Service,Yes,4,9.3,6.16,60,15,26,0.6529
EMP_03850,Male,Product,No,4,9.4,3.42,60,13,17,0.6244
EMP_03851,Male,Product,No,1,7.0,0.71,30,9,24,0.3508
EMP_03852,Male,Product,No,2,1.1,2.14,41,6,13,0.2948
EMP_03853,Female,Service,No,4,1.9,6.28,47,3,12,0.4041
EMP_03854,Non-binary,Service,Yes,1,8.7,0.28,53,9,29,0.5535
EMP_03855,Female,Product,Yes,3,1.8,5.92,65,4,26,0.3654
EMP_03856,Male,Service,No,4,2.9,9.57,58,5,21,0.5589
EMP_03857,Male,Service,Yes,1,3.1,7.95,54,12,25,0.3431
EMP_03858,Female,Product,No,2,6.4,3.46,52,17,7,0.4494
EMP_03859,Male,Service,Yes,5,6.2,1.38,32,5,16,0.5841
EMP_03860,Female,Service,Yes,3,3.6,4.65,59,4,11,0.4631
EMP_03861,Female,Service,No,4,2.9,3.93,46,8,27,0.4599
EMP_03862,Female,Product,Yes,1,7.9,9.72,59,9,23,0.5369
EMP_03863,Male,Product,Yes,4,9.4,9.9,48,17,8,0.6488
EMP_03864,Male,Product,Yes,5,1.5,4.11,34,8,3,0.3243
EMP_03865,Male,Product,No,4,2.2,1.49,69,5,14,0.4173
EMP_03866,Male,Service,Yes,4,6.8,9.11,63,10,16,0.6608
EMP_03867,Male,Product,Yes,1,8.2,7.94,38,18,6,0.3778
EMP_03868,Female,Service,Yes,5,8.1,5.11,68,14,17,0.7334
EMP_03869,Female,Product,Yes,3,7.5,3.65,55,5,19,0.6446
EMP_03870,Male,Product,Yes,1,9.0,4.48,34,15,22,0.3509
EMP_03871,Male,Product,Yes,5,3.0,9.02,53,5,14,0.5071
EMP_03872,Male,Service,No,5,2.0,1.85,60,12,3,0.3859
EMP_03873,Male,Service,No,4,6.5,8.07,53,10,15,0.6633
EMP_03874,Female,Product,Yes,2,8.4,0.18,50,8,12,0.5162
EMP_03875,Male,Service,No,2,6.2,9.21,51,1,6,0.5657
EMP_03876,Male,Product,Yes,3,9.7,5.0,67,3,8,0.7055
EMP_03877,Male,Product,Yes,4,8.2,2.27,51,16,11,0.5694
EMP_03878,Female,Product,Yes,2,7.3,0.03,50,11,20,0.4257
EMP_03879,Female,Product,Yes,1,1.5,5.6,59,9,4,0.1585
EMP_03880,Male,Service,Yes,3,2.0,2.44,39,10,8,0.2517
EMP_03881,Male,Product,Yes,4,8.1,6.31,32,2,13,0.6535
EMP_03882,Female,Product,No,1,2.8,2.81,68,11,28,0.4651
EMP_03883,Non-binary,Product,Yes,2,1.3,0.88,58,11,15,0.1787
EMP_03884,Male,Service,No,2,9.2,5.05,54,7,8,0.5991
EMP_03885,Female,Product,Yes,2,9.0,5.64,31,11,14,0.5114
EMP_03886,Non-binary,Service,Yes,2,3.0,4.53,42,5,21,0.3746
EMP_03887,Female,Product,Yes,5,8.0,4.58,56,12,20,0.6509
EMP_03888,Female,Product,Yes,3,1.4,5.9,58,18,21,0.2431
EMP_03889,Female,Service,No,3,3.6,5.26,43,5,14,0.4519
EMP_03890,Male,Product,No,2,6.6,1.33,33,15,22,0.3867
EMP_03891,Female,Service,Yes,3,7.9,1.97,37,12,15,0.5366
EMP_03892,Male,Product,No,1,1.1,1.42,34,1,22,0.2305
EMP_03893,Female,Service,No,1,3.9,6.93,56,18,25,0.1923
EMP_03894,Male,Product,No,3,2.9,5.29,53,6,6,0.4456
EMP_03895,Female,Service,Yes,2,10.0,4.3,63,6,28,0.6744
EMP_03896,Female,Product,No,4,7.0,7.98,57,11,24,0.4991
EMP_03897,Male,Product,Yes,2,4.7,3.26,53,11,8,0.4088
EMP_03898,Female,Product,No,5,1.7,5.68,34,16,15,0.3043
EMP_03899,Male,Product,Yes,4,6.4,0.74,42,6,12,0.5894
EMP_03900,Female,Product,Yes,5,6.8,7.44,47,1,5,0.688
EMP_03901,Male,Product,Yes,3,8.3,6.95,46,16,11,0.5626
EMP_03902,Male,Service,Yes,5,3.6,8.02,59,3,17,0.6194
EMP_03903,Female,Service,No,3,9.8,8.84,67,6,28,0.6946
EMP_03904,Male,Service,Yes,5,5.0,7.58,48,3,7,0.6821
EMP_03905,Female,Service,Yes,4,3.7,8.44,51,19,28,0.3588
EMP_03906,Male,Product,No,5,4.1,3.46,47,8,27,0.4658
EMP_03907,Male,Product,Yes,2,5.7,3.43,55,2,28,0.5478
EMP_03908,Male,Product,Yes,3,9.4,9.44,44,19,24,0.5715
EMP_03909,Female,Service,Yes,1,7.6,9.15,57,15,24,0.5689
EMP_03910,Male,Product,Yes,5,6.2,5.48,59,14,11,0.5397
EMP_03911,Male,Product,Yes,3,2.5,3.67,57,14,28,0.3646
EMP_03912,Male,Service,Yes,1,2.3,8.66,49,4,17,0.3311
EMP_03913,Male,Product,No,3,5.5,3.23,33,19,15,0.3998
EMP_03914,Non-binary,Service,No,3,7.6,1.54,33,7,23,0.579
EMP_03915,Non-binary,Service,Yes,1,7.8,6.39,66,16,5,0.5077
EMP_03916,Male,Product,Yes,1,3.0,0.43,44,8,21,0.2669
EMP_03917,Female,Product,Yes,4,1.9,3.79,63,15,4,0.3678
EMP_03918,Male,Product,No,5,4.5,8.08,40,5,20,0.5597
EMP_03919,Female,Service,Yes,5,9.3,2.95,52,1,16,0.8326
EMP_03920,Female,Product,No,3,5.9,9.31,64,12,24,0.5673
EMP_03921,Non-binary,Service,Yes,2,3.9,9.56,64,9,26,0.4626
EMP_03922,Male,Service,No,2,3.9,8.16,40,19,15,0.2694
EMP_03923,Female,Product,Yes,3,2.2,9.88,31,18,29,0.1776
EMP_03924,Male,Product,No,4,5.3,5.31,44,7,26,0.4884
EMP_03925,Non-binary,Service,Yes,1,8.1,5.69,69,11,10,0.4989
EMP_03926,Male,Product,No,3,9.7,8.36,57,11,12,0.6831
EMP_03927,Female,Service,Yes,5,5.5,4.93,60,15,25,0.6148
EMP_03928,Female,Product,Yes,2,2.5,4.07,61,17,4,0.2676
EMP_03929,Female,Service,Yes,2,7.1,6.15,63,3,12,0.5425
EMP_03930,Male,Service,No,2,7.8,6.58,51,11,29,0.4268
EMP_03931,Non-binary,Service,No,4,1.6,7.51,58,13,4,0.3572
EMP_03932,Male,Product,Yes,5,8.7,6.68,37,6,28,0.6524
EMP_03933,Female,Product,Yes,4,8.5,7.46,51,14,25,0.6672
EMP_03934,Male,Service,Yes,1,5.3,6.75,41,11,6,0.3722
EMP_03935,Male,Product,No,3,6.0,4.8,52,13,24,0.4321
EMP_03936,Male,Product,No,3,7.4,1.35,67,17,11,0.5363
EMP_03937,Male,Service,No,2,7.1,7.85,31,14,23,0.4171
EMP_03938,Male,Product,Yes,2,1.1,0.31,41,14,12,0.1058
EMP_03939,Male,Product,No,1,2.1,9.93,50,4,6,0.3307
EMP_03940,Male,Product,No,4,2.5,8.28,41,4,5,0.4445
EMP_03941,Female,Service,No,5,7.8,6.71,60,14,9,0.7116
EMP_03942,Female,Service,Yes,1,5.0,9.67,38,14,25,0.3052
EMP_03943,Male,Product,No,3,5.9,6.12,44,7,25,0.571
EMP_03944,Male,Product,Yes,3,8.0,0.56,61,16,18,0.4995
EMP_03945,Male,Product,Yes,4,4.1,5.59,38,14,7,0.3299
EMP_03946,Male,Service,Yes,1,7.7,2.77,53,5,15,0.5041
EMP_03947,Female,Product,Yes,5,5.0,3.69,37,7,12,0.5873
EMP_03948,Female,Service,Yes,1,4.4,4.6,57,17,26,0.2333
EMP_03949,Male,Product,Yes,1,4.0,7.75,47,15,29,0.2647
EMP_03950,Male,Service,Yes,4,9.7,5.03,66,7,4,0.7896
EMP_03951,Male,Product,No,5,7.9,4.75,65,10,18,0.599
EMP_03952,Female,Service,Yes,3,1.2,3.02,66,18,22,0.3801
EMP_03953,Non-binary,Product,Yes,2,9.6,5.4,61,11,3,0.6252
EMP_03954,Male,Product,Yes,5,8.0,2.48,50,14,8,0.6021
EMP_03955,Male,Service,No,3,2.3,2.61,68,4,24,0.472
EMP_03956,Female,Service,No,4,1.7,7.57,58,3,21,0.4654
EMP_03957,Female,Product,Yes,5,3.8,3.43,47,14,3,0.4258
EMP_03958,Male,Service,No,5,6.6,0.51,52,3,7,0.688
EMP_03959,Male,Service,Yes,3,6.5,3.44,62,3,14,0.6116
EMP_03960,Male,Service,No,3,3.5,6.39,38,12,19,0.2501
EMP_03961,Female,Product,Yes,1,5.0,8.14,67,10,21,0.4019
EMP_03962,Male,Product,Yes,1,2.9,9.62,33,18,10,0.1517
EMP_03963,Male,Product,Yes,5,1.5,7.46,45,12,12,0.3764
EMP_03964,Female,Product,Yes,2,5.7,4.29,32,4,27,0.4338
EMP_03965,Male,Service,Yes,4,4.1,2.99,37,19,5,0.23
EMP_03966,Female,Product,No,3,5.9,1.3,45,19,11,0.4252
EMP_03967,Male,Product,No,1,9.5,6.28,31,17,9,0.3972
EMP_03968,Male,Service,Yes,4,2.3,5.1,48,8,26,0.4409
EMP_03969,Female,Service,Yes,5,1.0,6.78,53,11,8,0.3737
EMP_03970,Male,Product,Yes,3,1.7,2.37,45,5,17,0.3113
EMP_03971,Non-binary,Product,Yes,3,5.2,3.24,69,5,15,0.6386
EMP_03972,Male,Service,No,1,7.4,2.92,31,13,16,0.3007
EMP_03973,Male,Product,Yes,2,6.2,7.98,61,4,7,0.5209
EMP_03974,Female,Service,No,3,5.5,1.71,30,13,28,0.3335
EMP_03975,Male,Service,Yes,2,4.2,6.08,47,16,26,0.398
EMP_03976,Female,Product,Yes,4,3.8,0.51,68,12,4,0.397
EMP_03977,Male,Service,Yes,3,4.4,5.5,61,14,9,0.4734
EMP_03978,Male,Service,Yes,3,6.5,0.64,38,9,3,0.3748
EMP_03979,Male,Product,Yes,2,2.5,1.76,32,6,18,0.195
EMP_03980,Male,Service,No,1,7.9,1.13,53,8,9,0.4282
EMP_03981,Female,Service,Yes,5,6.2,3.47,40,16,17,0.4939
EMP_03982,Female,Service,Yes,4,3.4,3.44,57,19,8,0.4269
EMP_03983,Male,Service,No,3,5.5,8.26,45,2,22,0.5266
EMP_03984,Male,Product,Yes,1,9.7,2.26,58,6,21,0.6033
EMP_03985,Female,Product,No,3,1.2,0.86,41,2,11,0.2773
EMP_03986,Non-binary,Product,Yes,4,2.8,6.04,33,19,24,0.2984
EMP_03987,Male,Product,Yes,5,5.0,6.87,55,19,8,0.556
EMP_03988,Male,Product,No,3,6.7,2.95,33,13,19,0.4623
EMP_03989,Male,Service,No,2,2.9,6.03,40,17,7,0.2642
EMP_03990,Female,Service,Yes,1,9.4,7.76,31,8,17,0.4089
EMP_03991,Male,Service,Yes,5,6.8,3.48,60,9,9,0.62
EMP_03992,Male,Service,No,3,8.9,5.25,32,5,16,0.5999
EMP_03993,Female,Service,Yes,5,4.0,1.47,54,8,22,0.5061
EMP_03994,Male,Product,Yes,2,8.5,0.24,63,9,20,0.5322
EMP_03995,Male,Service,No,3,4.4,9.81,30,16,27,0.3036
EMP_03996,Male,Product,No,5,3.3,3.0,34,16,24,0.4233
EMP_03997,Male,Service,No,3,9.2,2.79,68,12,27,0.6597
EMP_03998,Male,Service,No,3,1.8,9.73,60,11,26,0.4161
EMP_03999,Male,Product,No,5,9.5,7.28,65,18,19,0.8432
EMP_04000,Male,Service,No,3,5.1,5.85,32,13,20,0.288
EMP_04001,Female,Product,No,2,9.9,6.99,67,3,4,0.7281
EMP_04002,Female,Product,Yes,5,5.9,7.1,41,18,20,0.4958
EMP_04003,Female,Service,Yes,5,7.8,7.63,45,11,16,0.7136
EMP_04004,Male,Product,No,2,1.1,0.67,37,11,6,0.2206
EMP_04005,Male,Product,No,2,5.5,4.13,40,5,9,0.4175
EMP_04006,Male,Service,Yes,2,7.6,2.95,43,3,9,0.5334
EMP_04007,Male,Service,Yes,3,8.0,0.71,56,2,3,0.6773
EMP_04008,Male,Service,No,3,2.4,4.13,47,15,10,0.3278
EMP_04009,Female,Service,Yes,4,4.8,6.16,37,5,22,0.5913
EMP_04010,Male,Product,Yes,3,4.8,1.78,62,5,26,0.5122
EMP_04011,Male,Product,No,2,1.9,3.05,33,16,12,0.1487
EMP_04012,Male,Service,No,4,5.0,6.39,59,17,11,0.4358
EMP_04013,Female,Service,No,2,8.3,5.79,49,7,9,0.5681
EMP_04014,Male,Product,No,1,3.7,8.69,59,2,5,0.3644
EMP_04015,Female,Service,Yes,5,4.9,7.91,56,14,14,0.5554
EMP_04016,Male,Service,No,1,9.6,9.66,54,18,5,0.5966
EMP_04017,Female,Service,Yes,2,1.3,5.97,35,12,7,0.2455
EMP_04018,Female,Service,No,3,6.3,6.98,34,17,9,0.3413
EMP_04019,Male,Product,Yes,5,7.7,8.61,43,6,14,0.5992
EMP_04020,Male,Service,Yes,3,7.8,8.4,43,5,25,0.5161
EMP_04021,Male,Service,Yes,3,7.4,7.19,63,7,27,0.5924
EMP_04022,Male,Product,Yes,5,7.5,5.0,54,18,19,0.5816
EMP_04023,Female,Service,No,5,1.5,2.73,68,11,16,0.4983
EMP_04024,Female,Product,No,1,5.8,8.77,47,5,5,0.4759
EMP_04025,Female,Product,No,2,8.0,7.77,49,6,3,0.5942
EMP_04026,Female,Service,No,3,1.8,8.38,37,7,24,0.297
EMP_04027,Male,Product,Yes,2,1.1,1.41,55,3,28,0.2653
EMP_04028,Male,Product,No,2,8.3,3.15,50,3,25,0.5433
EMP_04029,Female,Service,No,4,7.4,4.25,56,2,20,0.7436
EMP_04030,Male,Product,No,1,4.7,8.38,61,4,16,0.4082
EMP_04031,Female,Product,Yes,3,9.5,8.93,46,5,27,0.6081
EMP_04032,Male,Product,No,5,7.9,2.85,30,2,15,0.6485
EMP_04033,Male,Product,No,5,9.7,6.86,56,16,14,0.797
EMP_04034,Non-binary,Service,Yes,2,9.4,0.78,65,12,7,0.5762
EMP_04035,Male,Service,No,1,5.3,4.1,40,15,5,0.2836
EMP_04036,Non-binary,Service,No,1,7.8,4.87,64,4,16,0.4849
EMP_04037,Non-binary,Service,Yes,3,7.0,7.66,67,3,9,0.68
EMP_04038,Female,Product,No,3,8.3,8.92,67,14,9,0.6742
EMP_04039,Female,Service,No,2,8.1,3.37,65,13,19,0.5263
EMP_04040,Female,Service,No,2,2.4,5.28,39,6,8,0.3339
EMP_04041,Female,Service,Yes,2,3.1,6.47,69,4,17,0.2878
EMP_04042,Male,Service,No,4,3.4,3.29,30,1,21,0.5178
EMP_04043,Male,Service,Yes,1,8.4,9.86,51,3,17,0.5798
EMP_04044,Female,Service,Yes,2,8.3,8.76,46,12,9,0.4919
EMP_04045,Male,Product,No,1,5.5,2.96,41,3,7,0.3666
EMP_04046,Male,Service,No,5,6.2,5.08,42,18,17,0.6192
EMP_04047,Male,Product,No,5,8.4,2.31,54,14,22,0.661
EMP_04048,Female,Product,Yes,1,3.8,5.15,55,5,15,0.3767
EMP_04049,Female,Product,Yes,5,1.5,6.83,69,1,28,0.5525
EMP_04050,Male,Product,No,5,5.3,0.86,68,14,9,0.5317
EMP_04051,Non-binary,Product,Yes,5,9.2,8.7,62,12,15,0.6873
EMP_04052,Female,Product,No,3,8.1,5.94,37,1,15,0.6503
EMP_04053,Female,Service,No,3,4.3,9.9,42,2,15,0.4739
EMP_04054,Female,Service,No,1,1.6,0.26,55,12,25,0.1797
EMP_04055,Female,Service,Yes,1,6.7,8.31,46,13,10,0.4554
EMP_04056,Male,Product,No,4,8.5,7.92,53,15,7,0.6644
EMP_04057,Female,Service,No,3,7.0,1.33,53,16,6,0.447
EMP_04058,Male,Service,Yes,1,4.8,3.35,41,19,19,0.2585
EMP_04059,Female,Product,Yes,3,2.1,8.85,60,5,22,0.464
EMP_04060,Non-binary,Service,Yes,4,9.2,5.18,45,2,16,0.6809
EMP_04061,Male,Service,Yes,1,3.5,4.01,45,6,13,0.2802
EMP_04062,Male,Product,No,1,3.0,9.05,59,8,12,0.3526
EMP_04063,Female,Service,No,1,8.3,0.93,57,7,3,0.5407
EMP_04064,Male,Service,No,1,9.8,4.73,32,13,9,0.4826
EMP_04065,Female,Product,Yes,2,6.9,6.52,62,6,8,0.573
EMP_04066,Male,Product,No,3,6.6,6.09,53,9,9,0.5165
EMP_04067,Male,Product,Yes,3,3.9,2.64,59,12,26,0.3573
EMP_04068,Non-binary,Product,No,3,1.2,5.63,69,10,17,0.3839
EMP_04069,Female,Product,No,4,2.7,7.09,57,11,8,0.3993
EMP_04070,Female,Product,No,2,6.3,5.85,68,1,20,0.5603
EMP_04071,Male,Product,No,3,2.4,6.84,31,10,4,0.2093
EMP_04072,Female,Service,No,3,9.0,2.56,42,16,11,0.4941
EMP_04073,Female,Product,No,1,2.7,8.33,66,19,8,0.2331
EMP_04074,Female,Product,No,1,5.7,4.5,39,10,24,0.293
EMP_04075,Female,Product,Yes,1,5.6,9.87,69,15,19,0.3754
EMP_04076,Female,Product,No,3,6.4,0.23,42,14,26,0.4257
EMP_04077,Male,Product,No,1,3.9,3.8,48,3,13,0.3756
EMP_04078,Male,Product,Yes,3,8.9,1.8,35,4,26,0.6174
EMP_04079,Female,Product,Yes,4,5.0,5.56,47,8,6,0.5419
EMP_04080,Male,Service,No,4,7.3,2.43,69,1,9,0.756
EMP_04081,Female,Service,Yes,5,6.7,7.37,38,15,17,0.6185
EMP_04082,Male,Product,Yes,2,2.1,8.82,46,7,27,0.3106
EMP_04083,Female,Product,No,1,6.6,2.11,33,12,29,0.3068
EMP_04084,Female,Service,No,1,6.0,1.61,35,3,19,0.4182
EMP_04085,Male,Service,No,2,9.1,8.75,40,5,14,0.5246
EMP_04086,Male,Product,Yes,2,8.9,3.61,55,8,15,0.5741
EMP_04087,Male,Service,Yes,5,2.4,4.35,40,11,23,0.3618
EMP_04088,Female,Service,Yes,2,1.7,2.21,37,19,15,0.1007
EMP_04089,Female,Product,Yes,3,3.7,4.25,32,12,10,0.2967
EMP_04090,Male,Service,Yes,1,9.9,2.31,31,7,9,0.5321
EMP_04091,Female,Service,No,2,1.2,6.66,47,14,28,0.3242
EMP_04092,Male,Service,Yes,3,7.1,4.99,31,2,6,0.5797
EMP_04093,Male,Product,Yes,2,6.5,7.88,55,12,5,0.3835
EMP_04094,Female,Product,Yes,3,6.8,3.13,41,9,19,0.4809
EMP_04095,Male,Product,Yes,4,3.0,5.06,66,12,18,0.4201
EMP_04096,Male,Product,Yes,3,3.0,2.6,55,6,21,0.3513
EMP_04097,Male,Service,Yes,5,4.9,9.34,65,6,4,0.6401
EMP_04098,Male,Service,No,3,1.9,5.22,45,19,23,0.2041
EMP_04099,Male,Service,Yes,2,1.7,1.73,43,6,16,0.2189
EMP_04100,Male,Service,Yes,4,1.8,2.73,31,17,18,0.2797
EMP_04101,Female,Product,Yes,4,6.2,0.83,50,17,19,0.4762
EMP_04102,Male,Service,Yes,3,4.6,0.28,36,17,6,0.3889
EMP_04103,Male,Service,Yes,2,3.6,5.26,40,10,10,0.2543
EMP_04104,Male,Product,Yes,4,3.8,3.37,58,11,11,0.3858
EMP_04105,Male,Service,Yes,3,2.9,9.64,66,8,18,0.4417
EMP_04106,Female,Product,No,3,4.7,1.71,68,14,18,0.4155
EMP_04107,Non-binary,Service,Yes,3,2.8,7.94,57,19,19,0.3613
EMP_04108,Male,Product,Yes,4,7.3,3.16,69,18,5,0.5948
EMP_04109,Female,Product,Yes,1,2.1,2.24,33,15,24,0.1558
EMP_04110,Female,Service,Yes,2,9.5,9.7,33,18,23,0.4155
EMP_04111,Female,Service,Yes,5,1.8,8.03,56,17,19,0.3891
EMP_04112,Male,Product,Yes,5,9.5,6.31,35,5,20,0.6381
EMP_04113,Male,Product,Yes,2,8.5,6.97,63,4,20,0.692
EMP_04114,Male,Product,Yes,1,7.1,9.91,69,11,25,0.4708
EMP_04115,Female,Service,Yes,2,9.2,5.93,47,16,8,0.5151
EMP_04116,Male,Service,Yes,3,2.3,1.02,59,7,8,0.2951
EMP_04117,Female,Service,Yes,2,2.6,0.65,62,16,3,0.2251
EMP_04118,Male,Product,No,2,3.3,6.67,49,6,18,0.3555
EMP_04119,Male,Service,No,4,3.2,6.58,65,10,19,0.4768
EMP_04120,Female,Product,No,5,3.8,7.48,34,11,6,0.4654
EMP_04121,Male,Service,No,5,6.2,1.09,64,15,18,0.6117
EMP_04122,Male,Product,No,3,1.3,9.45,48,12,28,0.3587
EMP_04123,Female,Product,No,3,4.4,5.51,41,16,24,0.3873
EMP_04124,Female,Service,No,4,3.2,6.5,55,18,29,0.3939
EMP_04125,Female,Product,Yes,3,6.5,0.35,48,7,24,0.4684
EMP_04126,Female,Service,Yes,1,9.9,9.61,40,14,23,0.4978
EMP_04127,Female,Service,No,4,5.7,5.63,49,9,22,0.5347
EMP_04128,Non-binary,Product,No,4,4.8,5.63,38,6,4,0.509
EMP_04129,Male,Product,Yes,2,4.3,9.44,49,11,25,0.3453
EMP_04130,Male,Service,No,2,8.1,9.29,56,13,14,0.5369
EMP_04131,Male,Service,Yes,1,1.6,2.2,34,18,18,0.1287
EMP_04132,Male,Product,Yes,4,9.6,9.31,39,12,8,0.709
EMP_04133,Female,Product,Yes,4,4.8,7.37,38,6,18,0.4814
EMP_04134,Female,Service,Yes,2,3.8,0.19,54,9,9,0.3154
EMP_04135,Female,Service,Yes,5,9.8,2.4,42,18,16,0.6443
EMP_04136,Male,Product,No,5,9.4,4.13,61,15,5,0.7102
EMP_04137,Female,Product,No,2,6.8,5.83,37,9,3,0.3551
EMP_04138,Male,Service,No,3,1.2,7.01,56,10,19,0.4148
EMP_04139,Female,Service,Yes,4,7.7,2.1,51,2,22,0.6241
EMP_04140,Female,Service,No,1,4.0,8.37,57,14,6,0.2956
EMP_04141,Male,Service,Yes,5,4.5,8.46,47,11,9,0.471
EMP_04142,Male,Service,Yes,3,2.4,6.35,52,13,9,0.3868
EMP_04143,Male,Product,No,4,5.7,9.21,60,2,6,0.6126
EMP_04144,Female,Service,Yes,3,7.7,8.13,63,7,9,0.6605
EMP_04145,Female,Product,Yes,4,3.5,2.22,36,15,10,0.3728
EMP_04146,Female,Service,Yes,4,9.4,7.99,34,7,11,0.6381
EMP_04147,Male,Product,No,2,2.8,9.53,50,12,24,0.285
EMP_04148,Male,Product,Yes,2,1.6,1.38,35,7,17,0.234
EMP_04149,Female,Service,No,1,6.8,9.79,64,5,6,0.4331
EMP_04150,Female,Service,No,1,8.6,0.25,52,15,28,0.4649
EMP_04151,Male,Product,No,3,9.6,5.22,32,7,20,0.5925
EMP_04152,Male,Service,No,2,7.9,7.74,62,2,27,0.5958
EMP_04153,Female,Product,Yes,4,2.8,7.9,67,2,14,0.5168
EMP_04154,Male,Product,Yes,2,9.8,7.35,52,19,25,0.5285
EMP_04155,Male,Service,Yes,4,9.3,5.29,45,9,8,0.646
EMP_04156,Male,Product,Yes,2,2.5,6.51,54,2,6,0.4544
EMP_04157,Male,Service,No,4,6.0,7.0,45,14,6,0.4475
EMP_04158,Female,Product,Yes,3,6.0,4.95,54,15,20,0.4142
EMP_04159,Non-binary,Service,Yes,2,5.0,5.96,36,12,3,0.3489
EMP_04160,Female,Service,No,5,9.9,8.46,37,19,23,0.7118
EMP_04161,Male,Product,No,5,1.5,3.13,32,15,8,0.2859
EMP_04162,Male,Product,No,4,6.6,5.23,34,6,28,0.502
EMP_04163,Male,Service,No,3,2.8,0.08,48,10,11,0.3304
EMP_04164,Male,Service,No,4,5.7,6.87,36,10,19,0.5307
EMP_04165,Female,Product,No,3,8.0,1.95,51,3,23,0.6414
EMP_04166,Male,Product,Yes,1,3.2,4.81,55,9,13,0.233
EMP_04167,Male,Product,No,2,4.5,2.1,54,5,23,0.4453
EMP_04168,Male,Product,Yes,3,9.6,0.24,35,7,11,0.5621
EMP_04169,Male,Product,Yes,4,7.9,4.83,34,19,13,0.4226
EMP_04170,Male,Product,Yes,1,6.2,4.25,67,10,29,0.4915
EMP_04171,Male,Service,No,4,3.0,4.25,67,11,6,0.378
EMP_04172,Non-binary,Service,No,5,4.8,2.09,51,6,15,0.4911
EMP_04173,Male,Service,Yes,5,8.0,9.47,60,19,21,0.7058
EMP_04174,Male,Service,Yes,2,8.4,0.04,51,7,5,0.4603
EMP_04175,Female,Service,No,2,3.2,8.92,40,16,24,0.2413
EMP_04176,Non-binary,Service,No,1,7.0,7.37,61,12,29,0.4149
EMP_04177,Female,Service,Yes,5,1.9,1.72,46,18,3,0.3194
EMP_04178,Female,Service,Yes,3,1.2,4.72,51,14,19,0.2309
EMP_04179,Male,Service,No,5,5.9,9.89,45,16,19,0.5015
EMP_04180,Male,Product,Yes,2,3.0,6.44,44,6,9,0.3646
EMP_04181,Male,Service,No,4,1.7,1.27,37,1,16,0.4106
EMP_04182,Female,Service,Yes,1,7.6,4.58,32,13,7,0.3299
EMP_04183,Female,Service,Yes,5,5.5,4.68,42,6,16,0.5942
EMP_04184,Male,Service,Yes,3,8.2,8.02,59,6,13,0.7815
EMP_04185,Male,Service,Yes,3,7.0,9.16,57,6,27,0.6069
EMP_04186,Female,Service,Yes,3,7.6,0.82,38,12,29,0.4767
EMP_04187,Male,Product,Yes,1,3.8,3.14,41,9,5,0.2676
EMP_04188,Female,Service,No,3,3.4,2.98,54,7,8,0.4119
EMP_04189,Female,Product,Yes,3,6.4,9.96,66,3,9,0.6369
EMP_04190,Female,Service,No,5,2.8,5.59,50,15,21,0.3355
EMP_04191,Female,Service,Yes,1,8.3,8.8,68,2,11,0.6375
EMP_04192,Female,Product,No,4,5.7,4.26,68,18,4,0.4806
EMP_04193,Male,Product,Yes,4,3.0,7.23,48,1,14,0.4448
EMP_04194,Female,Service,Yes,3,6.6,2.87,37,1,9,0.4638
EMP_04195,Female,Product,Yes,2,9.5,9.12,67,11,12,0.5905
EMP_04196,Male,Product,Yes,1,1.7,4.55,32,3,22,0.3007
EMP_04197,Male,Service,No,2,2.0,8.04,51,10,17,0.2705
EMP_04198,Male,Product,No,1,8.6,2.56,30,12,27,0.3772
EMP_04199,Male,Product,No,1,2.0,6.94,67,6,25,0.3716
EMP_04200,Female,Service,Yes,5,1.4,4.05,48,7,26,0.4603
EMP_04201,Female,Product,No,3,4.1,0.31,50,17,29,0.2998
EMP_04202,Male,Product,No,5,5.2,4.13,42,17,28,0.4223
EMP_04203,Male,Service,No,2,6.1,5.5,56,4,21,0.5873
EMP_04204,Non-binary,Service,No,2,5.6,1.52,46,1,8,0.4878
EMP_04205,Male,Service,Yes,4,9.2,1.84,49,1,22,0.6875
EMP_04206,Male,Service,Yes,5,7.9,4.65,59,17,15,0.7074
EMP_04207,Female,Service,Yes,5,9.9,3.43,67,11,22,0.7588
EMP_04208,Male,Product,No,5,5.3,4.41,40,3,14,0.5483
EMP_04209,Male,Product,Yes,4,1.8,4.61,56,10,20,0.3332
EMP_04210,Male,Product,No,5,9.6,1.4,67,2,18,0.7608
EMP_04211,Male,Product,Yes,5,1.0,1.81,57,16,13,0.3515
EMP_04212,Female,Service,Yes,5,8.0,8.48,55,16,28,0.4944
EMP_04213,Male,Service,Yes,5,1.3,1.63,68,8,27,0.3892
EMP_04214,Male,Product,Yes,2,7.9,6.66,62,7,13,0.5829
EMP_04215,Female,Service,No,3,9.4,4.19,61,10,3,0.7123
EMP_04216,Female,Product,Yes,2,4.5,9.68,54,4,3,0.4979
EMP_04217,Male,Product,No,5,3.2,0.66,53,9,9,0.5306
EMP_04218,Male,Service,Yes,1,3.0,8.3,69,5,28,0.3798
EMP_04219,Female,Product,Yes,1,5.4,4.91,56,7,9,0.5095
EMP_04220,Male,Product,No,4,2.5,0.05,51,4,6,0.338
EMP_04221,Male,Product,Yes,2,7.1,2.64,49,1,16,0.5007
EMP_04222,Female,Product,No,4,4.3,4.08,62,12,26,0.5271
EMP_04223,Female,Service,No,4,3.9,3.14,34,16,7,0.3561
EMP_04224,Female,Service,No,1,5.2,3.62,58,16,24,0.2823
EMP_04225,Female,Product,Yes,2,5.9,9.17,34,8,14,0.4431
EMP_04226,Female,Product,Yes,3,2.3,3.61,68,13,6,0.3327
EMP_04227,Male,Service,No,2,7.4,4.19,46,9,5,0.4638
EMP_04228,Female,Service,No,4,8.9,7.61,58,10,20,0.7899
EMP_04229,Male,Product,No,5,3.5,7.94,40,8,26,0.5439
EMP_04230,Male,Product,Yes,4,2.6,0.84,51,1,29,0.4852
EMP_04231,Female,Service,Yes,2,7.8,7.04,60,3,7,0.6381
EMP_04232,Female,Service,Yes,1,2.7,4.83,68,5,28,0.2947
EMP_04233,Male,Product,No,2,1.4,1.34,30,7,8,0.1498
EMP_04234,Female,Service,Yes,3,6.6,2.65,44,16,16,0.4643
EMP_04235,Male,Product,Yes,5,3.2,0.45,48,8,8,0.5079
EMP_04236,Male,Product,No,5,2.5,3.6,39,1,22,0.5293
EMP_04237,Male,Product,Yes,4,9.8,2.55,38,3,27,0.6737
EMP_04238,Female,Service,Yes,2,3.6,3.82,42,6,25,0.3006
EMP_04239,Female,Product,Yes,1,9.1,5.8,55,12,14,0.5389
EMP_04240,Male,Product,Yes,3,2.6,7.32,35,15,28,0.2103
EMP_04241,Female,Product,Yes,4,8.4,6.05,69,17,14,0.6196
EMP_04242,Male,Service,Yes,2,5.5,6.78,31,18,10,0.3662
EMP_04243,Female,Product,Yes,1,1.7,8.66,58,17,25,0.1794
EMP_04244,Male,Product,Yes,2,7.6,8.74,41,12,22,0.5195
EMP_04245,Male,Product,Yes,1,9.0,8.61,52,16,27,0.3853
EMP_04246,Non-binary,Service,No,2,2.5,1.53,32,12,4,0.1983
EMP_04247,Male,Product,Yes,2,7.5,2.51,40,4,7,0.4464
EMP_04248,Male,Product,Yes,4,5.0,5.02,34,9,20,0.3616
EMP_04249,Female,Product,Yes,2,7.8,3.59,39,15,26,0.3957
EMP_04250,Non-binary,Service,Yes,2,7.4,1.32,35,5,27,0.463
EMP_04251,Male,Service,Yes,4,1.2,2.88,45,11,5,0.2943
EMP_04252,Male,Service,Yes,4,2.6,9.75,60,18,18,0.4054
EMP_04253,Male,Service,No,5,5.2,3.47,52,1,7,0.6519
EMP_04254,Male,Service,Yes,5,9.4,4.19,59,16,11,0.7183
EMP_04255,Male,Product,No,4,4.1,0.06,69,18,8,0.4244
EMP_04256,Female,Service,Yes,3,6.7,7.19,49,13,21,0.5202
EMP_04257,Non-binary,Product,Yes,1,1.1,4.14,54,16,24,0.0803
EMP_04258,Male,Product,Yes,4,7.4,1.03,64,16,27,0.5022
EMP_04259,Male,Service,No,5,6.4,9.69,34,3,29,0.5866
EMP_04260,Male,Product,Yes,2,7.4,7.77,32,18,29,0.3952
EMP_04261,Male,Product,Yes,4,9.1,7.26,63,11,18,0.7501
EMP_04262,Female,Product,Yes,4,2.3,9.58,41,13,28,0.451
EMP_04263,Male,Service,Yes,5,3.4,4.07,56,2,9,0.583
EMP_04264,Male,Product,No,5,10.0,7.19,34,3,6,0.6894
EMP_04265,Female,Service,Yes,3,2.4,2.06,51,1,18,0.4192
EMP_04266,Male,Service,No,5,7.5,6.97,33,1,22,0.7217
EMP_04267,Female,Service,No,5,7.5,0.14,57,15,19,0.5755
EMP_04268,Male,Product,Yes,5,7.1,1.26,36,3,21,0.6097
EMP_04269,Female,Service,Yes,2,3.0,4.25,63,4,27,0.4479
EMP_04270,Non-binary,Product,No,4,2.9,0.12,31,12,19,0.306
EMP_04271,Female,Product,Yes,4,7.0,4.62,38,12,15,0.5307
EMP_04272,Non-binary,Product,Yes,5,2.7,5.23,44,14,4,0.3909
EMP_04273,Male,Service,No,3,7.0,6.22,60,11,4,0.6147
EMP_04274,Male,Product,No,5,5.4,1.0,65,6,26,0.5433
EMP_04275,Female,Product,No,3,4.5,1.81,44,14,24,0.3476
EMP_04276,Female,Product,No,4,3.7,6.13,62,2,25,0.5306
EMP_04277,Male,Product,Yes,3,9.5,6.58,60,3,29,0.6966
EMP_04278,Male,Service,Yes,3,5.6,0.26,56,18,6,0.3416
EMP_04279,Male,Service,Yes,1,6.1,5.4,31,8,18,0.4214
EMP_04280,Male,Service,No,3,9.5,7.85,38,2,29,0.657
EMP_04281,Male,Product,No,3,6.9,0.69,30,16,6,0.356
EMP_04282,Female,Product,Yes,2,9.6,4.13,48,14,22,0.5804
EMP_04283,Male,Service,Yes,4,2.0,3.27,38,19,14,0.2613
EMP_04284,Male,Product,Yes,5,8.6,9.14,31,4,24,0.6236
EMP_04285,Female,Service,No,1,4.0,1.86,66,6,22,0.2748
EMP_04286,Female,Product,Yes,3,8.3,3.18,30,12,16,0.488
EMP_04287,Female,Service,Yes,2,8.7,8.98,41,10,3,0.5715
EMP_04288,Female,Product,No,2,3.4,3.31,55,9,19,0.3442
EMP_04289,Male,Product,No,5,4.7,5.31,39,3,26,0.4914
EMP_04290,Female,Service,Yes,5,7.5,0.33,30,1,20,0.6805
EMP_04291,Male,Service,No,4,1.9,9.85,30,14,14,0.2734
EMP_04292,Male,Product,Yes,3,7.8,8.25,60,8,27,0.7341
EMP_04293,Female,Service,Yes,2,2.0,6.34,40,18,12,0.1858
EMP_04294,Female,Service,Yes,1,9.2,0.61,34,12,26,0.4524
EMP_04295,Male,Product,No,4,3.5,0.75,64,12,17,0.4963
EMP_04296,Male,Product,No,3,6.2,5.45,40,10,19,0.4842
EMP_04297,Male,Product,Yes,5,2.1,2.85,33,4,28,0.4151
EMP_04298,Male,Product,No,3,3.4,6.23,67,5,13,0.5209
EMP_04299,Male,Service,Yes,5,4.6,5.98,68,8,26,0.5948
EMP_04300,Female,Product,No,3,5.4,8.39,50,19,27,0.4242
EMP_04301,Male,Product,No,1,1.0,2.81,65,6,22,0.2445
EMP_04302,Non-binary,Product,Yes,4,9.0,5.78,57,16,9,0.6395
EMP_04303,Female,Product,Yes,5,1.1,7.77,37,9,22,0.4213
EMP_04304,Female,Product,No,1,8.0,4.91,49,11,21,0.398
EMP_04305,Female,Product,Yes,2,5.2,8.31,50,3,13,0.4608
EMP_04306,Male,Product,No,1,5.7,1.31,64,14,3,0.3406
EMP_04307,Male,Service,Yes,1,2.9,7.34,61,5,20,0.4021
EMP_04308,Female,Product,No,1,6.5,9.43,65,6,25,0.507
EMP_04309,Female,Service,Yes,5,5.8,3.32,34,1,24,0.5495
EMP_04310,Female,Product,Yes,2,2.5,3.66,33,13,17,0.1183
EMP_04311,Male,Product,Yes,4,3.1,0.84,36,9,15,0.4221
EMP_04312,Non-binary,Product,No,1,1.6,6.41,63,3,26,0.3167
EMP_04313,Male,Product,Yes,5,1.6,5.52,49,6,29,0.4363
EMP_04314,Female,Service,Yes,5,1.1,0.4,36,8,18,0.3359
EMP_04315,Non-binary,Service,No,4,3.0,7.52,53,4,21,0.5478
EMP_04316,Male,Service,No,3,7.1,8.29,50,6,8,0.6075
EMP_04317,Female,Service,Yes,2,3.8,9.07,38,12,24,0.2301
EMP_04318,Male,Product,No,2,4.1,5.46,48,12,18,0.3743
EMP_04319,Male,Product,No,1,2.2,4.53,49,7,20,0.1671
EMP_04320,Male,Service,Yes,3,6.2,8.76,57,16,3,0.5293
EMP_04321,Female,Service,Yes,2,4.1,3.99,61,7,20,0.3918
EMP_04322,Non-binary,Service,No,1,7.1,6.55,63,3,11,0.5751
EMP_04323,Female,Product,No,3,7.7,6.15,45,13,15,0.5661
EMP_04324,Male,Product,Yes,5,6.3,3.72,67,9,18,0.6219
EMP_04325,Female,Service,Yes,1,3.5,0.87,46,11,24,0.2444
EMP_04326,Non-binary,Product,Yes,3,5.6,0.21,40,7,21,0.4507
EMP_04327,Male,Product,Yes,4,3.3,4.28,33,15,28,0.3005
EMP_04328,Non-binary,Product,Yes,2,9.1,4.81,69,1,25,0.6552
EMP_04329,Male,Service,Yes,1,7.9,8.23,69,2,3,0.629
EMP_04330,Female,Product,No,5,5.4,4.14,47,1,10,0.6879
EMP_04331,Male,Service,No,1,9.7,2.81,35,15,12,0.3816
EMP_04332,Male,Product,Yes,2,5.9,4.62,61,4,9,0.5402
EMP_04333,Male,Service,Yes,2,4.0,2.38,34,4,5,0.3325
EMP_04334,Female,Service,Yes,3,1.9,0.91,44,14,15,0.2853
EMP_04335,Male,Product,Yes,5,5.9,1.13,45,5,22,0.6108
EMP_04336,Male,Service,No,3,8.7,3.19,46,1,13,0.6626
EMP_04337,Female,Product,No,5,8.8,0.13,66,15,25,0.6089
EMP_04338,Female,Product,Yes,1,6.4,2.2,44,7,22,0.4887
EMP_04339,Male,Service,Yes,1,4.5,7.88,64,16,7,0.3364
EMP_04340,Male,Product,Yes,3,6.9,2.35,37,14,15,0.4252
EMP_04341,Male,Product,No,4,7.9,1.11,64,15,14,0.6289
EMP_04342,Male,Product,Yes,2,4.7,9.49,65,15,18,0.3278
EMP_04343,Female,Product,No,3,5.3,6.22,56,1,19,0.5984
EMP_04344,Female,Service,No,3,7.1,0.6,43,19,16,0.4635
EMP_04345,Female,Product,Yes,1,8.9,0.62,52,7,23,0.4483
EMP_04346,Male,Service,No,2,8.1,6.12,49,18,28,0.4845
EMP_04347,Female,Service,No,3,1.2,5.4,35,15,12,0.2117
EMP_04348,Female,Product,No,1,2.1,0.68,53,13,15,0.2123
EMP_04349,Female,Product,No,1,8.7,2.24,52,19,14,0.3406
EMP_04350,Female,Service,Yes,3,8.5,9.29,65,18,6,0.6592
EMP_04351,Female,Product,Yes,3,4.5,5.72,41,4,21,0.4903
EMP_04352,Female,Product,No,1,6.3,4.4,31,18,14,0.2253
EMP_04353,Male,Product,No,3,9.2,2.5,56,4,27,0.6441
EMP_04354,Non-binary,Service,No,2,9.2,1.34,61,16,3,0.5822
EMP_04355,Male,Service,Yes,1,8.0,4.03,58,14,12,0.4745
EMP_04356,Female,Product,No,1,2.9,9.22,69,14,23,0.2838
EMP_04357,Male,Product,Yes,3,7.6,0.49,69,7,28,0.6187
EMP_04358,Female,Service,Yes,3,1.9,9.91,62,13,4,0.3478
EMP_04359,Female,Service,Yes,3,9.0,2.08,58,14,7,0.5238
EMP_04360,Male,Service,Yes,2,2.3,4.09,62,10,23,0.3109
EMP_04361,Male,Service,Yes,1,7.0,0.45,65,13,28,0.4476
EMP_04362,Female,Product,No,4,6.5,5.85,46,6,29,0.552
EMP_04363,Female,Service,Yes,2,8.0,4.84,39,11,19,0.5042
EMP_04364,Male,Product,Yes,2,6.0,6.67,30,6,6,0.4682
EMP_04365,Male,Product,Yes,1,1.5,5.43,46,11,9,0.2297
EMP_04366,Female,Service,Yes,4,7.4,3.98,57,19,17,0.5624
EMP_04367,Male,Product,No,1,4.4,7.38,67,17,3,0.2745
EMP_04368,Male,Service,Yes,2,3.9,0.25,65,3,16,0.4154
EMP_04369,Male,Product,Yes,3,9.9,5.41,56,1,28,0.7484
EMP_04370,Male,Service,No,1,6.3,1.14,66,16,17,0.3763
EMP_04371,Male,Service,No,1,7.4,4.36,54,12,4,0.4776
EMP_04372,Male,Product,No,3,5.7,7.91,63,14,22,0.4977
EMP_04373,Male,Service,No,4,7.9,1.42,32,18,28,0.5287
EMP_04374,Male,Product,No,4,7.8,9.36,58,3,4,0.7627
EMP_04375,Male,Service,Yes,1,6.9,8.89,64,8,18,0.4828
EMP_04376,Male,Product,No,3,10.0,4.15,39,18,4,0.4899
EMP_04377,Male,Service,No,1,5.1,0.06,67,16,18,0.3698
EMP_04378,Female,Product,Yes,3,7.4,7.9,67,15,19,0.6377
EMP_04379,Male,Product,No,2,8.2,8.81,30,2,20,0.5379
EMP_04380,Male,Product,No,3,4.4,1.75,30,16,21,0.3198
EMP_04381,Male,Product,Yes,1,5.1,9.16,61,10,18,0.4589
EMP_04382,Male,Service,Yes,5,9.7,9.14,51,11,6,0.6859
EMP_04383,Female,Service,No,4,1.3,4.71,48,19,19,0.3484
EMP_04384,Female,Service,Yes,1,4.0,7.98,64,19,3,0.2804
EMP_04385,Female,Product,Yes,3,5.4,4.45,35,10,25,0.4967
EMP_04386,Female,Product,No,3,1.0,5.64,63,17,23,0.3148
EMP_04387,Non-binary,Product,Yes,4,9.1,3.2,44,1,15,0.7245
EMP_04388,Male,Service,Yes,1,3.6,1.59,32,7,9,0.3283
EMP_04389,Male,Service,No,5,3.3,7.47,66,16,28,0.5139
EMP_04390,Male,Product,No,2,8.4,0.01,51,11,11,0.5644
EMP_04391,Male,Product,Yes,5,3.5,5.8,58,18,16,0.4933
EMP_04392,Male,Product,No,2,6.9,8.65,43,1,3,0.5263
EMP_04393,Female,Service,Yes,2,8.4,2.21,59,2,10,0.5583
EMP_04394,Male,Service,Yes,1,8.1,3.33,44,2,12,0.5788
EMP_04395,Non-binary,Service,Yes,2,8.0,5.87,58,6,6,0.5875
EMP_04396,Female,Product,No,3,1.8,2.47,43,8,27,0.3351
EMP_04397,Male,Service,Yes,2,1.7,8.47,32,14,15,0.2259
EMP_04398,Male,Service,Yes,2,3.8,3.67,51,8,20,0.3887
EMP_04399,Male,Product,No,4,1.3,5.82,62,17,11,0.3745
EMP_04400,Male,Product,Yes,4,5.5,2.26,52,5,10,0.5471
EMP_04401,Male,Product,No,1,4.6,0.41,36,3,8,0.3952
EMP_04402,Male,Product,Yes,1,6.0,1.74,49,18,23,0.3644
EMP_04403,Male,Service,No,3,3.7,0.46,36,10,21,0.3068
EMP_04404,Male,Product,Yes,4,5.4,4.69,46,4,18,0.5278
EMP_04405,Non-binary,Service,Yes,5,4.0,5.87,61,10,3,0.4942
EMP_04406,Female,Service,Yes,1,2.8,0.45,44,18,17,0.2459
EMP_04407,Non-binary,Product,No,1,6.8,0.9,42,13,8,0.3345
EMP_04408,Male,Service,No,4,7.1,4.86,32,17,12,0.4995
EMP_04409,Male,Product,Yes,4,8.5,7.99,54,14,7,0.6165
EMP_04410,Female,Product,No,3,8.9,6.28,61,19,10,0.5954
EMP_04411,Male,Product,Yes,4,7.3,1.05,45,18,3,0.5303
EMP_04412,Male,Product,No,2,7.2,8.88,30,8,15,0.5282
EMP_04413,Female,Product,No,5,1.5,9.17,32,18,28,0.3675
EMP_04414,Female,Product,No,2,2.0,3.25,49,16,18,0.1468
EMP_04415,Male,Product,No,2,8.3,6.16,57,11,19,0.5891
EMP_04416,Male,Product,No,2,3.1,4.92,51,17,9,0.3653
EMP_04417,Male,Service,Yes,1,4.2,9.42,65,18,17,0.3105
EMP_04418,Male,Product,No,2,2.3,5.09,30,19,26,0.2245
EMP_04419,Male,Service,No,1,2.8,9.6,43,18,16,0.1563
EMP_04420,Male,Product,No,4,8.0,1.99,44,14,28,0.58
EMP_04421,Male,Service,Yes,5,3.4,3.46,61,17,19,0.4549
EMP_04422,Non-binary,Product,Yes,5,5.0,7.81,47,8,27,0.4792
EMP_04423,Female,Service,Yes,2,2.4,7.84,67,15,25,0.2973
EMP_04424,Female,Product,No,5,7.1,7.32,51,17,9,0.6468
EMP_04425,Male,Service,Yes,1,7.6,8.6,45,11,26,0.4807
EMP_04426,Male,Product,Yes,4,4.3,7.03,40,6,16,0.4825
EMP_04427,Male,Product,Yes,2,8.1,6.36,36,19,10,0.4586
EMP_04428,Male,Service,Yes,3,3.2,4.59,38,16,15,0.2177
EMP_04429,Male,Product,Yes,5,7.2,4.67,30,12,3,0.5503
EMP_04430,Female,Product,Yes,5,7.6,4.06,37,15,6,0.5256
EMP_04431,Female,Product,No,2,9.7,6.2,40,11,13,0.4691
EMP_04432,Male,Service,No,5,3.1,4.07,34,7,11,0.4889
EMP_04433,Male,Service,Yes,5,1.8,1.47,58,10,21,0.4477
EMP_04434,Female,Product,No,3,3.4,1.07,35,19,24,0.2309
EMP_04435,Male,Service,No,1,2.1,9.24,41,5,6,0.2478
EMP_04436,Male,Product,Yes,2,2.5,0.25,68,17,3,0.199
EMP_04437,Male,Product,Yes,2,4.0,1.05,36,19,21,0.2146
EMP_04438,Female,Service,No,3,4.7,4.45,41,4,21,0.4865
EMP_04439,Non-binary,Service,Yes,3,9.1,2.63,62,1,21,0.6786
EMP_04440,Male,Service,No,1,2.8,4.06,48,14,13,0.2772
EMP_04441,Female,Product,Yes,4,9.7,1.17,65,17,8,0.5799
EMP_04442,Female,Product,Yes,2,8.3,1.31,48,14,27,0.3713
EMP_04443,Male,Product,No,5,8.9,8.01,50,6,9,0.7597
EMP_04444,Male,Product,Yes,1,9.4,7.59,48,5,25,0.6079
EMP_04445,Male,Product,No,2,7.8,1.04,38,3,3,0.5341
EMP_04446,Non-binary,Service,Yes,1,8.1,6.68,51,15,17,0.3815
EMP_04447,Male,Service,Yes,4,4.9,6.09,48,7,27,0.5095
EMP_04448,Female,Product,Yes,2,5.6,7.13,66,11,6,0.4918
EMP_04449,Male,Product,Yes,5,9.4,4.74,40,10,15,0.7354
EMP_04450,Female,Service,Yes,2,4.4,2.7,54,14,26,0.249
EMP_04451,Male,Product,Yes,1,1.4,6.64,64,3,14,0.3128
EMP_04452,Female,Service,Yes,4,7.9,3.71,34,14,3,0.5435
EMP_04453,Female,Product,No,1,6.2,2.19,60,17,10,0.3027
EMP_04454,Female,Product,Yes,1,8.3,4.09,43,4,27,0.5157
EMP_04455,Female,Service,No,3,1.7,7.63,42,6,23,0.3034
EMP_04456,Male,Product,Yes,1,6.6,4.76,63,5,25,0.5269
EMP_04457,Female,Product,Yes,4,3.2,3.0,63,10,13,0.5155
EMP_04458,Male,Product,No,5,9.1,8.32,47,7,12,0.6993
EMP_04459,Male,Service,Yes,3,2.0,8.82,35,15,4,0.2184
EMP_04460,Male,Service,Yes,1,8.6,4.33,50,18,19,0.484
EMP_04461,Male,Product,Yes,2,1.8,3.75,69,1,15,0.4126
EMP_04462,Male,Product,No,3,1.2,6.13,34,4,29,0.3275
EMP_04463,Non-binary,Service,No,4,3.1,0.58,31,11,24,0.2744
EMP_04464,Male,Product,Yes,2,4.0,6.91,35,10,11,0.3474
EMP_04465,Female,Service,Yes,4,6.6,7.82,37,13,18,0.521
EMP_04466,Male,Product,No,2,2.2,3.97,31,19,19,0.1984
EMP_04467,Male,Product,Yes,5,4.9,1.75,52,10,12,0.5654
EMP_04468,Male,Service,Yes,4,2.8,0.29,49,18,19,0.3072
EMP_04469,Non-binary,Product,Yes,2,8.7,6.37,33,9,22,0.4799
EMP_04470,Female,Service,Yes,4,1.4,2.69,44,9,12,0.3705
EMP_04471,Female,Product,Yes,3,4.2,4.64,59,12,24,0.4497
EMP_04472,Non-binary,Product,No,4,6.7,3.86,49,14,16,0.4463
EMP_04473,Male,Service,Yes,4,9.2,1.75,53,2,17,0.6788
EMP_04474,Male,Product,Yes,2,8.8,5.08,38,10,11,0.5598
EMP_04475,Female,Service,No,4,9.1,4.6,50,18,4,0.5067
EMP_04476,Male,Product,Yes,5,1.6,6.24,67,6,16,0.4581
EMP_04477,Male,Service,Yes,1,8.6,2.52,42,2,23,0.5727
EMP_04478,Male,Service,Yes,3,8.0,2.15,34,17,9,0.4031
EMP_04479,Female,Product,No,2,9.1,8.14,43,18,6,0.4141
EMP_04480,Female,Service,Yes,4,3.8,7.02,36,18,15,0.3209
EMP_04481,Male,Service,Yes,4,9.2,7.72,35,14,24,0.5718
EMP_04482,Male,Product,No,4,4.6,1.23,41,11,24,0.3987
EMP_04483,Female,Service,No,3,6.7,2.24,45,19,6,0.3975
EMP_04484,Female,Service,No,1,4.8,5.76,61,16,6,0.352
EMP_04485,Male,Product,Yes,5,4.8,8.57,40,8,11,0.6167
EMP_04486,Female,Product,Yes,5,5.9,8.92,33,18,13,0.4357
EMP_04487,Male,Product,Yes,2,4.2,8.32,58,3,3,0.4166
EMP_04488,Male,Product,Yes,1,8.1,0.43,63,4,15,0.5779
EMP_04489,Female,Service,No,1,6.7,8.21,38,5,23,0.5202
EMP_04490,Female,Product,Yes,3,7.2,8.99,39,4,29,0.5058
EMP_04491,Male,Service,No,4,3.1,0.57,37,7,27,0.3899
EMP_04492,Female,Product,Yes,1,9.7,4.16,65,6,11,0.6359
EMP_04493,Female,Product,Yes,4,6.9,5.37,61,17,27,0.5493
EMP_04494,Female,Service,No,3,2.8,2.33,35,14,20,0.1854
EMP_04495,Female,Product,Yes,2,7.8,5.17,35,5,9,0.5871
EMP_04496,Female,Product,No,2,2.6,8.86,56,15,16,0.1829
EMP_04497,Male,Product,No,4,1.6,8.67,31,10,28,0.2164
EMP_04498,Male,Product,Yes,4,5.7,9.4,38,2,26,0.5982
EMP_04499,Male,Product,Yes,1,6.0,4.84,67,12,19,0.4054
EMP_04500,Male,Service,Yes,3,2.7,4.11,34,11,20,0.3375
EMP_04501,Female,Product,No,2,4.1,6.66,63,7,3,0.3522
EMP_04502,Male,Service,Yes,1,9.5,4.17,43,7,11,0.5386
EMP_04503,Male,Service,No,5,3.6,0.42,39,19,12,0.4534
EMP_04504,Male,Product,Yes,1,2.4,7.2,36,7,18,0.2082
EMP_04505,Male,Product,No,4,9.9,2.81,49,14,13,0.6839
EMP_04506,Male,Service,No,5,3.7,0.49,40,12,23,0.4553
EMP_04507,Female,Service,Yes,1,7.1,0.21,42,10,6,0.3693
EMP_04508,Male,Product,Yes,3,3.1,9.31,46,5,26,0.5129
EMP_04509,Female,Product,Yes,2,6.0,2.52,66,7,21,0.4986
EMP_04510,Non-binary,Product,Yes,5,4.5,4.48,65,6,10,0.5763
EMP_04511,Male,Product,Yes,3,9.7,9.51,62,2,5,0.7686
EMP_04512,Male,Service,Yes,1,4.9,4.68,39,13,24,0.1684
EMP_04513,Male,Service,No,4,6.3,0.79,63,16,6,0.4226
EMP_04514,Female,Product,No,4,9.5,5.52,42,8,10,0.6714
EMP_04515,Female,Service,No,3,9.9,0.88,54,13,25,0.6364
EMP_04516,Male,Service,Yes,4,1.9,0.95,62,14,14,0.3002
EMP_04517,Male,Product,No,2,8.5,8.51,39,5,7,0.476
EMP_04518,Female,Product,Yes,3,4.4,2.89,53,3,5,0.4463
EMP_04519,Male,Service,Yes,3,6.4,6.79,34,14,7,0.427
EMP_04520,Male,Service,Yes,4,4.4,5.09,39,13,6,0.5162
EMP_04521,Female,Service,Yes,3,4.6,2.22,68,17,26,0.4379
EMP_04522,Female,Product,Yes,1,2.4,5.18,56,9,13,0.3042
EMP_04523,Female,Product,Yes,5,6.2,0.69,65,7,23,0.7234
EMP_04524,Female,Product,No,5,5.9,3.47,62,18,28,0.6478
EMP_04525,Female,Service,Yes,4,2.7,5.23,57,11,28,0.4652
EMP_04526,Male,Service,No,2,5.9,2.28,69,16,18,0.4723
EMP_04527,Female,Product,Yes,2,9.8,6.6,32,18,23,0.4472
EMP_04528,Female,Service,Yes,4,7.4,0.52,60,7,20,0.6079
EMP_04529,Female,Service,Yes,4,5.3,4.85,58,4,27,0.5472
EMP_04530,Male,Service,No,3,9.2,7.15,50,19,8,0.5942
EMP_04531,Male,Service,Yes,2,6.2,4.3,61,11,29,0.4944
EMP_04532,Male,Product,Yes,5,2.2,8.75,57,13,18,0.5206
EMP_04533,Male,Service,Yes,4,5.9,6.32,50,6,3,0.6245
EMP_04534,Male,Product,Yes,5,2.6,9.58,64,13,21,0.4799
EMP_04535,Female,Product,No,5,7.9,2.84,59,2,22,0.7662
EMP_04536,Female,Service,Yes,2,9.7,9.39,46,14,18,0.6644
EMP_04537,Male,Service,Yes,5,4.2,6.07,58,13,12,0.5184
EMP_04538,Female,Product,No,3,4.9,7.45,31,5,28,0.4493
EMP_04539,Male,Service,Yes,3,4.8,9.02,62,3,16,0.5459
EMP_04540,Male,Service,No,2,3.6,5.51,33,4,20,0.3539
EMP_04541,Male,Service,No,3,8.1,8.62,68,14,15,0.6318
EMP_04542,Male,Product,No,4,6.6,5.42,54,18,29,0.5637
EMP_04543,Male,Service,Yes,2,1.6,5.99,34,11,15,0.1867
EMP_04544,Male,Product,No,5,8.5,4.45,33,19,28,0.5769
EMP_04545,Male,Product,Yes,4,2.7,1.46,58,2,17,0.4132
EMP_04546,Female,Product,No,2,9.8,5.54,66,2,6,0.6491
EMP_04547,Male,Product,Yes,5,4.4,9.77,37,3,20,0.6212
EMP_04548,Female,Service,Yes,5,6.5,7.87,49,16,17,0.5045
EMP_04549,Female,Product,No,5,1.7,7.47,35,1,8,0.4863
EMP_04550,Female,Service,Yes,5,4.1,6.43,65,10,12,0.5245
EMP_04551,Non-binary,Product,No,5,8.2,3.48,61,6,17,0.6701
EMP_04552,Male,Service,No,2,5.3,1.7,34,17,27,0.3104
EMP_04553,Male,Service,Yes,3,9.1,2.25,69,19,3,0.6992
EMP_04554,Female,Service,Yes,5,6.2,0.06,49,12,7,0.5722
EMP_04555,Male,Service,Yes,4,9.4,6.73,33,16,11,0.5668
EMP_04556,Female,Service,No,2,9.8,8.12,68,2,29,0.696
EMP_04557,Female,Service,Yes,1,5.1,2.69,51,15,25,0.2589
EMP_04558,Female,Service,Yes,3,6.1,0.92,62,19,16,0.4227
EMP_04559,Non-binary,Product,No,4,8.5,3.36,60,1,13,0.7761
EMP_04560,Non-binary,Service,No,5,3.0,2.92,58,6,8,0.5195
EMP_04561,Female,Product,No,2,8.8,4.51,34,18,18,0.428
EMP_04562,Male,Product,No,2,6.3,2.64,39,19,25,0.2506
EMP_04563,Female,Service,Yes,5,7.5,3.4,40,3,11,0.6016
EMP_04564,Male,Product,Yes,4,1.7,9.08,66,5,5,0.4274
EMP_04565,Male,Service,Yes,2,7.9,3.35,51,3,10,0.5473
EMP_04566,Female,Product,No,3,3.8,7.86,53,7,19,0.4475
EMP_04567,Male,Product,No,4,8.2,6.26,50,7,28,0.7436
EMP_04568,Male,Product,No,5,5.6,3.38,65,1,24,0.6924
EMP_04569,Male,Product,No,4,3.5,8.18,45,13,11,0.4
EMP_04570,Female,Service,Yes,4,9.6,5.95,31,13,19,0.6503
EMP_04571,Male,Product,Yes,1,7.9,0.09,44,15,7,0.4264
EMP_04572,Female,Product,Yes,5,9.9,0.69,55,19,26,0.6693
EMP_04573,Male,Product,Yes,3,4.3,7.53,59,7,28,0.4797
EMP_04574,Female,Product,No,5,6.8,4.47,31,17,13,0.5763
EMP_04575,Female,Service,Yes,1,6.5,4.06,58,10,8,0.439
EMP_04576,Male,Product,No,5,7.2,1.46,35,19,24,0.4386
EMP_04577,Male,Service,No,5,1.3,1.57,30,18,16,0.24
EMP_04578,Male,Service,Yes,3,3.6,7.98,69,8,5,0.5044
EMP_04579,Non-binary,Service,Yes,1,9.2,8.29,40,8,26,0.5041
EMP_04580,Female,Service,Yes,5,4.8,5.6,52,9,19,0.5869
EMP_04581,Non-binary,Product,Yes,5,9.6,2.95,55,13,6,0.6391
EMP_04582,Male,Product,No,2,2.9,9.33,60,13,10,0.3916
EMP_04583,Female,Service,Yes,5,10.0,6.24,44,2,8,0.7838
EMP_04584,Female,Service,No,3,7.3,7.97,38,7,13,0.5194
EMP_04585,Female,Service,No,2,8.0,0.03,63,7,27,0.5947
EMP_04586,Non-binary,Service,Yes,1,4.6,4.5,68,1,3,0.4543
EMP_04587,Male,Product,No,4,9.2,8.71,46,14,17,0.6174
EMP_04588,Male,Product,No,3,5.9,3.38,64,6,18,0.5431
EMP_04589,Female,Service,No,1,7.1,7.27,65,13,4,0.4613
EMP_04590,Female,Service,Yes,2,1.9,6.58,32,1,15,0.278
EMP_04591,Female,Product,Yes,4,6.7,1.52,69,3,14,0.6764
EMP_04592,Male,Service,Yes,1,8.9,7.75,40,15,16,0.4485
EMP_04593,Male,Product,Yes,3,2.6,1.13,57,18,3,0.3293
EMP_04594,Male,Product,No,2,7.6,7.28,57,10,13,0.4574
EMP_04595,Male,Service,No,3,1.2,9.91,48,15,6,0.2842
EMP_04596,Female,Service,No,3,9.3,9.58,31,8,15,0.6754
EMP_04597,Female,Product,Yes,2,9.8,8.0,61,5,27,0.6565
EMP_04598,Male,Product,Yes,5,4.2,5.35,40,9,22,0.4872
EMP_04599,Male,Product,No,3,2.0,6.75,45,1,27,0.4655
EMP_04600,Male,Service,Yes,2,6.9,7.28,40,19,8,0.271
EMP_04601,Male,Product,Yes,3,1.3,0.08,32,8,7,0.313
EMP_04602,Female,Service,Yes,5,5.3,1.02,58,5,28,0.6285
EMP_04603,Female,Service,Yes,2,3.4,5.97,34,18,6,0.2298
EMP_04604,Male,Service,No,1,5.3,0.07,57,9,15,0.4092
EMP_04605,Female,Product,Yes,1,1.2,9.09,60,1,28,0.3102
EMP_04606,Female,Service,No,1,1.5,4.9,42,19,20,0.0603
EMP_04607,Female,Product,No,4,1.1,2.58,54,14,15,0.2923
EMP_04608,Male,Product,Yes,3,6.6,3.94,35,14,10,0.412
EMP_04609,Non-binary,Product,No,3,6.0,8.51,32,4,21,0.4835
EMP_04610,Male,Product,Yes,2,3.1,9.27,51,7,17,0.3899
EMP_04611,Male,Service,No,4,6.8,1.16,68,11,3,0.5986
EMP_04612,Male,Product,Yes,3,9.0,7.78,61,2,13,0.7343
EMP_04613,Male,Product,No,2,3.5,5.78,59,18,18,0.3798
EMP_04614,Male,Service,Yes,5,8.5,5.86,36,10,12,0.6388
EMP_04615,Male,Product,No,3,7.0,7.79,54,1,9,0.7011
EMP_04616,Male,Service,No,3,1.3,2.23,31,14,10,0.2604
EMP_04617,Female,Product,Yes,5,4.4,5.31,37,10,25,0.3856
EMP_04618,Female,Product,No,5,5.6,3.19,62,18,22,0.4759
EMP_04619,Male,Service,Yes,3,7.6,0.95,57,7,18,0.512
EMP_04620,Female,Product,Yes,5,3.6,1.05,39,19,26,0.4445
EMP_04621,Female,Service,No,2,9.8,1.36,67,4,12,0.6668
EMP_04622,Female,Product,No,3,7.2,6.15,47,14,6,0.4827
EMP_04623,Male,Product,Yes,3,4.4,1.06,42,9,14,0.3222
EMP_04624,Female,Product,Yes,1,1.9,5.7,50,4,23,0.3293
EMP_04625,Non-binary,Product,No,3,2.6,5.88,62,6,18,0.4088
EMP_04626,Female,Product,No,1,5.4,9.04,52,2,26,0.3551
EMP_04627,Male,Service,Yes,5,5.5,6.26,30,1,20,0.6745
EMP_04628,Male,Product,Yes,5,7.9,9.86,69,17,18,0.6944
EMP_04629,Female,Product,No,2,7.5,0.31,50,4,15,0.5807
EMP_04630,Male,Product,No,1,2.8,7.04,34,5,18,0.2662
EMP_04631,Male,Service,No,3,6.4,0.26,64,18,28,0.43
EMP_04632,Male,Service,Yes,1,1.2,7.29,47,13,17,0.1778
EMP_04633,Female,Service,No,5,4.6,3.86,67,11,10,0.5919
EMP_04634,Female,Service,No,5,7.9,6.11,65,1,17,0.7539
EMP_04635,Male,Product,Yes,2,4.6,3.1,58,12,23,0.2899
EMP_04636,Non-binary,Product,Yes,5,8.5,1.59,55,13,23,0.548
EMP_04637,Male,Service,No,1,9.8,7.24,65,4,9,0.6512
EMP_04638,Female,Service,Yes,3,6.5,9.05,67,12,22,0.5875
EMP_04639,Female,Product,No,3,2.3,1.84,47,6,21,0.3375
EMP_04640,Female,Product,No,1,4.4,9.21,58,13,24,0.3018
EMP_04641,Non-binary,Service,No,2,1.1,1.4,60,14,16,0.1943
EMP_04642,Male,Service,No,3,6.4,7.36,42,12,8,0.4836
EMP_04643,Female,Product,Yes,1,8.4,9.59,59,2,15,0.6201
EMP_04644,Male,Service,Yes,1,6.7,1.47,36,12,28,0.3343
EMP_04645,Female,Product,No,5,8.1,4.35,69,6,14,0.7248
EMP_04646,Female,Product,Yes,5,8.2,3.37,35,4,24,0.7387
EMP_04647,Female,Product,Yes,2,8.7,3.88,31,1,9,0.5116
EMP_04648,Male,Product,Yes,2,3.4,7.53,37,8,22,0.2791
EMP_04649,Female,Product,Yes,2,8.8,6.61,39,8,5,0.527
EMP_04650,Male,Service,No,1,6.9,9.69,51,12,5,0.5
EMP_04651,Male,Product,Yes,1,3.6,1.85,39,4,5,0.3236
EMP_04652,Female,Service,Yes,5,9.9,5.43,64,16,17,0.7399
EMP_04653,Male,Product,No,3,9.6,4.49,48,14,18,0.5403
EMP_04654,Female,Product,No,2,6.2,9.19,33,14,15,0.3462
EMP_04655,Male,Service,No,4,8.6,0.11,48,2,18,0.6586
EMP_04656,Male,Service,No,2,3.4,9.89,49,17,4,0.2847
EMP_04657,Female,Service,No,5,4.7,4.8,33,8,8,0.4772
EMP_04658,Male,Service,No,1,2.7,6.26,55,7,19,0.3744
EMP_04659,Male,Product,Yes,5,5.7,3.6,32,13,8,0.6454
EMP_04660,Female,Product,No,5,5.5,8.53,59,11,26,0.572
EMP_04661,Male,Service,Yes,5,2.9,5.62,65,19,24,0.4758
EMP_04662,Female,Service,No,4,7.1,6.63,35,19,20,0.5222
EMP_04663,Male,Service,Yes,4,2.1,6.49,68,10,25,0.4207
EMP_04664,Female,Service,Yes,2,1.6,3.64,56,11,14,0.2268
EMP_04665,Female,Service,Yes,1,4.5,0.76,45,16,21,0.1954
EMP_04666,Female,Product,Yes,5,4.7,8.08,45,8,27,0.5855
EMP_04667,Male,Service,No,3,3.9,2.9,65,2,14,0.5308
EMP_04668,Female,Service,No,2,3.3,8.49,63,14,29,0.4147
EMP_04669,Female,Service,No,2,4.0,6.09,68,17,26,0.4713
EMP_04670,Female,Product,No,5,2.5,3.54,53,17,24,0.4211
EMP_04671,Male,Product,Yes,2,4.6,5.94,68,11,19,0.4412
EMP_04672,Female,Product,No,5,9.1,6.45,35,1,4,0.7036
EMP_04673,Female,Product,Yes,2,3.0,7.07,49,19,16,0.2964
EMP_04674,Male,Service,No,1,7.2,8.22,38,1,15,0.3469
EMP_04675,Male,Product,Yes,2,2.3,1.6,50,4,26,0.2994
EMP_04676,Female,Product,Yes,2,4.2,9.44,40,7,8,0.2854
EMP_04677,Male,Product,No,3,3.9,4.11,59,1,19,0.4833
EMP_04678,Non-binary,Service,No,1,9.4,8.6,30,11,11,0.52
EMP_04679,Female,Product,No,1,4.9,2.2,56,13,10,0.4105
EMP_04680,Female,Product,No,1,7.2,0.29,35,3,16,0.3017
EMP_04681,Male,Product,Yes,2,6.4,5.73,36,8,4,0.4962
EMP_04682,Male,Product,No,4,2.3,3.25,51,12,12,0.3547
EMP_04683,Non-binary,Product,No,2,9.5,9.84,63,2,23,0.7107
EMP_04684,Male,Product,Yes,5,4.1,1.04,49,1,5,0.6023
EMP_04685,Female,Service,Yes,3,1.4,0.47,44,14,19,0.2218
EMP_04686,Male,Product,Yes,1,3.7,0.45,38,15,9,0.1569
EMP_04687,Male,Product,No,5,4.0,2.17,47,4,27,0.5033
EMP_04688,Male,Service,Yes,5,1.8,5.79,65,7,14,0.4535
EMP_04689,Male,Product,Yes,4,6.6,5.06,59,1,29,0.67
EMP_04690,Non-binary,Service,Yes,1,4.1,3.5,40,5,9,0.378
EMP_04691,Male,Product,Yes,2,6.7,0.89,62,14,5,0.4903
EMP_04692,Male,Service,No,1,1.1,2.34,69,6,8,0.2718
EMP_04693,Male,Service,No,3,9.8,1.84,35,7,5,0.5691
EMP_04694,Male,Service,Yes,1,2.5,7.46,68,12,6,0.3179
EMP_04695,Male,Product,Yes,5,6.9,7.8,51,7,18,0.7599
EMP_04696,Female,Product,Yes,5,7.4,7.77,68,18,17,0.6061
EMP_04697,Male,Product,No,2,2.5,9.69,48,16,3,0.3117
EMP_04698,Male,Service,Yes,2,2.0,8.84,51,9,4,0.3354
EMP_04699,Male,Service,Yes,2,2.4,4.98,60,7,3,0.3137
EMP_04700,Non-binary,Product,No,3,3.2,4.15,54,14,28,0.365
EMP_04701,Male,Product,Yes,1,2.5,9.16,59,2,20,0.3451
EMP_04702,Male,Product,No,4,7.1,6.11,33,13,6,0.4723
EMP_04703,Female,Product,Yes,1,4.8,2.94,55,7,8,0.3199
EMP_04704,Female,Product,No,2,5.8,5.64,36,19,13,0.2858
EMP_04705,Male,Product,Yes,3,1.4,9.92,69,2,14,0.398
EMP_04706,Male,Service,Yes,1,8.8,8.49,41,6,10,0.6256
EMP_04707,Female,Service,Yes,5,2.5,2.81,30,12,16,0.3132
EMP_04708,Male,Service,No,1,4.2,9.53,35,2,12,0.4422
EMP_04709,Female,Product,No,5,1.6,9.81,30,17,27,0.346
EMP_04710,Female,Service,Yes,1,2.2,2.31,37,12,28,0.0812
EMP_04711,Male,Service,No,1,7.0,8.96,62,9,25,0.4562
EMP_04712,Male,Product,No,1,7.2,8.83,33,14,6,0.3951
EMP_04713,Male,Service,No,2,7.1,0.4,69,3,17,0.5359
EMP_04714,Female,Product,No,5,6.0,6.7,35,3,18,0.6208
EMP_04715,Male,Product,Yes,3,9.6,3.05,32,16,16,0.427
EMP_04716,Male,Product,No,4,5.6,6.75,44,6,17,0.5513
EMP_04717,Female,Product,Yes,5,5.0,9.14,35,8,25,0.5397
EMP_04718,Non-binary,Service,Yes,2,3.2,4.99,35,13,19,0.3542
EMP_04719,Male,Product,Yes,5,1.9,4.14,66,8,29,0.4512
EMP_04720,Female,Product,No,3,5.9,9.22,56,8,14,0.5809
EMP_04721,Male,Product,No,5,3.8,9.74,34,7,15,0.5715
EMP_04722,Male,Service,No,2,5.7,0.62,68,5,16,0.5498
EMP_04723,Male,Product,No,2,2.9,9.23,46,1,28,0.4588
EMP_04724,Male,Service,No,4,8.5,0.83,52,13,13,0.5934
EMP_04725,Male,Service,Yes,3,10.0,3.37,46,8,13,0.6657
EMP_04726,Male,Product,Yes,4,3.9,7.63,52,11,8,0.4404
EMP_04727,Female,Product,Yes,1,8.6,7.77,68,7,3,0.6182
EMP_04728,Female,Service,Yes,2,8.9,7.26,62,19,26,0.4787
EMP_04729,Female,Product,Yes,4,10.0,0.39,31,7,22,0.5994
EMP_04730,Male,Product,Yes,2,4.1,1.33,39,16,10,0.3635
EMP_04731,Male,Service,No,2,7.8,9.36,48,12,10,0.5636
EMP_04732,Male,Product,No,1,3.1,0.81,69,11,20,0.2198
EMP_04733,Female,Product,No,2,6.6,0.79,38,9,24,0.4287
EMP_04734,Female,Product,No,4,7.3,8.36,44,7,15,0.5685
EMP_04735,Male,Product,Yes,3,7.7,6.41,53,14,28,0.578
EMP_04736,Male,Service,No,5,2.9,3.52,41,4,16,0.4973
EMP_04737,Male,Service,Yes,4,8.6,1.66,51,3,17,0.6934
EMP_04738,Male,Service,Yes,1,4.8,8.84,47,9,6,0.3321
EMP_04739,Male,Service,No,5,2.9,9.89,31,5,21,0.5512
EMP_04740,Female,Product,Yes,2,5.9,0.5,44,3,15,0.4143
EMP_04741,Female,Product,Yes,4,8.8,5.54,68,1,11,0.793
EMP_04742,Male,Product,Yes,5,9.7,2.61,38,18,18,0.613
EMP_04743,Male,Product,No,4,7.7,8.32,51,13,28,0.5374
EMP_04744,Non-binary,Service,No,2,1.1,3.46,46,4,11,0.2538
EMP_04745,Male,Service,Yes,4,2.2,7.15,43,18,4,0.2311
EMP_04746,Male,Product,No,1,1.7,5.4,60,9,23,0.2874
EMP_04747,Male,Product,Yes,5,1.9,5.42,36,7,28,0.3793
EMP_04748,Male,Product,Yes,5,4.4,8.58,64,15,12,0.5322
EMP_04749,Male,Product,Yes,5,4.0,4.7,63,13,9,0.5547
EMP_04750,Female,Product,No,4,2.0,8.46,32,2,11,0.3805
EMP_04751,Male,Product,Yes,2,8.9,3.63,31,11,10,0.3736
EMP_04752,Male,Service,Yes,4,6.5,1.75,56,4,28,0.6243
EMP_04753,Female,Service,Yes,4,8.2,4.55,31,18,22,0.4702
EMP_04754,Male,Product,Yes,5,4.3,4.98,34,3,21,0.5133
EMP_04755,Female,Product,No,2,4.7,4.78,50,2,3,0.4784
EMP_04756,Female,Product,Yes,3,3.9,8.08,36,12,3,0.3166
EMP_04757,Male,Service,Yes,2,4.9,5.65,54,4,27,0.4773
EMP_04758,Female,Service,Yes,4,6.5,8.88,30,14,22,0.4936
EMP_04759,Male,Service,Yes,1,5.4,5.14,38,16,10,0.2808
EMP_04760,Non-binary,Product,No,2,8.5,2.25,31,4,6,0.5016
EMP_04761,Male,Service,Yes,5,9.1,1.29,32,12,24,0.6338
EMP_04762,Non-binary,Product,Yes,1,5.2,8.68,66,19,6,0.3878
EMP_04763,Female,Service,Yes,3,3.2,0.56,33,19,17,0.142
EMP_04764,Male,Product,Yes,3,9.5,1.18,50,12,4,0.6297
EMP_04765,Male,Product,No,1,7.6,0.64,55,15,19,0.3854
EMP_04766,Non-binary,Service,No,3,6.8,4.24,66,3,10,0.5363
EMP_04767,Female,Product,No,1,7.7,5.33,43,19,18,0.3566
EMP_04768,Male,Product,Yes,4,1.7,0.2,39,15,8,0.2152
EMP_04769,Female,Product,No,1,1.6,5.16,55,7,3,0.308
EMP_04770,Male,Product,No,4,2.4,3.94,39,4,7,0.3327
EMP_04771,Male,Product,Yes,5,2.3,7.74,66,1,21,0.5884
EMP_04772,Male,Product,No,5,4.8,8.3,47,9,20,0.5724
EMP_04773,Male,Product,No,3,2.4,6.85,56,7,5,0.4183
EMP_04774,Female,Product,Yes,1,8.7,4.73,46,5,4,0.5569
EMP_04775,Male,Service,Yes,4,6.2,2.16,39,9,28,0.4806
EMP_04776,Female,Product,No,5,4.3,8.47,40,6,4,0.4866
EMP_04777,Male,Product,Yes,5,1.6,3.42,53,12,3,0.2921
EMP_04778,Male,Product,No,5,6.3,3.56,48,13,5,0.5711
EMP_04779,Male,Service,No,3,2.0,9.16,45,1,21,0.3848
EMP_04780,Male,Service,No,5,7.7,9.76,52,15,6,0.7111
EMP_04781,Male,Product,Yes,2,8.2,8.98,41,16,5,0.5081
EMP_04782,Male,Service,Yes,3,5.9,9.98,48,2,10,0.6436
EMP_04783,Female,Service,Yes,1,2.3,8.69,54,9,14,0.21
EMP_04784,Male,Service,No,2,8.1,7.04,32,10,6,0.434
EMP_04785,Male,Service,No,3,3.8,2.94,42,16,16,0.34
EMP_04786,Male,Service,No,3,3.0,9.53,50,15,12,0.4239
EMP_04787,Female,Service,Yes,4,5.2,8.77,51,3,19,0.7106
EMP_04788,Female,Service,No,2,9.3,2.41,58,2,20,0.666
EMP_04789,Male,Product,No,2,3.7,4.89,54,8,9,0.3768
EMP_04790,Male,Service,Yes,2,9.2,0.7,52,16,15,0.543
EMP_04791,Male,Service,Yes,5,1.5,9.53,41,9,24,0.3872
EMP_04792,Non-binary,Product,No,5,1.8,5.73,52,3,27,0.4488
EMP_04793,Male,Service,No,1,7.3,2.45,34,17,15,0.3514
EMP_04794,Male,Product,No,1,2.7,2.92,58,13,24,0.2808
EMP_04795,Male,Product,Yes,1,3.8,9.81,34,16,4,0.2328
EMP_04796,Male,Service,Yes,5,2.2,6.16,68,5,10,0.4968
EMP_04797,Male,Product,No,4,4.0,4.21,64,5,27,0.5877
EMP_04798,Female,Product,No,1,3.5,5.0,64,3,23,0.3213
EMP_04799,Male,Product,No,3,7.6,0.99,46,13,24,0.4995
EMP_04800,Female,Product,No,5,7.3,0.75,59,8,22,0.6792
EMP_04801,Male,Product,Yes,4,9.6,5.93,31,8,13,0.6182
EMP_04802,Male,Product,No,3,7.5,5.12,44,17,4,0.5501
EMP_04803,Female,Product,Yes,3,7.3,3.59,52,15,14,0.4956
EMP_04804,Male,Service,Yes,5,7.2,5.66,55,4,7,0.6824
EMP_04805,Female,Service,Yes,2,8.9,0.73,40,18,23,0.3292
EMP_04806,Male,Product,No,4,3.7,9.44,53,7,18,0.6657
EMP_04807,Male,Service,No,5,3.7,2.94,38,10,3,0.4423
EMP_04808,Non-binary,Product,Yes,2,7.7,0.72,43,1,14,0.4546
EMP_04809,Male,Product,Yes,5,3.1,1.7,53,4,7,0.4626
EMP_04810,Female,Product,No,5,9.2,0.95,36,11,3,0.6998
EMP_04811,Male,Service,No,3,5.8,1.79,39,15,5,0.339
EMP_04812,Female,Service,No,5,3.7,4.17,62,15,29,0.5086
EMP_04813,Male,Product,Yes,2,8.0,7.38,62,3,27,0.6563
EMP_04814,Male,Product,Yes,3,3.8,2.72,56,19,6,0.317
EMP_04815,Female,Product,Yes,2,9.7,4.36,37,14,11,0.4769
EMP_04816,Non-binary,Product,Yes,2,9.8,9.29,43,3,24,0.6638
EMP_04817,Female,Service,Yes,3,7.0,2.96,36,8,19,0.5198
EMP_04818,Female,Product,Yes,2,2.0,7.95,47,10,14,0.2087
EMP_04819,Female,Service,Yes,1,3.4,1.58,55,9,21,0.1791
EMP_04820,Male,Product,Yes,5,5.6,1.78,44,15,5,0.5531
EMP_04821,Male,Service,No,3,8.7,4.56,62,9,22,0.6684
EMP_04822,Male,Service,Yes,3,2.7,2.34,40,4,12,0.376
EMP_04823,Male,Product,Yes,1,1.9,9.03,48,12,22,0.1904
EMP_04824,Male,Service,No,1,1.7,0.51,47,19,10,0.1662
EMP_04825,Male,Service,No,1,5.6,5.97,51,1,5,0.5101
EMP_04826,Male,Product,No,1,9.0,6.04,65,14,13,0.5323
EMP_04827,Female,Product,No,4,1.4,0.66,47,10,17,0.3061
EMP_04828,Male,Service,No,3,2.9,7.33,47,1,22,0.4621
EMP_04829,Male,Product,No,2,7.2,4.69,51,4,14,0.5503
EMP_04830,Male,Product,No,3,8.4,7.23,54,10,5,0.5817
EMP_04831,Female,Product,No,3,8.3,8.27,60,3,9,0.6085
EMP_04832,Female,Service,Yes,3,8.1,3.23,38,16,24,0.4915
EMP_04833,Female,Service,Yes,1,2.2,4.84,67,18,3,0.2162
EMP_04834,Male,Service,No,1,4.6,2.61,48,12,12,0.3329
EMP_04835,Male,Product,Yes,4,9.9,2.02,54,19,19,0.7032
EMP_04836,Male,Product,No,3,9.9,0.01,44,9,8,0.5434
EMP_04837,Male,Service,Yes,5,6.4,9.64,34,5,21,0.649
EMP_04838,Male,Service,Yes,4,7.4,4.41,40,5,27,0.5306
EMP_04839,Male,Product,No,1,9.6,0.13,42,8,14,0.5675
EMP_04840,Male,Product,Yes,3,5.0,0.09,63,7,4,0.4342
EMP_04841,Non-binary,Product,No,1,2.2,2.88,37,19,14,0.0781
EMP_04842,Non-binary,Service,No,2,7.0,0.14,54,18,21,0.3698
EMP_04843,Male,Service,No,1,9.6,3.75,56,15,11,0.5184
EMP_04844,Male,Service,Yes,1,7.3,0.63,40,1,8,0.4726
EMP_04845,Male,Service,No,4,8.2,0.39,47,7,19,0.6454
EMP_04846,Male,Product,No,2,4.8,6.69,39,19,4,0.3588
EMP_04847,Non-binary,Service,No,5,1.9,9.07,62,5,9,0.5119
EMP_04848,Male,Service,No,5,2.5,4.09,65,8,8,0.4723
EMP_04849,Female,Product,No,5,9.8,8.37,46,5,16,0.7433
EMP_04850,Male,Service,No,3,5.4,0.29,34,5,19,0.4371
EMP_04851,Non-binary,Product,No,5,1.1,7.78,52,5,28,0.4565
EMP_04852,Male,Service,Yes,3,9.6,0.63,32,11,20,0.4766
EMP_04853,Female,Service,Yes,1,5.5,8.38,68,7,8,0.5043
EMP_04854,Male,Service,Yes,5,8.5,8.82,66,2,14,0.8034
EMP_04855,Female,Service,Yes,4,5.9,7.86,39,17,8,0.5409
EMP_04856,Male,Product,No,2,1.9,8.21,56,11,24,0.2972
EMP_04857,Male,Product,Yes,2,6.5,5.61,36,5,16,0.4078
EMP_04858,Non-binary,Product,No,1,10.0,2.65,58,7,15,0.5977
EMP_04859,Female,Service,Yes,2,1.3,6.43,68,1,11,0.439
EMP_04860,Female,Service,Yes,2,8.6,4.4,35,9,20,0.5245
EMP_04861,Female,Service,Yes,1,3.1,0.05,38,11,12,0.2632
EMP_04862,Female,Product,Yes,1,4.5,4.77,37,12,12,0.2349
EMP_04863,Male,Service,Yes,1,4.4,6.51,43,10,29,0.3461
EMP_04864,Male,Service,Yes,4,9.1,0.14,67,11,16,0.7391
EMP_04865,Male,Service,No,1,5.5,6.21,38,1,11,0.4308
EMP_04866,Female,Product,Yes,1,5.0,6.53,40,5,11,0.4235
EMP_04867,Male,Product,Yes,1,8.4,1.58,40,15,28,0.4008
EMP_04868,Male,Product,No,5,1.4,4.31,69,10,27,0.5166
EMP_04869,Female,Service,Yes,5,1.8,9.64,64,12,11,0.5107
EMP_04870,Female,Service,Yes,4,1.2,8.84,40,14,5,0.2939
EMP_04871,Male,Service,Yes,4,7.2,4.11,65,19,28,0.5375
EMP_04872,Male,Product,Yes,2,5.7,3.5,32,10,11,0.3946
EMP_04873,Male,Product,No,5,8.9,1.24,48,12,15,0.6424
EMP_04874,Male,Service,Yes,4,5.5,0.35,37,18,12,0.4005
EMP_04875,Male,Service,No,4,3.0,2.97,57,19,27,0.358
EMP_04876,Female,Service,No,2,8.2,9.4,30,4,5,0.499
EMP_04877,Female,Service,Yes,1,3.6,9.59,69,19,22,0.303
EMP_04878,Female,Product,No,3,9.4,8.13,59,14,6,0.6147
EMP_04879,Male,Service,Yes,2,3.3,3.51,67,8,16,0.4036
EMP_04880,Female,Service,Yes,3,2.5,1.44,40,4,15,0.3567
EMP_04881,Male,Product,Yes,2,5.4,5.96,58,16,22,0.3848
EMP_04882,Male,Product,Yes,2,1.5,6.47,60,12,9,0.2753
EMP_04883,Female,Product,No,1,1.3,4.25,39,18,23,0.0317
EMP_04884,Male,Product,Yes,4,5.5,6.92,64,12,9,0.5958
EMP_04885,Male,Service,No,5,2.9,7.47,69,18,8,0.4494
EMP_04886,Female,Product,No,2,1.1,7.83,58,4,25,0.3831
EMP_04887,Male,Product,Yes,1,3.7,5.02,66,16,10,0.2044
EMP_04888,Female,Product,No,3,5.3,7.92,31,18,8,0.3964
EMP_04889,Male,Service,No,4,4.5,0.25,30,19,27,0.3037
EMP_04890,Female,Product,Yes,2,2.2,6.8,61,16,6,0.3517
EMP_04891,Male,Service,Yes,3,6.2,2.36,53,3,7,0.6092
EMP_04892,Male,Product,Yes,2,7.4,2.71,31,17,27,0.4857
EMP_04893,Female,Product,Yes,5,7.1,0.91,32,3,27,0.6592
EMP_04894,Male,Product,Yes,5,4.5,1.92,38,13,20,0.4127
EMP_04895,Male,Product,Yes,4,2.2,9.92,53,6,4,0.5066
EMP_04896,Male,Product,No,3,5.5,4.15,41,19,27,0.3776
EMP_04897,Male,Product,No,5,9.0,9.28,63,9,24,0.7469
EMP_04898,Male,Service,Yes,1,5.2,1.63,63,19,26,0.3508
EMP_04899,Male,Service,Yes,4,2.8,2.04,52,11,16,0.396
EMP_04900,Female,Product,Yes,2,1.8,5.58,48,3,26,0.4554
EMP_04901,Male,Product,Yes,3,9.5,3.5,61,15,26,0.6351
EMP_04902,Male,Service,Yes,3,7.7,6.44,57,16,16,0.5288
EMP_04903,Male,Service,No,1,3.8,4.22,55,3,7,0.2647
EMP_04904,Male,Product,Yes,5,3.7,8.12,41,5,13,0.4275
EMP_04905,Female,Service,Yes,3,9.1,4.32,60,7,29,0.6438
EMP_04906,Male,Service,Yes,1,2.6,5.72,40,9,28,0.2726
EMP_04907,Non-binary,Service,No,1,5.8,3.21,69,1,22,0.5543
EMP_04908,Male,Product,No,2,7.4,7.04,33,19,5,0.4333
EMP_04909,Female,Product,Yes,1,4.6,6.55,47,14,18,0.2057
EMP_04910,Male,Product,Yes,4,1.4,3.97,58,15,22,0.3003
EMP_04911,Female,Service,Yes,3,3.0,2.76,68,3,10,0.424
EMP_04912,Female,Service,Yes,4,9.1,6.14,60,4,22,0.7918
EMP_04913,Male,Product,No,1,5.7,9.43,57,17,17,0.3533
EMP_04914,Male,Service,No,1,8.3,1.33,56,14,16,0.5083
EMP_04915,Male,Service,No,4,6.0,7.99,59,7,16,0.6113
EMP_04916,Female,Service,Yes,2,9.5,5.43,40,8,10,0.5523
EMP_04917,Male,Service,Yes,1,9.2,5.26,43,16,26,0.443
EMP_04918,Male,Service,No,4,5.3,9.62,33,16,3,0.3714
EMP_04919,Female,Product,Yes,4,3.9,6.06,65,14,18,0.4494
EMP_04920,Male,Service,No,3,6.4,8.31,30,17,29,0.4357
EMP_04921,Non-binary,Service,Yes,2,7.1,5.14,68,5,29,0.5723
EMP_04922,Female,Product,Yes,5,5.5,2.5,66,9,14,0.5382
EMP_04923,Female,Product,No,4,8.4,6.94,62,3,16,0.6054
EMP_04924,Female,Service,Yes,3,2.6,9.23,50,5,11,0.3513
EMP_04925,Male,Product,Yes,5,4.0,8.41,53,18,16,0.4211
EMP_04926,Male,Service,Yes,3,7.2,1.98,69,10,15,0.6226
EMP_04927,Male,Product,No,3,3.2,3.17,42,1,21,0.3542
EMP_04928,Male,Product,Yes,2,5.0,5.17,63,17,24,0.3604
EMP_04929,Female,Product,Yes,1,9.7,5.72,67,8,18,0.5478
EMP_04930,Female,Product,No,2,6.6,1.94,58,17,21,0.4313
EMP_04931,Male,Service,Yes,5,9.5,2.3,65,18,27,0.7292
EMP_04932,Male,Service,No,2,7.5,7.59,69,5,19,0.6421
EMP_04933,Non-binary,Product,Yes,1,7.5,7.3,34,7,25,0.4357
EMP_04934,Male,Product,No,2,6.3,8.39,49,5,7,0.5199
EMP_04935,Male,Product,Yes,2,2.3,9.33,58,10,5,0.3887
EMP_04936,Male,Product,No,2,5.7,3.08,40,6,29,0.4007
EMP_04937,Female,Service,No,4,3.3,8.6,37,7,25,0.4295
EMP_04938,Female,Product,No,4,10.0,6.66,57,3,3,0.8381
EMP_04939,Female,Product,Yes,2,3.4,9.58,47,10,24,0.3497
EMP_04940,Female,Product,Yes,1,3.1,2.72,59,6,9,0.3232
EMP_04941,Male,Product,No,1,6.6,2.7,43,2,27,0.5098
EMP_04942,Male,Product,Yes,1,5.6,7.04,38,2,27,0.3955
EMP_04943,Female,Product,Yes,1,1.2,9.28,39,6,9,0.2621
EMP_04944,Male,Service,No,3,2.2,8.25,54,18,23,0.34
EMP_04945,Female,Service,Yes,2,8.3,7.27,56,10,25,0.5748
EMP_04946,Non-binary,Service,No,2,5.4,3.87,31,7,29,0.3834
EMP_04947,Female,Product,Yes,3,2.3,7.18,32,17,19,0.1699
EMP_04948,Female,Product,No,1,5.2,8.01,58,4,9,0.5414
EMP_04949,Female,Product,Yes,5,3.3,7.53,66,12,15,0.5187
EMP_04950,Female,Service,Yes,5,3.0,6.77,56,8,15,0.5458
EMP_04951,Male,Service,No,3,9.6,0.47,33,9,12,0.6133
EMP_04952,Male,Product,Yes,5,4.3,6.6,64,10,22,0.5918
EMP_04953,Male,Product,No,4,1.4,4.78,56,19,4,0.3638
EMP_04954,Female,Service,No,2,9.7,9.62,48,9,8,0.6636
EMP_04955,Male,Service,Yes,5,8.2,6.07,39,4,9,0.6076
EMP_04956,Female,Service,No,4,3.3,6.08,55,16,29,0.4044
EMP_04957,Male,Service,Yes,2,4.7,9.94,36,1,15,0.3412
EMP_04958,Female,Service,No,4,8.8,0.94,56,10,25,0.6314
EMP_04959,Male,Product,Yes,2,4.2,2.76,59,16,10,0.2906
EMP_04960,Female,Service,No,2,6.1,6.56,41,5,23,0.4195
EMP_04961,Male,Service,No,5,5.8,3.15,69,3,15,0.6916
EMP_04962,Male,Service,Yes,3,4.6,3.46,34,4,28,0.4575
EMP_04963,Male,Product,No,5,6.8,8.93,42,10,13,0.5404
EMP_04964,Female,Product,Yes,1,5.3,5.79,33,2,12,0.4885
EMP_04965,Male,Product,Yes,4,1.2,1.03,31,6,29,0.322
EMP_04966,Male,Product,Yes,1,8.3,3.11,66,14,26,0.4834
EMP_04967,Non-binary,Service,Yes,2,2.0,0.76,63,5,6,0.3292
EMP_04968,Female,Product,Yes,5,5.2,5.56,35,19,12,0.3582
EMP_04969,Non-binary,Product,Yes,1,6.2,1.73,55,15,19,0.3203
EMP_04970,Male,Service,Yes,1,7.3,8.57,40,17,10,0.3242
EMP_04971,Male,Product,Yes,1,4.7,5.77,30,12,22,0.2317
EMP_04972,Female,Product,Yes,2,7.6,0.59,63,13,7,0.5232
EMP_04973,Male,Product,No,2,2.2,3.01,50,16,22,0.1879
EMP_04974,Female,Service,No,2,6.9,6.16,39,15,17,0.4291
EMP_04975,Male,Product,Yes,1,8.4,3.35,34,11,25,0.4501
EMP_04976,Male,Service,No,4,9.0,5.13,55,5,12,0.7269
EMP_04977,Male,Product,No,5,6.2,9.09,48,18,21,0.652
EMP_04978,Male,Service,No,5,3.8,3.5,50,13,20,0.4836
EMP_04979,Male,Product,Yes,2,2.5,3.36,63,11,28,0.3937
EMP_04980,Male,Product,Yes,1,4.1,8.2,58,10,14,0.4507
EMP_04981,Non-binary,Product,No,4,5.9,3.19,67,15,4,0.5295
EMP_04982,Male,Product,No,3,2.8,0.78,44,7,9,0.4927
EMP_04983,Female,Product,Yes,2,9.6,1.81,69,12,13,0.6708
EMP_04984,Female,Product,Yes,3,9.1,9.49,45,18,17,0.5106
EMP_04985,Female,Product,No,5,1.3,9.33,47,6,14,0.5138
EMP_04986,Male,Service,No,5,6.1,2.25,30,9,12,0.4929
EMP_04987,Female,Product,No,4,8.1,5.54,40,16,15,0.5754
EMP_04988,Female,Product,Yes,4,3.2,1.37,65,8,24,0.5232
EMP_04989,Female,Service,Yes,3,5.7,6.75,61,12,4,0.5489
EMP_04990,Female,Service,Yes,5,4.7,1.85,57,19,26,0.4364
EMP_04991,Non-binary,Product,Yes,4,2.8,0.5,35,16,17,0.25
EMP_04992,Female,Product,Yes,4,6.5,8.25,36,4,24,0.5326
EMP_04993,Male,Service,No,5,9.9,3.25,69,16,10,0.8234
EMP_04994,Female,Product,Yes,5,4.3,1.09,53,7,8,0.577
EMP_04995,Male,Service,No,1,6.0,8.34,39,13,6,0.4152
EMP_04996,Female,Product,Yes,4,4.0,7.62,59,12,10,0.3992
EMP_04997,Male,Service,Yes,3,8.9,6.84,46,1,22,0.7153
EMP_04998,Male,Product,Yes,2,8.8,9.11,37,11,24,0.4969
EMP_04999,Female,Service,Yes,2,2.6,4.89,41,17,7,0.1647
EMP_05000,Female,Product,No,5,9.1,1.28,55,6,22,0.6722
EMP_05001,Male,Service,Yes,3,2.4,0.61,46,2,25,0.3755
EMP_05002,Male,Product,Yes,1,1.9,3.18,64,3,10,0.3009
EMP_05003,Female,Product,Yes,4,6.9,0.87,34,2,16,0.5933
EMP_05004,Male,Service,Yes,1,4.5,5.36,40,18,24,0.2439
EMP_05005,Female,Product,No,3,5.8,0.14,45,13,19,0.4475
EMP_05006,Male,Service,Yes,1,6.9,4.44,59,19,25,0.37
EMP_05007,Female,Product,No,5,1.5,1.78,69,7,22,0.4318
EMP_05008,Female,Service,No,2,3.6,3.68,35,16,4,0.292
EMP_05009,Male,Product,Yes,5,5.1,6.75,49,16,21,0.5417
EMP_05010,Male,Service,Yes,4,3.4,3.51,49,10,28,0.4238
EMP_05011,Male,Service,No,5,1.4,3.41,53,7,6,0.4304
EMP_05012,Female,Product,No,3,1.8,9.91,56,16,16,0.3005
EMP_05013,Male,Service,Yes,3,8.2,7.19,32,10,9,0.5689
EMP_05014,Female,Service,Yes,4,9.2,5.14,53,14,27,0.6775
EMP_05015,Male,Product,Yes,4,2.4,5.79,39,9,18,0.3259
EMP_05016,Male,Service,Yes,2,3.2,6.2,54,4,12,0.4764
EMP_05017,Male,Product,Yes,1,6.9,0.25,57,12,13,0.3933
EMP_05018,Male,Service,Yes,2,9.6,0.8,47,17,24,0.4736
EMP_05019,Female,Product,Yes,5,3.7,6.49,43,8,28,0.5623
EMP_05020,Female,Product,Yes,1,8.7,3.64,30,4,7,0.5115
EMP_05021,Female,Product,Yes,4,5.6,0.55,49,8,27,0.5377
EMP_05022,Male,Service,No,3,9.6,2.98,54,9,14,0.6736
EMP_05023,Non-binary,Service,Yes,5,2.2,1.3,41,12,26,0.4323
EMP_05024,Female,Service,No,2,9.8,9.16,68,16,26,0.5689
EMP_05025,Non-binary,Product,Yes,4,5.0,2.03,38,8,26,0.4318
EMP_05026,Male,Product,No,1,9.6,1.44,38,15,17,0.5146
EMP_05027,Male,Service,Yes,1,5.1,6.26,54,17,26,0.2821
EMP_05028,Male,Service,No,3,5.8,5.22,59,13,26,0.4321
EMP_05029,Female,Product,Yes,4,8.2,5.76,69,14,12,0.6777
EMP_05030,Male,Product,Yes,4,7.5,4.36,57,15,28,0.5559
EMP_05031,Male,Product,No,5,6.6,4.67,31,9,25,0.5938
EMP_05032,Male,Product,Yes,5,4.8,7.79,54,12,4,0.5468
EMP_05033,Female,Service,No,1,8.1,2.2,47,19,20,0.3545
EMP_05034,Female,Product,Yes,2,9.5,3.97,53,9,13,0.5423
EMP_05035,Male,Service,Yes,1,1.1,9.58,47,13,7,0.2137
EMP_05036,Male,Product,Yes,5,6.3,1.9,56,18,8,0.5261
EMP_05037,Female,Product,No,5,8.8,2.94,64,4,15,0.7882
EMP_05038,Non-binary,Service,Yes,5,6.9,1.92,63,1,27,0.6785
EMP_05039,Female,Service,No,1,8.2,0.2,67,3,19,0.5781
EMP_05040,Female,Product,Yes,4,9.1,2.7,35,11,29,0.5965
EMP_05041,Female,Service,No,2,7.8,0.46,45,2,18,0.5297
EMP_05042,Female,Product,Yes,2,7.5,1.55,52,6,25,0.5421
EMP_05043,Male,Service,Yes,5,9.7,3.63,57,3,25,0.7031
EMP_05044,Female,Product,Yes,3,8.8,0.21,42,10,26,0.4966
EMP_05045,Female,Service,Yes,1,8.3,7.53,41,9,3,0.4689
EMP_05046,Female,Product,Yes,4,1.8,7.96,40,14,15,0.3345
EMP_05047,Male,Product,Yes,5,3.2,4.11,51,16,12,0.4452
EMP_05048,Male,Service,Yes,3,6.0,9.85,60,18,15,0.4522
EMP_05049,Male,Service,Yes,5,7.4,6.79,56,4,22,0.7382
EMP_05050,Male,Product,Yes,3,3.7,7.44,56,18,28,0.3465
EMP_05051,Male,Product,Yes,2,1.8,1.92,69,2,23,0.3364
EMP_05052,Female,Product,Yes,3,3.8,8.37,55,10,20,0.466
EMP_05053,Male,Service,No,2,7.9,9.45,36,12,20,0.5225
EMP_05054,Male,Service,No,2,8.9,2.36,40,7,29,0.5676
EMP_05055,Male,Service,Yes,1,9.2,6.86,51,16,6,0.4933
EMP_05056,Female,Product,No,3,4.4,7.47,69,17,5,0.4592
EMP_05057,Male,Service,No,4,4.4,3.05,48,14,18,0.4435
EMP_05058,Male,Product,Yes,4,4.7,4.75,67,18,9,0.5196
EMP_05059,Female,Product,Yes,3,4.4,0.98,49,1,9,0.5455
EMP_05060,Male,Service,No,1,7.0,1.73,48,2,4,0.5218
EMP_05061,Non-binary,Service,No,4,4.2,0.62,48,14,18,0.3333
EMP_05062,Female,Service,No,5,1.2,5.6,65,6,7,0.4543
EMP_05063,Male,Service,No,4,5.0,6.25,56,15,23,0.5712
EMP_05064,Male,Service,Yes,1,3.0,9.16,46,4,10,0.2514
EMP_05065,Female,Service,Yes,2,1.3,5.42,47,9,10,0.232
EMP_05066,Male,Product,Yes,2,5.2,2.61,49,15,13,0.4453
EMP_05067,Male,Product,Yes,2,2.9,0.59,37,5,22,0.2321
EMP_05068,Male,Service,Yes,1,5.1,8.85,69,6,12,0.4269
EMP_05069,Female,Service,Yes,2,3.5,4.79,40,11,3,0.2957
EMP_05070,Male,Product,Yes,2,6.4,7.37,59,13,8,0.4061
EMP_05071,Female,Product,Yes,1,9.9,0.15,41,12,9,0.5164
EMP_05072,Female,Product,Yes,5,5.9,4.88,52,7,19,0.6418
EMP_05073,Male,Product,Yes,4,6.8,3.26,35,12,26,0.5579
EMP_05074,Male,Service,Yes,1,9.3,0.3,64,10,18,0.456
EMP_05075,Non-binary,Product,Yes,1,4.4,7.76,44,3,16,0.4067
EMP_05076,Male,Service,No,3,2.5,5.13,67,2,27,0.4645
EMP_05077,Female,Product,No,2,3.5,3.33,57,1,26,0.3442
EMP_05078,Male,Product,Yes,5,4.6,8.06,36,6,5,0.6411
EMP_05079,Male,Product,Yes,3,6.8,4.47,35,13,11,0.4003
EMP_05080,Male,Service,No,5,1.0,0.03,56,10,12,0.4003
EMP_05081,Male,Service,Yes,2,8.7,9.44,31,13,5,0.4763
EMP_05082,Male,Service,No,2,1.7,2.56,35,5,14,0.2774
EMP_05083,Female,Product,Yes,2,9.1,8.31,61,8,6,0.6059
EMP_05084,Male,Product,No,4,9.5,8.16,58,11,14,0.7587
EMP_05085,Male,Product,No,5,9.9,1.62,63,19,24,0.7702
EMP_05086,Male,Product,No,5,8.3,4.74,30,19,25,0.5547
EMP_05087,Female,Service,Yes,3,2.3,0.4,44,4,15,0.2629
EMP_05088,Male,Service,No,1,7.4,3.55,39,10,26,0.3433
EMP_05089,Female,Service,No,2,2.8,7.31,39,9,9,0.3905
EMP_05090,Male,Product,No,2,9.1,2.37,39,7,21,0.5681
EMP_05091,Male,Product,Yes,3,3.8,1.17,66,18,29,0.3533
EMP_05092,Male,Product,No,5,3.9,5.07,61,9,29,0.6021
EMP_05093,Female,Product,Yes,4,9.3,5.37,65,6,20,0.7361
EMP_05094,Male,Service,Yes,5,1.1,6.76,54,6,29,0.4934
EMP_05095,Male,Service,Yes,4,2.7,7.59,44,13,20,0.2864
EMP_05096,Male,Product,Yes,4,4.8,6.96,38,17,11,0.3909
EMP_05097,Female,Product,No,5,7.3,8.45,45,15,9,0.5656
EMP_05098,Male,Service,No,2,6.8,2.23,48,9,9,0.3865
EMP_05099,Male,Service,Yes,4,7.0,5.7,41,6,23,0.5545
EMP_05100,Male,Service,No,3,8.9,3.6,64,17,15,0.5753
EMP_05101,Male,Product,No,3,2.1,9.62,34,5,8,0.3241
EMP_05102,Female,Product,Yes,4,5.7,4.4,67,3,9,0.656
EMP_05103,Female,Service,Yes,2,7.5,9.6,35,16,15,0.4396
EMP_05104,Male,Service,Yes,4,6.7,7.69,43,2,27,0.6018
EMP_05105,Male,Product,Yes,3,5.0,7.18,41,3,28,0.5501
EMP_05106,Male,Service,Yes,3,1.2,4.92,51,9,22,0.3461
EMP_05107,Male,Service,Yes,5,1.5,4.43,33,19,8,0.3017
EMP_05108,Male,Product,Yes,2,2.1,5.27,47,14,19,0.1831
EMP_05109,Female,Product,No,5,4.1,2.94,60,14,25,0.5162
EMP_05110,Non-binary,Product,No,1,2.1,9.05,64,17,22,0.2756
EMP_05111,Non-binary,Product,Yes,4,4.8,7.94,33,8,20,0.5167
EMP_05112,Female,Service,Yes,5,2.6,8.01,38,17,22,0.358
EMP_05113,Female,Product,Yes,2,8.0,4.33,44,17,10,0.5032
EMP_05114,Female,Service,Yes,4,8.8,0.71,50,7,20,0.7054
EMP_05115,Male,Service,Yes,4,4.5,6.83,61,9,17,0.6098
EMP_05116,Female,Product,Yes,4,5.6,3.74,38,4,3,0.4629
EMP_05117,Male,Product,Yes,4,9.6,8.7,61,10,3,0.7196
EMP_05118,Male,Service,Yes,4,5.8,7.8,45,4,9,0.5157
EMP_05119,Female,Service,Yes,2,10.0,1.45,34,5,18,0.5302
EMP_05120,Male,Service,No,1,2.3,6.02,60,2,25,0.2729
EMP_05121,Male,Product,Yes,3,8.8,6.92,54,15,22,0.5321
EMP_05122,Female,Product,Yes,1,5.5,5.68,30,9,16,0.3544
EMP_05123,Male,Service,Yes,3,1.2,5.14,32,9,23,0.2311
EMP_05124,Male,Service,No,5,9.8,2.28,50,1,14,0.74
EMP_05125,Female,Product,No,4,9.7,2.36,57,12,7,0.7775
EMP_05126,Female,Service,Yes,5,4.4,7.68,32,13,9,0.4822
EMP_05127,Male,Product,No,5,9.6,0.19,61,13,14,0.6596
EMP_05128,Male,Service,Yes,3,2.3,7.79,61,14,21,0.3472
EMP_05129,Male,Service,No,2,7.1,5.27,59,10,7,0.5222
EMP_05130,Female,Product,Yes,4,2.7,9.36,42,17,9,0.3391
EMP_05131,Female,Service,Yes,5,3.2,9.97,63,17,29,0.4645
EMP_05132,Male,Product,No,1,8.0,6.63,33,14,9,0.3665
EMP_05133,Male,Product,Yes,4,4.4,4.12,47,17,15,0.4414
EMP_05134,Male,Product,No,2,1.1,4.75,61,19,27,0.2354
EMP_05135,Non-binary,Product,Yes,4,4.7,2.04,43,3,22,0.4546
EMP_05136,Male,Product,No,5,3.1,0.99,61,4,19,0.4441
EMP_05137,Female,Service,Yes,1,7.1,5.79,35,11,7,0.3419
EMP_05138,Male,Service,Yes,5,2.8,8.05,46,16,16,0.4833
EMP_05139,Female,Product,No,2,8.6,2.62,37,13,13,0.4523
EMP_05140,Non-binary,Service,No,3,3.4,4.2,64,18,22,0.3419
EMP_05141,Female,Service,No,1,4.5,5.55,53,11,21,0.3587
EMP_05142,Male,Service,No,2,3.7,9.08,32,11,25,0.2476
EMP_05143,Female,Service,No,2,6.8,1.39,46,9,27,0.4555
EMP_05144,Female,Product,Yes,5,1.9,2.37,65,2,6,0.5003
EMP_05145,Male,Product,Yes,5,5.3,9.19,69,3,24,0.6745
EMP_05146,Female,Service,Yes,5,4.0,0.4,46,14,19,0.3935
EMP_05147,Female,Product,Yes,3,9.0,6.56,59,16,19,0.6591
EMP_05148,Female,Product,No,4,1.7,6.4,54,8,5,0.4122
EMP_05149,Female,Product,Yes,4,8.5,3.83,51,16,16,0.6124
EMP_05150,Male,Product,No,5,2.5,4.68,66,4,23,0.5269
EMP_05151,Male,Product,Yes,5,1.8,8.55,40,9,8,0.465
EMP_05152,Male,Product,No,3,2.8,1.65,41,4,27,0.4217
EMP_05153,Female,Product,Yes,4,1.9,2.32,50,13,27,0.332
EMP_05154,Female,Service,Yes,3,5.7,5.12,44,2,12,0.4695
EMP_05155,Female,Service,No,2,9.9,4.1,41,18,29,0.5307
EMP_05156,Male,Product,Yes,4,1.3,5.74,51,5,19,0.32
EMP_05157,Male,Product,Yes,5,5.2,9.21,68,17,4,0.5574
EMP_05158,Female,Product,Yes,1,4.5,9.17,64,10,29,0.4066
EMP_05159,Male,Product,Yes,2,4.1,2.3,45,4,14,0.3793
EMP_05160,Male,Product,Yes,1,4.0,3.02,62,6,26,0.4776
EMP_05161,Female,Product,No,3,9.1,1.62,43,10,23,0.5944
EMP_05162,Male,Service,Yes,3,1.2,9.28,47,17,18,0.2837
EMP_05163,Male,Product,Yes,3,8.0,3.98,45,5,18,0.6066
EMP_05164,Male,Product,Yes,5,3.3,4.5,69,7,5,0.5568
EMP_05165,Male,Product,No,3,4.4,8.03,32,5,27,0.4539
EMP_05166,Non-binary,Service,No,1,4.8,5.13,55,8,20,0.3782
EMP_05167,Male,Service,Yes,2,3.7,1.2,44,1,9,0.3457
EMP_05168,Male,Service,Yes,5,1.8,4.38,65,2,12,0.6067
EMP_05169,Male,Service,Yes,2,2.0,6.31,56,16,10,0.2477
EMP_05170,Female,Product,No,3,3.7,7.19,46,8,20,0.3369
EMP_05171,Male,Product,No,4,8.4,6.45,43,15,19,0.4799
EMP_05172,Female,Service,No,5,2.2,1.19,31,11,5,0.3232
EMP_05173,Male,Product,Yes,3,7.7,3.04,56,16,10,0.5301
EMP_05174,Male,Service,Yes,5,3.6,7.34,53,7,22,0.5578
EMP_05175,Male,Service,Yes,4,9.0,8.8,69,17,7,0.5756
EMP_05176,Female,Service,Yes,1,4.9,0.47,64,3,27,0.4833
EMP_05177,Female,Product,Yes,1,2.5,0.42,33,15,22,0.1453
EMP_05178,Male,Service,Yes,1,9.9,6.43,55,4,14,0.6232
EMP_05179,Male,Product,No,4,2.6,5.48,65,3,27,0.5489
EMP_05180,Female,Product,Yes,2,6.1,1.55,33,11,8,0.3986
EMP_05181,Male,Product,No,4,6.1,5.48,63,2,25,0.7007
EMP_05182,Female,Service,Yes,4,4.4,9.74,42,7,26,0.4688
EMP_05183,Male,Product,No,3,9.6,6.31,69,15,12,0.6897
EMP_05184,Non-binary,Product,No,1,8.6,4.49,30,14,12,0.4513
EMP_05185,Female,Product,No,5,8.5,8.28,30,7,3,0.6783
EMP_05186,Non-binary,Service,No,2,9.8,2.13,38,17,11,0.47
EMP_05187,Female,Service,No,5,5.1,4.14,40,10,20,0.5276
EMP_05188,Male,Service,Yes,3,1.9,5.28,45,18,5,0.2803
EMP_05189,Non-binary,Product,Yes,3,7.9,5.05,58,14,3,0.6059
EMP_05190,Male,Product,No,2,4.4,9.21,65,6,12,0.3785
EMP_05191,Male,Service,No,5,2.7,2.93,44,19,29,0.355
EMP_05192,Female,Product,No,2,5.3,0.57,68,10,5,0.4505
EMP_05193,Female,Service,Yes,2,9.3,9.16,31,17,20,0.4786
EMP_05194,Female,Service,Yes,1,2.5,2.17,39,19,9,0.1331
EMP_05195,Male,Product,No,5,8.6,3.79,40,17,9,0.5935
EMP_05196,Female,Product,No,1,4.8,5.31,59,14,24,0.3097
EMP_05197,Female,Service,Yes,1,2.2,9.76,52,7,12,0.2765
EMP_05198,Male,Product,Yes,1,8.6,5.35,51,19,29,0.3843
EMP_05199,Male,Product,Yes,4,9.7,4.48,65,7,15,0.7318
EMP_05200,Male,Service,Yes,3,3.6,5.84,58,12,6,0.4943
EMP_05201,Male,Product,Yes,3,3.7,9.71,61,6,14,0.5265
EMP_05202,Non-binary,Service,Yes,4,4.5,8.18,62,8,5,0.535
EMP_05203,Female,Product,No,2,8.3,1.69,68,9,25,0.5499
EMP_05204,Female,Service,Yes,5,1.1,8.03,38,18,18,0.3187
EMP_05205,Non-binary,Product,Yes,5,3.0,8.41,30,10,13,0.3995
EMP_05206,Male,Product,No,5,7.4,6.91,47,16,5,0.6756
EMP_05207,Female,Service,No,1,4.7,6.57,51,17,27,0.3157
EMP_05208,Male,Service,No,5,4.0,4.41,66,1,28,0.5518
EMP_05209,Female,Product,Yes,5,8.9,6.42,43,7,10,0.6454
EMP_05210,Male,Product,No,5,9.3,7.38,51,9,9,0.6972
EMP_05211,Non-binary,Service,Yes,3,9.5,1.23,62,12,16,0.6146
EMP_05212,Male,Product,No,4,3.5,2.57,35,1,4,0.3735
EMP_05213,Male,Service,No,2,9.2,1.94,56,10,12,0.5813
EMP_05214,Female,Service,Yes,4,7.6,8.41,35,10,5,0.5666
EMP_05215,Male,Service,Yes,5,2.4,6.8,45,10,26,0.4089
EMP_05216,Female,Product,Yes,2,6.5,4.51,31,7,13,0.431
EMP_05217,Male,Product,No,2,1.2,8.26,66,15,21,0.3837
EMP_05218,Female,Service,Yes,4,7.4,7.17,58,10,10,0.5972
EMP_05219,Male,Product,No,4,7.6,9.14,52,16,22,0.6778
EMP_05220,Male,Product,Yes,4,8.1,0.77,50,16,7,0.5313
EMP_05221,Male,Product,Yes,4,2.6,5.09,42,1,11,0.4229
EMP_05222,Male,Product,No,1,6.7,7.07,30,11,15,0.3301
EMP_05223,Male,Product,No,3,2.6,2.07,58,19,13,0.3396
EMP_05224,Male,Product,No,3,9.5,3.27,36,18,28,0.5122
EMP_05225,Male,Service,Yes,5,7.1,4.19,60,3,4,0.6962
EMP_05226,Male,Product,Yes,1,1.9,7.94,51,15,14,0.0823
EMP_05227,Female,Product,Yes,2,2.7,4.94,45,6,5,0.2536
EMP_05228,Female,Product,Yes,4,7.0,4.93,57,10,17,0.6515
EMP_05229,Male,Service,Yes,5,5.3,4.31,68,3,3,0.7319
EMP_05230,Female,Product,No,2,7.6,2.29,54,10,26,0.5693
EMP_05231,Female,Service,Yes,3,3.5,9.23,43,16,13,0.2948
EMP_05232,Male,Service,Yes,2,6.9,3.18,50,4,27,0.5423
EMP_05233,Female,Product,Yes,4,2.6,5.67,48,1,12,0.4319
EMP_05234,Male,Product,Yes,4,5.9,1.49,42,18,27,0.4909
EMP_05235,Male,Product,No,3,9.6,4.34,31,4,5,0.6618
EMP_05236,Male,Service,Yes,4,6.7,9.04,65,5,16,0.6855
EMP_05237,Female,Service,Yes,1,1.4,9.95,43,4,23,0.2128
EMP_05238,Female,Service,Yes,5,9.9,3.62,63,19,18,0.7673
EMP_05239,Male,Product,No,3,2.4,1.54,47,19,11,0.2529
EMP_05240,Male,Service,No,3,7.5,3.14,53,3,16,0.6371
EMP_05241,Non-binary,Product,No,2,5.8,3.27,59,13,23,0.3513
EMP_05242,Male,Product,Yes,3,3.6,6.45,48,18,3,0.2738
EMP_05243,Male,Service,Yes,5,2.6,4.96,65,6,3,0.508
EMP_05244,Female,Service,No,1,2.6,7.68,50,6,6,0.4486
EMP_05245,Female,Product,No,2,8.7,7.01,48,6,25,0.5216
EMP_05246,Female,Product,No,5,8.9,2.51,55,17,25,0.6259
EMP_05247,Female,Product,No,3,5.2,7.84,64,17,25,0.4456
EMP_05248,Female,Product,Yes,4,1.9,8.47,69,5,24,0.5627
EMP_05249,Male,Product,No,4,9.0,5.98,33,17,3,0.5744
EMP_05250,Male,Service,No,5,5.4,9.28,50,9,29,0.522
EMP_05251,Male,Service,No,1,4.9,7.83,32,2,21,0.3532
EMP_05252,Non-binary,Service,Yes,4,4.7,5.95,34,19,23,0.3493
EMP_05253,Female,Service,Yes,5,4.3,9.06,58,9,14,0.5027
EMP_05254,Male,Product,Yes,2,5.7,6.0,48,8,22,0.4445
EMP_05255,Female,Service,Yes,3,6.4,5.21,46,19,29,0.4367
EMP_05256,Male,Service,Yes,1,5.2,3.56,63,13,6,0.4178
EMP_05257,Male,Product,No,1,9.1,8.83,49,4,11,0.6071
EMP_05258,Male,Service,Yes,2,3.9,1.23,57,6,9,0.3274
EMP_05259,Male,Product,Yes,1,6.2,4.74,38,4,27,0.4
EMP_05260,Female,Service,Yes,5,3.7,5.37,32,11,16,0.5261
EMP_05261,Male,Service,Yes,1,7.8,5.55,39,10,25,0.4519
EMP_05262,Female,Product,No,1,1.9,6.52,50,16,28,0.2105
EMP_05263,Female,Service,Yes,1,2.7,5.06,33,18,5,0.1016
EMP_05264,Male,Product,Yes,5,8.2,2.57,51,19,17,0.5637
EMP_05265,Non-binary,Service,No,3,2.6,8.57,36,12,13,0.2758
EMP_05266,Male,Product,No,4,6.6,6.58,41,14,12,0.5161
EMP_05267,Male,Product,Yes,1,9.7,8.58,40,18,22,0.4738
EMP_05268,Male,Product,No,2,5.7,2.76,51,1,17,0.496
EMP_05269,Female,Service,No,2,2.7,6.37,58,13,27,0.3707
EMP_05270,Male,Product,No,5,3.9,7.14,56,3,19,0.6021
EMP_05271,Male,Service,Yes,3,8.4,3.83,49,14,21,0.4439
EMP_05272,Male,Product,No,1,4.2,8.12,43,18,13,0.2295
EMP_05273,Male,Service,Yes,5,7.5,0.03,36,19,22,0.4999
EMP_05274,Female,Service,Yes,4,8.0,5.95,44,1,18,0.6529
EMP_05275,Male,Product,Yes,3,5.5,6.14,57,15,6,0.4471
EMP_05276,Male,Product,Yes,3,8.0,5.34,39,16,9,0.4579
EMP_05277,Male,Service,No,5,3.9,6.3,32,10,13,0.5226
EMP_05278,Male,Service,Yes,2,5.6,1.67,41,4,22,0.358
EMP_05279,Non-binary,Service,Yes,3,7.2,6.85,42,11,28,0.4504
EMP_05280,Male,Product,Yes,2,2.5,3.36,68,16,26,0.2191
EMP_05281,Non-binary,Product,Yes,3,3.5,4.52,63,5,19,0.5048
EMP_05282,Male,Service,No,3,6.9,3.33,30,19,21,0.3074
EMP_05283,Male,Product,Yes,3,6.9,4.74,67,11,28,0.5947
EMP_05284,Female,Product,No,4,5.4,6.22,54,18,12,0.4646
EMP_05285,Male,Product,No,2,8.2,8.38,48,15,17,0.4889
EMP_05286,Female,Service,No,4,5.3,4.83,54,2,8,0.6069
EMP_05287,Non-binary,Service,No,2,8.9,3.23,35,13,15,0.562
EMP_05288,Male,Product,Yes,4,7.6,4.88,33,12,5,0.4752
EMP_05289,Male,Product,No,4,3.8,6.89,55,14,10,0.4105
EMP_05290,Female,Product,No,4,4.6,3.47,55,1,9,0.4829
EMP_05291,Male,Product,No,5,7.0,4.14,55,12,7,0.6335
EMP_05292,Male,Product,No,4,9.1,5.63,43,13,20,0.5973
EMP_05293,Male,Service,No,3,2.6,2.94,61,3,29,0.3755
EMP_05294,Male,Product,No,1,5.6,2.09,57,3,23,0.4104
EMP_05295,Female,Product,No,4,2.1,1.4,31,1,18,0.3261
EMP_05296,Male,Service,Yes,1,3.5,3.53,50,11,11,0.3134
EMP_05297,Male,Product,Yes,1,7.2,0.48,43,4,13,0.3387
EMP_05298,Female,Service,Yes,3,1.7,5.83,66,11,23,0.4343
EMP_05299,Male,Product,Yes,1,7.0,1.76,31,2,21,0.4858
EMP_05300,Male,Product,No,1,9.1,3.77,34,19,16,0.3438
EMP_05301,Female,Service,No,1,9.7,2.69,67,12,9,0.5739
EMP_05302,Male,Service,No,2,2.9,6.3,31,13,14,0.3634
EMP_05303,Female,Product,No,4,7.7,8.5,30,17,21,0.5247
EMP_05304,Female,Service,Yes,4,9.3,6.33,51,19,10,0.5603
EMP_05305,Male,Service,No,1,1.8,5.43,54,4,23,0.3316
EMP_05306,Male,Product,Yes,3,4.7,6.69,59,6,7,0.5359
EMP_05307,Male,Product,Yes,2,9.3,0.3,38,3,8,0.5111
EMP_05308,Male,Service,Yes,3,2.8,1.23,66,11,13,0.3345
EMP_05309,Female,Product,No,3,9.4,0.95,39,12,28,0.5419
EMP_05310,Female,Service,Yes,1,5.7,0.98,44,12,24,0.4022
EMP_05311,Male,Service,No,5,1.9,2.6,32,18,5,0.2366
EMP_05312,Female,Service,Yes,1,5.0,5.32,37,14,13,0.2651
EMP_05313,Female,Product,Yes,5,3.9,1.15,54,11,25,0.5702
EMP_05314,Non-binary,Product,Yes,2,3.5,9.35,65,17,27,0.3308
EMP_05315,Male,Service,Yes,5,5.9,8.54,50,16,14,0.6122
EMP_05316,Male,Product,No,1,5.4,9.72,63,3,3,0.4823
EMP_05317,Male,Product,Yes,1,5.3,0.43,56,4,6,0.4788
EMP_05318,Non-binary,Product,No,3,1.8,8.51,38,8,22,0.3752
EMP_05319,Male,Product,No,1,8.2,8.04,39,11,3,0.4637
EMP_05320,Female,Service,No,1,5.3,9.02,56,13,8,0.3758
EMP_05321,Male,Product,Yes,4,8.4,5.28,54,12,4,0.5882
EMP_05322,Male,Service,No,4,8.4,7.88,42,5,29,0.5825
EMP_05323,Male,Product,Yes,3,3.9,0.51,33,16,15,0.2791
EMP_05324,Non-binary,Service,Yes,5,1.0,0.76,45,1,18,0.4433
EMP_05325,Male,Product,Yes,5,9.2,1.19,41,9,13,0.7162
EMP_05326,Female,Service,No,4,7.8,9.15,54,14,16,0.7295
EMP_05327,Male,Service,Yes,2,2.0,0.61,45,8,8,0.1864
EMP_05328,Male,Product,Yes,4,7.3,1.0,68,3,18,0.671
EMP_05329,Male,Service,Yes,2,1.2,9.3,31,7,19,0.2643
EMP_05330,Male,Product,Yes,5,1.2,1.07,38,4,12,0.3362
EMP_05331,Male,Service,Yes,4,5.7,8.7,42,15,23,0.5146
EMP_05332,Male,Service,No,1,1.9,7.89,43,12,24,0.2214
EMP_05333,Male,Service,Yes,2,9.7,0.4,41,9,28,0.5222
EMP_05334,Male,Service,No,2,9.0,0.22,64,18,15,0.4336
EMP_05335,Non-binary,Product,No,2,6.8,5.34,51,13,15,0.4497
EMP_05336,Non-binary,Product,No,5,1.6,9.97,50,3,4,0.5214
EMP_05337,Male,Product,Yes,3,3.9,8.79,32,7,3,0.3086
EMP_05338,Female,Product,No,1,4.3,3.1,51,19,25,0.2244
EMP_05339,Female,Service,Yes,4,5.3,3.86,38,8,3,0.4686
EMP_05340,Male,Product,Yes,2,2.5,3.88,69,11,9,0.388
EMP_05341,Female,Service,No,5,6.2,7.34,32,5,15,0.542
EMP_05342,Non-binary,Product,No,2,4.9,3.41,60,16,19,0.3924
EMP_05343,Male,Product,No,4,9.5,1.48,66,3,11,0.7945
EMP_05344,Male,Service,No,1,9.4,7.47,35,1,15,0.5763
EMP_05345,Non-binary,Product,Yes,2,6.1,4.58,43,10,18,0.465
EMP_05346,Male,Service,No,5,6.8,0.77,48,10,7,0.6922
EMP_05347,Male,Product,Yes,5,2.2,7.9,47,16,24,0.4461
EMP_05348,Male,Service,Yes,3,3.0,5.85,36,11,9,0.3027
EMP_05349,Male,Product,No,5,9.1,4.89,65,19,3,0.7159
EMP_05350,Female,Product,No,3,7.3,6.73,58,13,10,0.6104
EMP_05351,Female,Service,Yes,1,2.7,5.05,32,15,8,0.1257
EMP_05352,Non-binary,Service,Yes,4,6.1,6.48,42,10,14,0.5596
EMP_05353,Male,Product,Yes,3,9.4,8.67,65,4,4,0.7527
EMP_05354,Male,Product,Yes,2,4.1,6.14,54,19,3,0.3401
EMP_05355,Male,Product,No,2,2.7,6.6,57,15,17,0.2295
EMP_05356,Male,Product,No,4,9.5,6.14,67,6,19,0.7626
EMP_05357,Male,Service,No,5,5.2,5.31,40,17,22,0.4421
EMP_05358,Non-binary,Service,No,2,4.8,1.72,38,13,5,0.3267
EMP_05359,Female,Product,Yes,3,3.4,3.36,51,17,29,0.3599
EMP_05360,Male,Product,Yes,4,9.0,6.93,50,15,8,0.5417
EMP_05361,Female,Service,Yes,2,8.6,4.25,48,7,18,0.5762
EMP_05362,Male,Product,No,5,4.6,4.06,62,11,12,0.631
EMP_05363,Male,Service,No,5,1.3,7.59,33,18,15,0.3783
EMP_05364,Female,Product,No,2,5.0,0.06,62,19,10,0.4138
EMP_05365,Male,Service,Yes,4,2.6,6.79,45,8,19,0.458
EMP_05366,Non-binary,Product,Yes,1,2.3,4.89,30,18,9,0.1834
EMP_05367,Female,Service,No,2,4.5,3.77,44,10,26,0.336
EMP_05368,Male,Product,Yes,5,1.9,3.41,51,18,7,0.3533
EMP_05369,Female,Product,No,1,9.6,1.73,61,17,10,0.4158
EMP_05370,Male,Service,Yes,4,1.4,3.34,66,9,29,0.3771
EMP_05371,Male,Product,Yes,5,4.6,3.91,52,3,3,0.6343
EMP_05372,Male,Product,No,4,2.5,4.37,62,15,4,0.4194
EMP_05373,Male,Product,Yes,2,7.2,6.72,69,12,6,0.4112
EMP_05374,Female,Product,No,4,1.7,4.54,51,17,3,0.3173
EMP_05375,Male,Service,No,5,5.9,7.96,69,6,23,0.6697
EMP_05376,Female,Service,Yes,2,8.0,6.4,41,9,12,0.4966
EMP_05377,Female,Product,No,5,9.6,1.9,47,10,5,0.78
EMP_05378,Male,Service,Yes,5,7.3,2.77,61,3,4,0.6646
EMP_05379,Female,Product,Yes,1,1.9,0.79,32,6,9,0.1327
EMP_05380,Male,Service,No,3,1.8,9.46,65,13,4,0.4574
EMP_05381,Male,Product,Yes,4,7.6,8.87,30,14,27,0.5264
EMP_05382,Male,Service,Yes,4,2.9,0.85,54,4,8,0.5025
EMP_05383,Male,Product,No,1,5.0,5.74,49,10,10,0.3603
EMP_05384,Male,Product,Yes,4,9.8,9.6,46,19,5,0.6407
EMP_05385,Female,Product,No,1,8.4,7.47,51,16,23,0.4121
EMP_05386,Male,Product,No,4,8.6,4.92,62,7,21,0.7599
EMP_05387,Male,Service,Yes,4,8.7,2.41,55,5,11,0.7274
EMP_05388,Non-binary,Product,Yes,5,6.6,2.79,56,12,3,0.5825
EMP_05389,Female,Service,Yes,1,7.7,7.36,63,15,10,0.4716
EMP_05390,Female,Product,Yes,4,4.2,7.81,52,1,8,0.5941
EMP_05391,Male,Service,No,3,10.0,5.29,45,6,25,0.6273
EMP_05392,Female,Service,No,1,3.5,1.21,43,19,4,0.0909
EMP_05393,Female,Service,Yes,1,6.3,9.34,43,5,25,0.4529
EMP_05394,Female,Service,No,1,3.5,8.45,55,9,16,0.2957
EMP_05395,Female,Service,No,5,2.0,1.41,56,7,3,0.4947
EMP_05396,Male,Product,Yes,1,6.1,0.57,69,9,9,0.4185
EMP_05397,Male,Service,No,5,4.2,5.36,33,16,13,0.3555
EMP_05398,Male,Product,No,3,6.2,2.84,38,5,18,0.4985
EMP_05399,Male,Product,Yes,2,6.0,2.83,56,10,26,0.3826
EMP_05400,Female,Product,Yes,5,5.9,0.87,68,15,4,0.598
EMP_05401,Male,Service,No,4,2.1,9.53,44,15,28,0.2479
EMP_05402,Non-binary,Product,Yes,1,5.0,8.3,54,13,20,0.359
EMP_05403,Non-binary,Product,Yes,2,8.3,1.14,47,18,21,0.456
EMP_05404,Male,Product,No,5,3.8,8.77,59,7,12,0.5156
EMP_05405,Male,Service,No,4,5.0,6.83,66,8,6,0.6385
EMP_05406,Female,Product,Yes,2,5.4,3.25,45,8,26,0.3292
EMP_05407,Non-binary,Product,Yes,3,8.8,8.71,41,11,5,0.6046
EMP_05408,Male,Product,Yes,5,6.9,5.98,46,9,15,0.5486
EMP_05409,Male,Service,Yes,5,1.9,8.49,54,6,8,0.4371
EMP_05410,Male,Service,Yes,3,8.8,4.69,44,2,12,0.6625
EMP_05411,Female,Service,Yes,5,8.5,5.01,54,5,29,0.7661
EMP_05412,Male,Service,Yes,1,7.8,2.91,50,4,10,0.505
EMP_05413,Female,Product,Yes,5,5.2,3.88,48,15,12,0.5423
EMP_05414,Male,Service,Yes,1,7.8,5.68,53,7,4,0.436
EMP_05415,Male,Product,Yes,5,5.3,9.47,36,1,22,0.5426
EMP_05416,Male,Product,Yes,4,7.6,6.0,41,19,17,0.543
EMP_05417,Male,Product,Yes,4,8.9,1.47,68,18,3,0.5374
EMP_05418,Male,Service,No,2,9.0,0.07,40,2,13,0.5037
EMP_05419,Male,Service,Yes,4,5.1,8.51,62,13,26,0.5309
EMP_05420,Male,Product,No,3,8.7,3.64,54,14,3,0.5847
EMP_05421,Male,Service,No,2,1.9,3.15,68,3,27,0.3892
EMP_05422,Male,Product,Yes,4,1.9,8.01,63,16,24,0.3183
EMP_05423,Non-binary,Product,No,1,5.9,9.45,40,14,18,0.3518
EMP_05424,Male,Product,Yes,5,6.9,7.48,45,15,14,0.5323
EMP_05425,Male,Service,Yes,4,2.4,1.74,61,3,14,0.4835
EMP_05426,Female,Service,Yes,1,5.2,3.91,44,2,21,0.4051
EMP_05427,Non-binary,Product,Yes,2,1.8,7.59,69,3,15,0.4441
EMP_05428,Male,Service,Yes,5,6.4,9.07,44,9,10,0.6087
EMP_05429,Female,Product,Yes,4,8.7,9.99,36,8,4,0.6286
EMP_05430,Female,Service,No,2,7.6,5.12,66,19,29,0.5671
EMP_05431,Female,Service,No,4,4.4,8.23,69,15,21,0.4201
EMP_05432,Male,Product,Yes,2,9.9,0.47,31,12,16,0.5884
EMP_05433,Female,Service,Yes,4,7.0,2.86,35,14,25,0.4792
EMP_05434,Male,Service,Yes,1,8.3,3.72,65,18,29,0.3864
EMP_05435,Female,Product,Yes,3,7.0,9.76,68,2,3,0.6458
EMP_05436,Female,Service,No,1,9.9,0.03,67,11,27,0.5997
EMP_05437,Male,Product,Yes,5,8.4,3.08,57,1,28,0.8064
EMP_05438,Female,Product,Yes,4,5.7,9.3,51,19,11,0.5874
EMP_05439,Male,Product,No,3,4.3,3.07,66,14,21,0.4347
EMP_05440,Female,Product,No,3,7.1,2.25,34,9,16,0.4915
EMP_05441,Male,Service,Yes,5,6.3,7.3,47,3,6,0.7072
EMP_05442,Male,Service,Yes,5,6.7,7.45,40,14,4,0.4709
EMP_05443,Male,Service,Yes,3,4.1,4.72,37,3,12,0.4232
EMP_05444,Non-binary,Product,Yes,5,4.9,9.47,49,4,29,0.6271
EMP_05445,Male,Product,Yes,5,6.0,2.03,40,2,17,0.5302
EMP_05446,Male,Product,Yes,4,8.6,9.13,56,2,3,0.7438
EMP_05447,Male,Product,No,1,7.9,7.56,58,15,13,0.4332
EMP_05448,Female,Service,Yes,2,2.1,3.68,54,13,18,0.2581
EMP_05449,Male,Service,Yes,3,3.2,8.07,48,11,15,0.4649
EMP_05450,Male,Product,Yes,2,1.2,1.33,31,14,10,0.2405
EMP_05451,Male,Service,Yes,3,1.1,1.31,68,17,29,0.264
EMP_05452,Male,Service,No,3,3.0,9.3,31,15,11,0.3238
EMP_05453,Male,Product,Yes,1,8.2,0.95,36,14,17,0.434
EMP_05454,Male,Service,Yes,3,9.1,0.04,60,19,27,0.5617
EMP_05455,Female,Product,Yes,3,4.5,3.89,62,2,28,0.4469
EMP_05456,Male,Product,Yes,1,6.1,1.04,40,4,7,0.3898
EMP_05457,Male,Product,Yes,5,7.4,8.63,69,8,23,0.711
EMP_05458,Male,Product,Yes,2,9.6,9.23,69,12,23,0.6911
EMP_05459,Non-binary,Product,Yes,3,9.2,4.82,42,13,24,0.5377
EMP_05460,Non-binary,Product,Yes,1,1.5,4.25,39,18,22,0.1117
EMP_05461,Female,Product,Yes,3,3.2,5.39,67,17,20,0.3901
EMP_05462,Male,Service,No,1,1.4,2.26,49,13,4,0.1188
EMP_05463,Male,Service,No,2,6.5,2.98,50,12,24,0.3756
EMP_05464,Male,Service,No,4,7.4,1.01,43,7,7,0.5139
EMP_05465,Male,Product,No,5,3.8,4.46,53,16,22,0.5429
EMP_05466,Male,Product,Yes,4,8.7,6.12,69,14,18,0.7113
EMP_05467,Female,Product,No,1,5.1,9.3,36,5,18,0.3772
EMP_05468,Female,Product,Yes,3,10.0,7.39,34,11,24,0.6548
EMP_05469,Female,Service,Yes,5,1.0,7.23,35,8,6,0.4364
EMP_05470,Male,Service,Yes,2,2.0,3.08,69,9,28,0.332
EMP_05471,Female,Service,Yes,5,3.7,8.88,64,18,22,0.519
EMP_05472,Male,Service,No,3,1.2,9.47,38,8,24,0.2706
EMP_05473,Male,Product,Yes,4,8.0,9.32,30,7,13,0.6952
EMP_05474,Female,Product,Yes,1,1.5,0.39,68,8,22,0.2545
EMP_05475,Male,Service,Yes,4,7.7,6.04,49,15,18,0.6288
EMP_05476,Male,Product,Yes,5,1.5,6.43,35,19,27,0.3635
EMP_05477,Male,Product,Yes,3,3.3,2.95,61,4,25,0.4588
EMP_05478,Female,Product,Yes,1,8.6,9.92,42,7,14,0.5803
EMP_05479,Female,Product,Yes,3,9.6,2.91,68,4,8,0.6585
EMP_05480,Male,Product,No,3,4.7,2.17,69,15,18,0.4182
EMP_05481,Female,Service,Yes,5,9.7,4.84,50,2,21,0.8442
EMP_05482,Male,Service,Yes,4,6.6,3.23,66,12,13,0.5672
EMP_05483,Male,Product,No,3,4.7,9.24,41,6,14,0.5288
EMP_05484,Female,Product,No,3,8.2,4.4,35,6,6,0.5821
EMP_05485,Female,Service,Yes,3,3.7,4.1,44,14,15,0.4508
EMP_05486,Non-binary,Product,Yes,1,3.4,6.26,50,6,4,0.3208
EMP_05487,Male,Product,No,3,6.9,0.81,50,1,21,0.5729
EMP_05488,Female,Product,Yes,3,4.5,7.57,57,6,13,0.513
EMP_05489,Female,Product,Yes,5,2.2,7.68,65,18,3,0.4758
EMP_05490,Female,Service,Yes,3,1.6,4.74,46,16,11,0.1881
EMP_05491,Male,Service,No,3,8.1,9.56,36,1,12,0.6323
EMP_05492,Female,Product,No,5,7.1,5.79,52,19,5,0.5832
EMP_05493,Female,Product,No,1,4.7,6.95,51,18,10,0.2751
EMP_05494,Male,Product,Yes,4,9.1,9.24,39,2,18,0.7311
EMP_05495,Male,Product,Yes,5,4.7,6.66,47,19,6,0.4332
EMP_05496,Male,Service,Yes,1,7.4,4.32,31,17,13,0.2474
EMP_05497,Female,Service,No,4,9.2,0.25,41,18,10,0.5357
EMP_05498,Female,Product,No,3,8.6,7.28,68,4,9,0.6204
EMP_05499,Female,Service,Yes,5,5.6,9.65,51,18,22,0.5425
EMP_05500,Female,Service,No,3,7.1,4.7,51,5,17,0.5134
EMP_05501,Male,Service,Yes,5,4.7,3.4,51,12,25,0.5608
EMP_05502,Male,Product,Yes,4,6.8,5.19,35,15,10,0.4591
EMP_05503,Male,Product,No,1,3.3,7.28,66,15,12,0.3678
EMP_05504,Male,Service,Yes,5,4.9,0.01,49,3,21,0.5449
EMP_05505,Male,Product,Yes,1,2.9,8.87,35,3,7,0.3345
EMP_05506,Male,Service,Yes,3,1.3,8.86,38,11,29,0.2929
EMP_05507,Male,Service,No,3,6.3,5.41,58,14,5,0.5398
EMP_05508,Male,Service,No,4,8.8,1.22,66,7,9,0.704
EMP_05509,Male,Product,No,4,1.2,6.72,34,18,8,0.3113
EMP_05510,Male,Service,No,2,2.8,1.38,42,6,19,0.3035
EMP_05511,Male,Product,Yes,2,5.1,5.08,56,6,12,0.4838
EMP_05512,Female,Service,Yes,4,7.0,0.94,52,11,23,0.5095
EMP_05513,Female,Product,No,3,2.5,5.89,66,3,22,0.5018
EMP_05514,Female,Product,Yes,1,1.5,3.18,63,14,17,0.2985
EMP_05515,Male,Service,No,4,5.7,8.31,54,12,4,0.5474
EMP_05516,Female,Product,No,1,8.4,8.0,66,14,3,0.4812
EMP_05517,Female,Product,No,2,1.3,9.98,52,15,14,0.1954
EMP_05518,Female,Service,Yes,1,4.1,2.58,57,9,15,0.2594
EMP_05519,Male,Product,Yes,4,7.0,0.62,55,19,14,0.4331
EMP_05520,Female,Service,No,3,2.2,4.43,41,12,14,0.2545
EMP_05521,Female,Product,No,4,3.1,0.83,68,7,9,0.3997
EMP_05522,Female,Service,No,5,5.8,1.78,32,17,9,0.4695
EMP_05523,Female,Service,Yes,5,9.6,5.97,38,14,8,0.6336
EMP_05524,Male,Product,Yes,5,3.6,5.92,44,15,15,0.4785
EMP_05525,Male,Product,No,3,5.4,0.43,37,14,23,0.4234
EMP_05526,Male,Service,No,4,4.6,4.43,57,19,11,0.4487
EMP_05527,Female,Product,No,5,9.1,5.3,55,19,18,0.7007
EMP_05528,Male,Product,Yes,4,1.6,2.68,45,14,4,0.2715
EMP_05529,Male,Service,No,2,6.1,8.72,63,8,29,0.4434
EMP_05530,Male,Product,Yes,5,8.6,1.61,49,13,13,0.5634
EMP_05531,Male,Product,No,5,9.9,2.54,30,4,5,0.6974
EMP_05532,Male,Service,Yes,3,7.3,1.57,53,12,11,0.5152
EMP_05533,Female,Product,Yes,4,4.4,1.17,58,1,14,0.544
EMP_05534,Female,Product,No,3,4.7,8.79,33,5,4,0.462
EMP_05535,Male,Product,Yes,3,4.2,2.78,33,4,21,0.4473
EMP_05536,Male,Service,Yes,4,6.4,7.23,67,16,8,0.6515
EMP_05537,Male,Service,Yes,2,7.7,4.28,32,19,28,0.4074
EMP_05538,Female,Service,No,4,8.4,6.36,69,19,25,0.6466
EMP_05539,Male,Product,Yes,2,4.7,9.28,31,3,20,0.3921
EMP_05540,Male,Product,Yes,3,7.5,8.45,58,16,15,0.4727
EMP_05541,Male,Product,No,2,9.2,0.69,57,7,16,0.5576
EMP_05542,Female,Product,Yes,2,9.3,8.45,41,5,10,0.5935
EMP_05543,Female,Service,Yes,2,7.3,4.52,44,1,11,0.4497
EMP_05544,Female,Product,Yes,5,6.7,3.5,60,11,15,0.5986
EMP_05545,Female,Product,No,5,5.8,6.72,66,17,19,0.6443
EMP_05546,Male,Product,Yes,3,2.6,9.5,61,12,8,0.395
EMP_05547,Male,Service,No,4,2.1,0.94,51,18,22,0.3163
EMP_05548,Male,Service,Yes,2,5.4,7.68,32,2,12,0.5088
EMP_05549,Male,Service,No,5,2.4,2.04,46,10,13,0.4213
EMP_05550,Male,Service,No,4,6.2,3.8,58,19,12,0.4958
EMP_05551,Male,Product,Yes,2,6.8,8.74,41,16,23,0.444
EMP_05552,Male,Product,Yes,4,5.7,5.46,43,8,8,0.6652
EMP_05553,Non-binary,Product,No,1,1.3,0.67,37,2,8,0.2015
EMP_05554,Female,Service,Yes,2,1.5,5.08,31,5,17,0.2376
EMP_05555,Female,Service,No,4,2.0,7.9,63,4,9,0.5125
EMP_05556,Female,Product,Yes,2,2.4,5.29,53,4,27,0.3887
EMP_05557,Male,Service,No,2,9.9,1.67,49,1,14,0.6379
EMP_05558,Female,Service,Yes,1,4.1,4.45,39,15,22,0.2399
EMP_05559,Male,Service,No,4,3.6,9.24,69,13,11,0.4961
EMP_05560,Female,Service,Yes,3,1.5,6.58,36,17,3,0.2594
EMP_05561,Male,Service,Yes,5,6.7,7.3,30,6,27,0.5073
EMP_05562,Non-binary,Product,Yes,2,6.9,7.86,39,13,26,0.5037
EMP_05563,Male,Service,Yes,2,2.6,0.91,34,12,18,0.2231
EMP_05564,Male,Service,Yes,2,9.3,5.82,69,12,20,0.5089
EMP_05565,Non-binary,Product,Yes,2,8.2,3.76,50,10,25,0.409
EMP_05566,Male,Service,No,5,3.1,1.39,38,2,9,0.4762
EMP_05567,Female,Service,Yes,3,5.4,2.03,58,15,20,0.3331
EMP_05568,Female,Product,No,1,5.1,7.81,60,19,10,0.4025
EMP_05569,Female,Service,Yes,3,4.1,1.61,56,4,24,0.5705
EMP_05570,Non-binary,Product,Yes,5,8.4,3.12,35,14,17,0.5284
EMP_05571,Non-binary,Service,Yes,4,2.0,2.85,60,1,8,0.4195
EMP_05572,Male,Service,No,1,4.7,0.49,65,1,29,0.4004
EMP_05573,Female,Product,No,1,4.9,4.62,31,18,23,0.2237
EMP_05574,Female,Product,Yes,4,5.2,7.66,50,15,14,0.4956
EMP_05575,Female,Service,No,2,8.8,0.22,63,11,29,0.5049
EMP_05576,Male,Product,Yes,5,3.0,1.13,51,18,17,0.453
EMP_05577,Female,Product,Yes,4,1.9,7.2,42,10,26,0.4005
EMP_05578,Non-binary,Product,Yes,3,6.6,5.94,48,4,17,0.6217
EMP_05579,Female,Product,Yes,3,2.6,7.15,62,14,12,0.3709
EMP_05580,Male,Product,Yes,4,1.7,2.3,67,18,11,0.41
EMP_05581,Male,Service,No,5,4.8,8.04,69,1,16,0.6837
EMP_05582,Male,Service,Yes,1,3.0,4.8,32,7,23,0.1692
EMP_05583,Female,Service,No,1,4.3,6.1,67,4,16,0.484
EMP_05584,Female,Service,Yes,2,3.3,0.92,48,4,19,0.2949
EMP_05585,Male,Product,Yes,5,1.8,2.05,36,18,13,0.2785
EMP_05586,Male,Product,No,3,6.0,7.73,44,9,8,0.4536
EMP_05587,Male,Product,No,3,1.2,2.24,67,2,14,0.466
EMP_05588,Male,Service,No,2,9.7,0.93,54,5,19,0.5921
EMP_05589,Female,Service,Yes,3,4.1,5.97,51,6,7,0.4697
EMP_05590,Female,Service,No,2,7.3,5.48,52,3,8,0.6114
EMP_05591,Male,Service,No,2,8.3,6.08,39,19,5,0.4009
EMP_05592,Male,Service,Yes,4,3.5,6.18,65,5,3,0.5524
EMP_05593,Male,Product,Yes,1,7.7,5.0,66,9,20,0.4978
EMP_05594,Non-binary,Product,Yes,5,8.5,4.94,36,6,16,0.6904
EMP_05595,Male,Product,Yes,5,3.2,9.24,54,5,14,0.5561
EMP_05596,Male,Product,Yes,1,9.9,5.34,69,6,14,0.6869
EMP_05597,Male,Service,No,5,1.2,6.17,53,15,13,0.3682
EMP_05598,Female,Product,Yes,3,3.0,2.67,34,11,21,0.2993
EMP_05599,Female,Service,No,3,8.0,8.71,50,18,5,0.62
EMP_05600,Female,Service,No,5,2.7,0.24,69,19,4,0.3453
EMP_05601,Male,Product,Yes,4,7.3,5.57,49,12,24,0.6109
EMP_05602,Male,Product,Yes,5,8.7,3.84,58,12,9,0.7922
EMP_05603,Male,Product,Yes,2,9.6,6.04,66,7,23,0.6565
EMP_05604,Female,Product,No,2,5.3,3.6,49,16,25,0.2867
EMP_05605,Male,Service,No,1,9.7,7.18,47,12,14,0.4954
EMP_05606,Female,Product,Yes,3,4.7,0.2,33,4,21,0.393
EMP_05607,Female,Service,No,4,3.0,4.06,40,10,29,0.4593
EMP_05608,Female,Service,Yes,5,5.6,8.31,51,17,23,0.4634
EMP_05609,Male,Service,No,2,6.8,2.5,43,15,15,0.4172
EMP_05610,Male,Service,Yes,3,5.1,0.53,57,8,21,0.3909
EMP_05611,Male,Product,Yes,3,6.1,4.97,33,14,6,0.3847
EMP_05612,Female,Product,Yes,4,4.7,9.77,45,18,24,0.4966
EMP_05613,Female,Product,Yes,4,5.7,0.64,67,8,14,0.599
EMP_05614,Male,Product,Yes,4,9.6,0.7,52,14,6,0.6518
EMP_05615,Male,Service,No,4,5.5,5.95,42,16,15,0.504
EMP_05616,Female,Service,Yes,2,3.3,2.5,49,19,22,0.2418
EMP_05617,Female,Product,No,4,7.8,4.1,34,7,9,0.5905
EMP_05618,Male,Product,Yes,3,4.0,8.31,48,17,8,0.3621
EMP_05619,Female,Product,No,3,8.3,1.99,50,5,14,0.6262
EMP_05620,Male,Service,No,5,1.5,7.19,34,13,14,0.3711
EMP_05621,Male,Service,No,3,4.0,5.04,43,18,18,0.4061
EMP_05622,Female,Service,Yes,3,1.8,9.05,65,18,15,0.2505
EMP_05623,Female,Service,Yes,2,1.8,9.73,35,19,19,0.1769
EMP_05624,Female,Product,No,3,6.9,4.85,34,18,10,0.4029
EMP_05625,Male,Product,Yes,1,4.5,5.85,53,17,3,0.3541
EMP_05626,Female,Product,Yes,3,8.8,7.46,58,4,14,0.6438
EMP_05627,Male,Product,Yes,5,5.6,3.19,58,17,27,0.5158
EMP_05628,Male,Service,No,5,3.7,2.27,31,19,22,0.3543
EMP_05629,Male,Service,No,4,7.5,9.65,35,8,9,0.6222
EMP_05630,Male,Service,No,2,6.6,4.33,63,1,23,0.5622
EMP_05631,Female,Product,Yes,5,8.2,0.02,41,7,14,0.6176
EMP_05632,Female,Product,Yes,1,6.8,8.38,51,8,28,0.4278
EMP_05633,Male,Product,No,1,2.5,6.0,33,5,21,0.1903
EMP_05634,Male,Product,Yes,4,7.0,1.69,35,9,15,0.4777
EMP_05635,Male,Service,Yes,2,4.5,0.3,32,7,26,0.3035
EMP_05636,Male,Product,Yes,2,5.2,2.91,42,4,12,0.3826
EMP_05637,Female,Service,Yes,3,9.3,9.28,52,8,4,0.7684
EMP_05638,Female,Service,Yes,1,4.2,9.33,64,2,29,0.4722
EMP_05639,Male,Product,Yes,1,6.5,3.11,55,5,28,0.4023
EMP_05640,Male,Service,Yes,1,4.3,8.36,38,3,5,0.3839
EMP_05641,Female,Product,Yes,1,1.9,4.42,52,5,14,0.1904
EMP_05642,Female,Service,No,5,5.1,6.54,33,1,7,0.6474
EMP_05643,Male,Service,Yes,2,6.4,3.34,63,7,7,0.4856
EMP_05644,Male,Service,Yes,3,4.7,5.16,66,10,7,0.5419
EMP_05645,Female,Product,No,5,4.5,2.94,37,16,9,0.4339
EMP_05646,Male,Product,No,2,8.4,0.61,63,1,10,0.6343
EMP_05647,Male,Product,Yes,4,1.3,1.39,66,17,26,0.3285
EMP_05648,Female,Product,No,1,3.7,2.91,35,4,29,0.1489
EMP_05649,Female,Service,Yes,3,8.3,9.76,36,16,21,0.5471
EMP_05650,Female,Service,Yes,2,9.3,9.66,68,9,26,0.6142
EMP_05651,Female,Product,Yes,4,4.7,8.28,65,8,18,0.5696
EMP_05652,Female,Product,Yes,1,9.0,2.33,34,19,12,0.4016
EMP_05653,Male,Product,No,4,2.8,4.42,32,17,15,0.3692
EMP_05654,Male,Product,Yes,4,3.0,4.4,46,10,4,0.4591
EMP_05655,Male,Product,Yes,5,8.6,3.87,48,17,6,0.5721
EMP_05656,Male,Product,No,4,9.1,0.45,30,16,4,0.4614
EMP_05657,Female,Service,Yes,5,3.0,5.35,66,9,23,0.5352
EMP_05658,Female,Product,No,5,1.5,0.73,38,5,5,0.4166
EMP_05659,Non-binary,Product,No,4,1.8,8.02,33,2,12,0.4388
EMP_05660,Female,Service,Yes,2,3.4,6.91,39,14,28,0.327
EMP_05661,Male,Product,No,4,7.9,3.53,61,17,13,0.5582
EMP_05662,Male,Service,Yes,4,5.6,6.47,30,13,5,0.4552
EMP_05663,Female,Service,Yes,2,5.1,2.33,52,13,7,0.3083
EMP_05664,Female,Service,Yes,1,6.3,2.65,46,13,22,0.4166
EMP_05665,Female,Product,No,3,9.0,3.14,59,18,8,0.6207
EMP_05666,Female,Product,No,1,1.8,7.97,56,1,23,0.3246
EMP_05667,Female,Service,Yes,4,7.3,2.11,44,4,28,0.5676
EMP_05668,Female,Service,Yes,1,9.3,5.63,67,5,15,0.5623
EMP_05669,Male,Product,Yes,3,2.9,2.0,36,11,7,0.3099
EMP_05670,Female,Product,No,1,8.5,2.85,62,2,5,0.5237
EMP_05671,Female,Product,No,3,7.3,2.35,34,2,22,0.5765
EMP_05672,Male,Product,No,1,1.1,6.45,68,16,14,0.2121
EMP_05673,Female,Service,No,5,3.1,5.27,63,3,5,0.5569
EMP_05674,Male,Product,Yes,4,6.5,7.21,32,6,21,0.5906
EMP_05675,Non-binary,Product,Yes,3,5.5,2.2,61,4,17,0.4437
EMP_05676,Male,Service,Yes,4,5.8,0.09,31,5,12,0.5076
EMP_05677,Female,Product,No,5,3.1,6.81,45,7,27,0.4927
EMP_05678,Male,Service,Yes,1,7.1,1.15,46,7,28,0.4116
EMP_05679,Female,Service,Yes,4,3.4,2.46,41,17,8,0.3733
EMP_05680,Male,Product,No,1,4.5,3.06,34,6,18,0.3687
EMP_05681,Male,Service,No,1,4.3,7.47,33,4,17,0.3445
EMP_05682,Male,Service,Yes,4,7.0,6.26,45,2,28,0.6611
EMP_05683,Female,Product,No,3,1.8,1.84,47,6,4,0.3045
EMP_05684,Male,Product,No,3,2.8,5.98,49,7,19,0.3558
EMP_05685,Male,Product,Yes,4,2.8,7.08,38,2,18,0.466
EMP_05686,Female,Service,Yes,3,2.0,3.89,45,18,5,0.2272
EMP_05687,Male,Service,Yes,2,2.9,2.46,64,10,21,0.3248
EMP_05688,Female,Product,Yes,1,6.5,6.79,58,7,6,0.5445
EMP_05689,Male,Service,No,4,7.6,6.11,59,9,22,0.7106
EMP_05690,Female,Product,Yes,5,6.9,0.78,49,19,7,0.4635
EMP_05691,Male,Service,Yes,4,5.3,6.67,51,19,15,0.5008
EMP_05692,Male,Service,Yes,4,1.5,4.89,52,2,22,0.4666
EMP_05693,Female,Product,Yes,1,9.6,7.53,65,12,4,0.5881
EMP_05694,Female,Service,Yes,5,2.5,1.91,51,19,29,0.4169
EMP_05695,Female,Service,No,1,7.0,2.58,30,6,14,0.4653
EMP_05696,Male,Service,Yes,3,9.2,5.43,50,1,19,0.731
EMP_05697,Male,Product,No,4,7.3,4.82,48,15,12,0.5266
EMP_05698,Male,Service,No,1,3.0,3.86,37,19,25,0.1307
EMP_05699,Non-binary,Service,Yes,2,3.8,7.46,34,14,11,0.2607
EMP_05700,Male,Product,No,4,1.3,5.65,69,13,11,0.4078
EMP_05701,Male,Product,No,3,6.5,7.1,58,5,29,0.6489
EMP_05702,Male,Product,Yes,1,6.5,1.53,47,2,19,0.3818
EMP_05703,Female,Service,Yes,1,7.5,7.29,58,15,11,0.4928
EMP_05704,Male,Service,No,2,1.1,4.62,44,16,16,0.2474
EMP_05705,Female,Product,No,3,8.4,0.34,60,7,19,0.5316
EMP_05706,Male,Service,Yes,2,7.6,2.34,44,6,19,0.4829
EMP_05707,Female,Product,Yes,4,2.3,0.26,32,17,4,0.194
EMP_05708,Male,Service,Yes,5,4.1,4.57,62,1,28,0.6409
EMP_05709,Female,Product,Yes,1,6.7,3.26,53,6,29,0.4067
EMP_05710,Female,Product,Yes,2,5.5,9.87,67,6,17,0.4824
EMP_05711,Male,Product,Yes,1,2.0,8.69,53,4,13,0.3738
EMP_05712,Non-binary,Product,Yes,1,1.8,8.26,42,8,24,0.1866
EMP_05713,Male,Service,Yes,2,8.0,5.01,56,9,27,0.561
EMP_05714,Non-binary,Service,Yes,1,2.4,8.07,62,10,7,0.2986
EMP_05715,Female,Product,Yes,3,2.5,2.67,48,8,11,0.3192
EMP_05716,Male,Product,Yes,3,8.5,5.61,54,2,11,0.6645
EMP_05717,Male,Product,Yes,5,6.5,3.93,35,17,16,0.4927
EMP_05718,Male,Service,No,3,6.4,1.71,62,1,10,0.6492
EMP_05719,Male,Service,No,2,5.3,0.73,54,14,13,0.4168
EMP_05720,Male,Product,Yes,3,6.1,5.58,52,5,14,0.5642
EMP_05721,Male,Service,Yes,5,6.4,0.98,46,9,9,0.6515
EMP_05722,Male,Product,Yes,4,9.7,7.18,50,17,5,0.6784
EMP_05723,Female,Service,Yes,4,3.0,9.21,49,6,28,0.4368
EMP_05724,Male,Service,Yes,2,2.9,1.62,41,1,5,0.3099
EMP_05725,Male,Service,Yes,5,1.5,4.71,42,18,16,0.4225
EMP_05726,Female,Service,No,3,6.9,7.39,47,11,6,0.5643
EMP_05727,Male,Service,Yes,5,5.9,2.87,51,4,27,0.6328
EMP_05728,Male,Service,Yes,1,2.0,9.21,53,6,16,0.3062
EMP_05729,Male,Service,No,5,4.3,8.88,62,8,16,0.6006
EMP_05730,Female,Product,No,3,2.6,1.04,32,19,5,0.3224
EMP_05731,Female,Product,Yes,2,4.0,0.27,46,15,15,0.2398
EMP_05732,Male,Product,Yes,1,9.6,9.76,68,19,10,0.588
EMP_05733,Female,Service,Yes,5,7.1,9.56,61,2,26,0.8199
EMP_05734,Male,Product,Yes,4,1.1,4.22,46,4,8,0.3413
EMP_05735,Female,Product,Yes,3,3.3,0.51,54,4,4,0.3775
EMP_05736,Female,Product,Yes,2,1.1,6.19,37,12,8,0.1232
EMP_05737,Female,Product,Yes,3,7.4,2.93,64,18,22,0.4632
EMP_05738,Male,Service,No,5,5.2,9.37,58,12,16,0.6331
EMP_05739,Male,Service,No,2,9.9,7.95,41,19,9,0.5091
EMP_05740,Male,Service,Yes,4,7.6,6.5,65,15,29,0.6503
EMP_05741,Female,Service,Yes,1,5.7,2.85,38,10,19,0.3707
EMP_05742,Female,Service,Yes,5,8.2,7.01,55,7,5,0.7285
EMP_05743,Female,Product,Yes,2,7.3,2.89,51,2,16,0.501
EMP_05744,Non-binary,Product,Yes,1,3.2,0.38,60,13,26,0.2875
EMP_05745,Male,Service,No,2,5.8,5.08,59,16,3,0.288
EMP_05746,Female,Product,No,5,6.0,4.89,44,8,28,0.6484
EMP_05747,Female,Product,No,2,5.1,7.63,62,1,14,0.4172
EMP_05748,Non-binary,Service,No,4,2.6,8.66,32,17,5,0.2535
EMP_05749,Non-binary,Product,No,2,3.0,3.54,63,15,21,0.2905
EMP_05750,Female,Product,No,5,3.5,4.49,46,14,14,0.3848
EMP_05751,Male,Product,No,2,1.1,4.7,34,7,26,0.1264
EMP_05752,Female,Product,Yes,1,9.3,3.24,59,19,16,0.4716
EMP_05753,Male,Product,Yes,1,7.2,7.43,44,10,3,0.4106
EMP_05754,Female,Product,Yes,3,7.2,5.22,68,11,28,0.5597
EMP_05755,Female,Service,No,3,6.2,9.14,37,5,7,0.5121
EMP_05756,Male,Service,Yes,4,7.2,6.5,67,7,9,0.6042
EMP_05757,Female,Product,Yes,1,9.8,2.12,57,12,22,0.5636
EMP_05758,Male,Service,Yes,3,4.5,1.65,50,2,28,0.4286
EMP_05759,Male,Product,No,2,7.4,3.72,39,7,21,0.503
EMP_05760,Male,Product,Yes,4,4.2,3.47,57,5,28,0.511
EMP_05761,Female,Product,No,5,8.7,4.07,50,12,8,0.6677
EMP_05762,Non-binary,Service,No,3,8.7,1.84,57,4,23,0.628
EMP_05763,Non-binary,Product,No,3,9.1,9.78,51,19,20,0.6172
EMP_05764,Male,Service,Yes,1,1.0,1.46,67,3,8,0.332
EMP_05765,Female,Service,Yes,4,3.7,6.53,48,17,13,0.4467
EMP_05766,Female,Product,Yes,1,2.2,0.13,67,4,5,0.2967
EMP_05767,Male,Service,Yes,1,5.1,4.07,53,9,11,0.3663
EMP_05768,Male,Service,Yes,4,5.5,3.09,57,2,5,0.5543
EMP_05769,Male,Product,No,2,3.3,3.82,42,10,27,0.2755
EMP_05770,Female,Product,Yes,3,7.5,4.98,38,9,8,0.4614
EMP_05771,Female,Service,No,1,3.4,6.0,38,8,26,0.2422
EMP_05772,Female,Service,No,3,8.7,5.84,50,18,11,0.5538
EMP_05773,Male,Product,Yes,4,2.6,6.31,53,11,10,0.4081
EMP_05774,Female,Product,No,2,4.3,8.45,60,19,29,0.3234
EMP_05775,Male,Product,No,5,6.6,8.87,58,18,4,0.644
EMP_05776,Male,Product,Yes,2,6.4,7.37,69,19,21,0.4067
EMP_05777,Female,Product,Yes,4,1.7,0.79,39,17,26,0.255
EMP_05778,Male,Service,Yes,2,8.6,9.61,33,17,18,0.5839
EMP_05779,Female,Service,Yes,5,6.4,9.47,32,15,7,0.6142
EMP_05780,Male,Product,No,1,8.8,7.12,42,16,12,0.4162
EMP_05781,Female,Service,Yes,2,8.8,5.17,50,17,22,0.558
EMP_05782,Male,Service,No,4,5.9,2.51,37,8,24,0.4664
EMP_05783,Female,Product,Yes,2,9.2,7.56,38,7,14,0.593
EMP_05784,Male,Product,Yes,5,8.6,8.78,30,4,14,0.7935
EMP_05785,Male,Product,Yes,4,9.6,6.65,43,7,8,0.6813
EMP_05786,Female,Service,Yes,2,8.7,6.29,41,11,16,0.5601
EMP_05787,Male,Product,Yes,4,8.4,1.93,65,3,9,0.7107
EMP_05788,Female,Service,Yes,5,5.2,3.58,51,2,23,0.5884
EMP_05789,Non-binary,Product,No,1,2.9,7.23,65,1,3,0.4292
EMP_05790,Male,Product,No,5,9.2,0.17,45,6,16,0.7326
EMP_05791,Male,Product,Yes,1,7.5,6.41,40,14,17,0.33
EMP_05792,Female,Product,Yes,3,3.5,7.67,32,4,15,0.3844
EMP_05793,Non-binary,Service,Yes,5,4.1,3.35,63,16,26,0.4364
EMP_05794,Female,Service,Yes,1,7.2,0.76,54,10,3,0.3411
EMP_05795,Male,Product,No,3,5.3,8.19,55,5,22,0.5278
EMP_05796,Female,Service,No,3,1.7,1.42,32,11,21,0.2512
EMP_05797,Male,Service,No,3,2.3,3.71,49,1,21,0.4521
EMP_05798,Non-binary,Product,Yes,4,7.7,7.07,60,17,8,0.5174
EMP_05799,Non-binary,Service,No,5,4.0,8.17,30,14,26,0.3798
EMP_05800,Male,Product,Yes,5,5.6,8.62,55,7,7,0.7079
EMP_05801,Male,Service,No,5,7.9,5.3,54,14,24,0.6099
EMP_05802,Male,Product,Yes,5,7.8,4.76,40,1,24,0.6311
EMP_05803,Male,Service,Yes,4,2.5,8.48,45,6,19,0.5232
EMP_05804,Female,Product,Yes,5,1.9,5.63,49,7,17,0.444
EMP_05805,Male,Service,Yes,1,6.3,5.79,67,11,9,0.4263
EMP_05806,Male,Service,No,3,7.7,4.34,31,10,19,0.4622
EMP_05807,Male,Product,No,4,2.3,3.73,58,3,14,0.4164
EMP_05808,Non-binary,Product,Yes,4,4.3,4.81,36,19,9,0.35
EMP_05809,Female,Product,No,5,8.8,3.65,69,2,15,0.8318
EMP_05810,Male,Service,Yes,3,9.5,3.44,54,12,10,0.6385
EMP_05811,Male,Product,Yes,1,5.1,9.94,33,12,6,0.2267
EMP_05812,Non-binary,Service,No,3,1.7,3.36,63,1,10,0.4951
EMP_05813,Female,Product,No,2,3.3,2.56,54,14,24,0.289
EMP_05814,Male,Product,Yes,3,3.1,3.54,37,11,18,0.336
EMP_05815,Male,Product,Yes,1,3.2,5.91,61,8,18,0.3712
EMP_05816,Male,Product,Yes,1,5.4,9.11,47,9,24,0.3712
EMP_05817,Male,Service,No,1,6.2,7.88,69,18,13,0.4329
EMP_05818,Female,Service,No,4,2.1,8.42,40,13,29,0.3574
EMP_05819,Female,Product,Yes,4,9.0,8.59,66,4,11,0.7633
EMP_05820,Male,Product,No,2,6.6,9.21,68,16,24,0.4997
EMP_05821,Female,Product,Yes,3,6.4,2.35,65,3,13,0.5632
EMP_05822,Male,Service,Yes,5,9.9,4.58,39,4,7,0.7172
EMP_05823,Female,Product,No,2,6.7,3.85,35,4,12,0.4713
EMP_05824,Female,Service,Yes,5,9.4,3.82,45,8,28,0.7279
EMP_05825,Male,Service,Yes,5,3.6,6.52,54,11,8,0.5203
EMP_05826,Male,Product,No,2,3.2,4.02,63,3,18,0.4885
EMP_05827,Female,Service,Yes,3,5.6,6.16,60,19,14,0.4543
EMP_05828,Male,Product,Yes,5,5.6,3.82,37,6,10,0.542
EMP_05829,Male,Product,No,4,3.0,3.11,46,3,27,0.4633
EMP_05830,Male,Product,No,4,7.3,3.53,43,4,28,0.7229
EMP_05831,Non-binary,Product,No,2,1.3,8.04,59,4,15,0.2897
EMP_05832,Male,Product,Yes,5,7.2,6.01,47,2,15,0.785
EMP_05833,Female,Product,Yes,2,5.1,9.74,65,16,18,0.4504
EMP_05834,Male,Product,No,4,7.2,8.33,50,5,28,0.6519
EMP_05835,Female,Product,Yes,2,5.3,4.86,60,15,13,0.3869
EMP_05836,Female,Service,Yes,5,9.8,2.42,62,5,26,0.7818
EMP_05837,Female,Service,Yes,5,4.0,6.74,52,12,10,0.4258
EMP_05838,Male,Product,Yes,4,9.8,7.27,67,19,25,0.6931
EMP_05839,Female,Product,Yes,1,1.6,4.64,34,15,15,0.1683
EMP_05840,Female,Product,No,1,7.2,2.3,44,6,3,0.4285
EMP_05841,Male,Service,No,3,5.1,5.57,59,1,22,0.5342
EMP_05842,Male,Service,Yes,4,8.4,2.54,45,5,22,0.6089
EMP_05843,Male,Product,No,3,8.1,9.4,69,19,21,0.589
EMP_05844,Male,Product,No,4,8.2,6.29,58,11,6,0.6806
EMP_05845,Female,Product,No,5,1.9,2.92,57,14,4,0.4539
EMP_05846,Male,Product,Yes,4,8.4,2.16,35,14,21,0.4481
EMP_05847,Male,Service,Yes,2,2.9,7.17,34,2,21,0.3213
EMP_05848,Female,Service,Yes,3,1.2,7.08,67,5,12,0.4377
EMP_05849,Male,Product,Yes,4,3.0,5.97,54,9,19,0.387
EMP_05850,Male,Product,Yes,3,5.3,6.14,57,17,25,0.4248
EMP_05851,Male,Product,Yes,4,7.7,6.04,30,19,22,0.5202
EMP_05852,Non-binary,Product,Yes,1,3.0,3.6,43,15,10,0.1961
EMP_05853,Female,Service,Yes,3,2.0,9.37,48,2,11,0.4175
EMP_05854,Female,Product,Yes,5,6.8,4.79,60,9,20,0.6014
EMP_05855,Male,Product,Yes,5,9.9,0.2,44,11,4,0.6643
EMP_05856,Female,Product,No,4,6.4,3.48,48,6,20,0.5877
EMP_05857,Male,Service,Yes,5,7.2,1.3,67,15,10,0.6654
EMP_05858,Male,Service,No,5,6.1,3.63,61,4,4,0.6487
EMP_05859,Male,Product,No,3,8.0,6.08,60,15,24,0.6254
EMP_05860,Female,Product,No,4,9.8,0.23,66,18,18,0.6486
EMP_05861,Male,Product,No,3,5.9,8.7,55,7,7,0.5467
EMP_05862,Male,Service,No,4,4.8,6.1,54,16,12,0.5332
EMP_05863,Male,Product,Yes,5,8.7,2.95,69,3,11,0.6956
EMP_05864,Male,Product,No,4,9.7,3.11,37,12,4,0.4985
EMP_05865,Female,Product,No,4,2.2,4.66,33,7,18,0.403
EMP_05866,Male,Service,No,2,6.2,2.48,60,9,18,0.4573
EMP_05867,Female,Product,Yes,4,8.1,0.04,61,10,19,0.6502
EMP_05868,Male,Product,Yes,2,5.8,0.27,63,1,4,0.5156
EMP_05869,Female,Service,No,3,4.7,3.58,32,12,28,0.3831
EMP_05870,Female,Service,No,2,6.9,1.24,55,18,7,0.4388
EMP_05871,Male,Service,No,3,3.4,0.22,33,1,10,0.431
EMP_05872,Male,Service,Yes,4,4.1,8.59,31,18,26,0.386
EMP_05873,Female,Product,Yes,3,9.9,2.74,48,7,4,0.7077
EMP_05874,Female,Product,Yes,5,6.7,5.03,52,17,14,0.5419
EMP_05875,Male,Service,Yes,4,8.9,1.79,54,13,15,0.6464
EMP_05876,Male,Product,Yes,2,8.3,0.47,36,10,18,0.3927
EMP_05877,Female,Service,Yes,1,6.9,7.45,37,14,7,0.3354
EMP_05878,Female,Service,Yes,4,8.6,1.25,32,1,14,0.6744
EMP_05879,Male,Product,Yes,5,3.6,0.26,52,6,17,0.5424
EMP_05880,Male,Product,Yes,3,6.7,5.87,62,4,4,0.5981
EMP_05881,Male,Service,No,2,6.3,0.13,57,19,14,0.4315
EMP_05882,Female,Service,No,2,6.6,4.36,51,15,25,0.341
EMP_05883,Male,Service,No,5,2.5,2.89,64,19,12,0.4582
EMP_05884,Non-binary,Product,Yes,5,3.5,3.19,63,12,10,0.4932
EMP_05885,Male,Product,No,4,3.6,0.04,59,14,23,0.3152
EMP_05886,Male,Product,Yes,1,6.4,9.64,65,3,13,0.4842
EMP_05887,Female,Product,No,1,9.8,5.17,43,4,14,0.546
EMP_05888,Female,Product,No,3,9.6,5.73,38,3,19,0.6063
EMP_05889,Female,Service,Yes,2,3.0,6.66,51,12,9,0.2674
EMP_05890,Male,Service,No,4,3.7,7.98,57,9,17,0.5208
EMP_05891,Female,Service,Yes,2,1.3,6.08,43,19,21,0.1373
EMP_05892,Female,Product,Yes,4,4.6,7.62,44,16,4,0.3236
EMP_05893,Male,Product,No,5,8.5,4.49,66,1,8,0.8213
EMP_05894,Male,Service,Yes,3,9.2,3.71,53,14,4,0.5559
EMP_05895,Male,Product,Yes,5,3.1,8.23,63,13,16,0.5765
EMP_05896,Male,Product,No,2,3.4,8.65,32,12,28,0.2501
EMP_05897,Female,Product,Yes,3,3.0,1.38,52,5,10,0.3071
EMP_05898,Male,Service,No,4,4.2,5.43,49,3,18,0.5105
EMP_05899,Non-binary,Service,No,4,8.2,6.84,44,2,21,0.6313
EMP_05900,Male,Product,Yes,3,6.8,0.84,45,11,20,0.4247
EMP_05901,Female,Service,Yes,5,8.1,9.3,36,2,26,0.7061
EMP_05902,Male,Product,Yes,3,6.2,5.2,62,16,15,0.4791
EMP_05903,Male,Product,Yes,5,3.3,6.45,48,8,8,0.4849
EMP_05904,Male,Service,Yes,3,3.1,1.78,47,3,6,0.3904
EMP_05905,Male,Service,Yes,5,1.1,2.64,47,4,23,0.4488
EMP_05906,Female,Service,Yes,1,8.0,1.21,32,4,12,0.4309
EMP_05907,Male,Service,Yes,3,8.6,2.64,32,8,17,0.5538
EMP_05908,Female,Service,No,5,7.9,4.92,65,6,25,0.7831
EMP_05909,Male,Service,No,2,1.7,8.34,45,14,14,0.2112
EMP_05910,Male,Service,No,2,7.9,5.34,52,15,22,0.4839
EMP_05911,Male,Service,Yes,3,1.4,2.44,52,17,14,0.245
EMP_05912,Female,Service,Yes,3,2.0,0.45,44,5,29,0.2547
EMP_05913,Female,Service,No,4,5.0,6.22,38,1,9,0.4354
EMP_05914,Male,Product,Yes,5,5.3,4.2,69,12,8,0.6004
EMP_05915,Male,Service,Yes,3,8.3,9.84,67,19,7,0.5375
EMP_05916,Male,Product,No,2,7.1,7.8,47,12,21,0.5564
EMP_05917,Non-binary,Product,Yes,2,2.4,8.08,67,11,16,0.3927
EMP_05918,Female,Service,Yes,2,3.0,0.12,35,9,3,0.2024
EMP_05919,Male,Product,No,5,3.6,7.78,66,19,26,0.3967
EMP_05920,Female,Product,No,1,2.1,1.95,35,4,13,0.1565
EMP_05921,Male,Service,Yes,3,3.6,5.86,50,13,25,0.3803
EMP_05922,Non-binary,Product,Yes,1,7.6,4.47,59,10,24,0.4627
EMP_05923,Male,Product,Yes,5,3.2,5.72,57,1,6,0.6106
EMP_05924,Female,Service,No,3,8.5,1.33,49,10,23,0.5117
EMP_05925,Male,Product,Yes,4,5.2,4.57,48,18,16,0.4591
EMP_05926,Female,Product,Yes,3,3.9,0.37,43,13,23,0.3495
EMP_05927,Female,Product,No,3,4.7,0.41,30,7,20,0.4374
EMP_05928,Female,Product,Yes,3,7.4,6.58,56,8,8,0.5987
EMP_05929,Female,Service,No,3,5.7,9.52,61,17,29,0.4386
EMP_05930,Female,Service,No,3,1.1,7.77,58,1,7,0.4727
EMP_05931,Male,Product,Yes,5,9.3,4.69,60,16,19,0.6886
EMP_05932,Male,Service,No,3,1.6,0.56,54,4,27,0.3267
EMP_05933,Male,Product,Yes,5,9.4,0.45,36,17,9,0.6067
EMP_05934,Non-binary,Product,No,3,1.3,1.58,68,13,13,0.3718
EMP_05935,Male,Service,No,3,7.9,9.76,45,10,16,0.6325
EMP_05936,Female,Service,Yes,5,5.8,3.99,40,9,4,0.5826
EMP_05937,Female,Service,No,3,5.6,8.43,47,14,24,0.4979
EMP_05938,Male,Product,No,2,1.7,7.05,34,17,19,0.1971
EMP_05939,Male,Product,Yes,3,3.1,6.05,31,3,4,0.3331
EMP_05940,Male,Product,Yes,4,8.0,9.48,39,1,17,0.7332
EMP_05941,Male,Product,Yes,5,9.0,2.3,55,1,9,0.6574
EMP_05942,Male,Service,Yes,3,5.8,4.55,53,2,5,0.5511
EMP_05943,Male,Product,No,3,4.2,8.65,55,16,25,0.4092
EMP_05944,Female,Service,No,5,1.5,5.52,45,9,8,0.5145
EMP_05945,Non-binary,Product,Yes,1,7.1,2.46,54,14,23,0.35
EMP_05946,Male,Product,Yes,2,3.5,2.09,67,1,28,0.4955
EMP_05947,Male,Product,Yes,2,1.5,7.53,35,3,11,0.2969
EMP_05948,Male,Product,Yes,3,7.0,0.13,41,18,12,0.3927
EMP_05949,Female,Service,Yes,5,5.4,9.14,38,1,23,0.5332
EMP_05950,Female,Product,Yes,4,1.1,0.18,37,11,23,0.2787
EMP_05951,Male,Product,Yes,3,2.0,6.31,60,5,10,0.4192
EMP_05952,Male,Service,No,2,7.3,6.05,61,11,9,0.5106
EMP_05953,Female,Service,No,3,1.6,5.78,36,6,3,0.3909
EMP_05954,Female,Product,No,5,8.8,4.74,61,7,12,0.8143
EMP_05955,Male,Product,Yes,4,3.8,8.52,54,13,20,0.4525
EMP_05956,Female,Service,No,1,1.8,6.59,62,16,18,0.2749
EMP_05957,Male,Service,No,4,7.8,7.82,57,3,6,0.7711
EMP_05958,Male,Service,No,3,5.7,1.16,40,15,11,0.3522
EMP_05959,Female,Product,Yes,2,3.8,0.5,60,8,25,0.3196
EMP_05960,Female,Service,Yes,5,4.7,0.29,39,16,20,0.3682
EMP_05961,Male,Product,Yes,3,1.2,1.47,31,17,13,0.2145
EMP_05962,Non-binary,Product,Yes,1,7.0,6.67,33,13,14,0.3481
EMP_05963,Male,Service,No,5,4.3,4.94,51,3,10,0.5447
EMP_05964,Female,Product,No,5,7.4,7.52,57,3,3,0.7863
EMP_05965,Male,Product,Yes,5,6.7,1.92,39,13,10,0.5269
EMP_05966,Female,Product,Yes,3,6.9,3.67,31,17,7,0.353
EMP_05967,Female,Product,No,1,8.1,8.88,60,14,3,0.5701
EMP_05968,Male,Service,Yes,3,6.7,9.36,52,5,5,0.6431
EMP_05969,Non-binary,Service,No,5,4.8,9.22,45,12,29,0.5044
EMP_05970,Female,Product,No,5,4.5,8.18,38,16,15,0.427
EMP_05971,Female,Product,Yes,2,2.1,6.88,35,6,18,0.2735
EMP_05972,Male,Service,No,4,8.0,9.14,54,9,25,0.6978
EMP_05973,Female,Service,Yes,3,7.8,7.14,33,16,14,0.5328
EMP_05974,Female,Product,No,1,3.2,9.54,41,4,9,0.2722
EMP_05975,Male,Service,No,5,8.8,0.25,53,6,10,0.6331
EMP_05976,Non-binary,Service,No,3,6.3,9.22,56,19,13,0.463
EMP_05977,Male,Product,Yes,4,5.3,5.56,32,1,15,0.4795
EMP_05978,Male,Product,Yes,3,1.2,1.12,41,8,13,0.25
EMP_05979,Male,Product,Yes,4,4.4,2.15,59,6,6,0.4878
EMP_05980,Female,Service,Yes,3,6.8,8.52,41,3,8,0.4906
EMP_05981,Female,Product,No,2,1.8,5.06,69,14,25,0.3822
EMP_05982,Male,Product,Yes,3,5.1,9.83,51,2,26,0.5563
EMP_05983,Non-binary,Product,No,2,9.9,1.18,44,16,21,0.5507
EMP_05984,Male,Service,Yes,4,7.4,4.13,57,13,23,0.478
EMP_05985,Male,Product,Yes,5,5.9,3.32,46,16,10,0.479
EMP_05986,Male,Service,No,5,5.8,5.16,54,11,8,0.5531
EMP_05987,Female,Service,Yes,3,1.4,6.33,32,11,19,0.3019
EMP_05988,Non-binary,Product,No,1,9.6,6.62,65,16,20,0.6259
EMP_05989,Female,Product,Yes,3,9.4,0.01,60,10,5,0.5666
EMP_05990,Female,Product,No,2,7.1,0.89,44,17,14,0.3934
EMP_05991,Male,Service,Yes,2,1.9,0.35,57,12,17,0.3176
EMP_05992,Male,Product,No,4,2.9,8.65,60,5,9,0.4737
EMP_05993,Male,Product,Yes,3,2.7,3.13,49,12,15,0.2891
EMP_05994,Male,Product,Yes,4,5.7,3.67,50,3,12,0.6019
EMP_05995,Male,Product,No,1,2.9,4.5,56,19,21,0.129
EMP_05996,Female,Service,No,5,7.3,8.49,48,10,11,0.5548
EMP_05997,Male,Service,Yes,5,5.9,0.14,65,16,27,0.3985
EMP_05998,Female,Service,Yes,3,1.2,1.19,41,19,14,0.2105
EMP_05999,Male,Product,Yes,4,7.7,6.85,64,11,13,0.7215
EMP_06000,Male,Product,Yes,4,2.7,9.64,62,16,26,0.4242
EMP_06001,Female,Service,No,1,8.4,6.43,65,10,27,0.5901
EMP_06002,Male,Product,Yes,4,4.2,2.61,52,15,10,0.3123
EMP_06003,Female,Service,Yes,2,4.0,5.2,42,3,11,0.423
EMP_06004,Female,Product,No,2,1.1,9.75,59,10,6,0.3067
EMP_06005,Male,Product,Yes,2,9.9,5.28,39,12,22,0.5052
EMP_06006,Non-binary,Service,No,3,6.5,3.74,49,9,7,0.5257
EMP_06007,Male,Service,No,2,4.8,3.83,35,19,9,0.3576
EMP_06008,Male,Service,Yes,2,1.9,9.67,60,1,11,0.4517
EMP_06009,Female,Product,No,5,7.3,7.19,48,13,6,0.5948
EMP_06010,Male,Product,Yes,3,3.5,6.87,32,7,25,0.3411
EMP_06011,Female,Service,Yes,2,9.9,2.32,39,7,14,0.592
EMP_06012,Female,Service,Yes,1,9.6,5.59,39,6,14,0.5663
EMP_06013,Non-binary,Service,Yes,2,7.6,3.57,50,12,8,0.4397
EMP_06014,Male,Product,Yes,3,9.7,2.4,31,4,15,0.7027
EMP_06015,Male,Service,Yes,4,2.0,8.96,68,10,11,0.4549
EMP_06016,Female,Service,No,5,3.5,3.83,59,19,27,0.4949
EMP_06017,Male,Service,No,5,3.3,2.83,57,2,11,0.5371
EMP_06018,Male,Product,No,3,1.6,9.32,47,4,23,0.4884
EMP_06019,Male,Product,Yes,2,9.8,1.97,43,15,5,0.531
EMP_06020,Male,Service,Yes,1,1.5,7.46,48,6,15,0.1588
EMP_06021,Male,Service,Yes,2,8.7,6.53,69,1,8,0.6432
EMP_06022,Female,Service,Yes,2,7.9,9.2,65,18,20,0.5456
EMP_06023,Female,Service,Yes,1,4.4,8.32,41,8,25,0.4111
EMP_06024,Male,Service,No,5,1.2,7.05,49,13,16,0.3918
EMP_06025,Male,Product,Yes,2,1.1,3.15,63,19,25,0.1389
EMP_06026,Male,Product,Yes,4,2.8,4.96,65,16,4,0.4044
EMP_06027,Female,Product,Yes,4,5.4,9.44,50,1,8,0.6338
EMP_06028,Male,Product,Yes,3,5.1,0.23,48,2,22,0.524
EMP_06029,Female,Product,Yes,3,6.3,7.94,64,19,9,0.5614
EMP_06030,Male,Product,Yes,1,7.9,2.52,37,14,10,0.4429
EMP_06031,Female,Product,No,1,4.4,1.85,51,15,12,0.2676
EMP_06032,Male,Product,Yes,3,2.4,2.32,67,2,15,0.3629
EMP_06033,Female,Product,No,2,8.2,0.6,47,13,29,0.5159
EMP_06034,Male,Product,Yes,5,4.0,9.92,37,11,3,0.4678
EMP_06035,Female,Product,Yes,4,3.6,8.7,31,10,7,0.4897
EMP_06036,Male,Service,No,1,7.9,5.21,49,2,27,0.5611
EMP_06037,Female,Product,Yes,3,9.4,7.15,34,17,4,0.5241
EMP_06038,Female,Product,Yes,4,9.2,5.57,59,3,6,0.8603
EMP_06039,Male,Service,No,1,2.2,8.12,47,4,26,0.3189
EMP_06040,Female,Service,Yes,1,5.5,8.45,52,5,14,0.4979
EMP_06041,Female,Product,Yes,2,1.8,2.33,31,2,7,0.2258
EMP_06042,Male,Service,No,1,9.6,4.6,66,4,26,0.5791
EMP_06043,Male,Service,No,5,2.9,6.35,61,12,17,0.3822
EMP_06044,Male,Service,Yes,1,2.8,9.78,30,6,12,0.3083
EMP_06045,Female,Product,Yes,5,9.0,6.83,68,15,28,0.7196
EMP_06046,Female,Service,No,2,9.7,8.98,30,7,19,0.6922
EMP_06047,Male,Product,Yes,5,7.3,8.46,60,6,16,0.7399
EMP_06048,Male,Service,Yes,4,2.1,5.82,68,14,9,0.4264
EMP_06049,Female,Service,Yes,1,5.4,8.94,37,18,24,0.3556
EMP_06050,Non-binary,Product,No,3,8.3,3.77,32,7,4,0.5347
EMP_06051,Male,Service,Yes,3,6.2,3.79,41,6,25,0.4714
EMP_06052,Non-binary,Product,No,5,2.2,7.81,63,6,5,0.4666
EMP_06053,Male,Service,Yes,2,2.5,1.35,54,6,6,0.3252
EMP_06054,Male,Service,Yes,5,8.8,3.06,65,10,18,0.7546
EMP_06055,Female,Product,No,5,5.7,6.09,36,4,18,0.5645
EMP_06056,Male,Service,No,5,7.4,4.2,44,10,29,0.6937
EMP_06057,Male,Product,Yes,4,4.4,9.41,50,1,24,0.4767
EMP_06058,Male,Product,Yes,4,5.8,9.59,54,14,5,0.579
EMP_06059,Female,Service,No,5,9.8,5.03,67,18,19,0.6766
EMP_06060,Female,Product,No,2,4.0,5.39,66,9,28,0.4591
EMP_06061,Male,Service,Yes,1,7.1,7.25,45,10,19,0.4394
EMP_06062,Male,Product,Yes,3,2.6,4.57,30,19,24,0.2269
EMP_06063,Male,Product,No,4,2.1,1.9,66,4,22,0.4896
EMP_06064,Female,Service,No,1,8.1,7.47,43,13,9,0.4833
EMP_06065,Male,Product,No,4,8.6,7.38,63,10,27,0.6831
EMP_06066,Female,Service,Yes,4,7.0,2.45,31,13,10,0.5021
EMP_06067,Male,Service,Yes,4,2.4,8.33,60,12,21,0.466
EMP_06068,Male,Service,No,5,3.2,6.14,48,3,9,0.6132
EMP_06069,Male,Service,Yes,5,9.2,2.36,48,19,3,0.6501
EMP_06070,Male,Service,Yes,4,3.6,6.52,52,9,18,0.4484
EMP_06071,Non-binary,Product,Yes,4,8.4,2.34,59,13,20,0.7171
EMP_06072,Male,Service,Yes,3,3.6,2.65,46,8,27,0.4492
EMP_06073,Male,Product,Yes,1,9.5,8.48,31,4,28,0.5917
EMP_06074,Male,Product,No,1,9.2,9.29,40,9,10,0.5362
EMP_06075,Male,Service,No,2,1.4,2.57,43,7,9,0.2421
EMP_06076,Male,Service,Yes,2,7.9,9.28,58,11,29,0.4807
EMP_06077,Male,Service,Yes,2,2.5,2.39,48,15,12,0.2987
EMP_06078,Male,Service,Yes,5,2.9,1.17,57,13,4,0.2865
EMP_06079,Female,Service,No,5,5.1,0.58,30,3,17,0.5343
EMP_06080,Male,Service,Yes,3,6.2,2.42,34,3,16,0.4763
EMP_06081,Male,Product,No,5,3.9,3.85,63,11,4,0.5568
EMP_06082,Non-binary,Product,Yes,2,6.2,9.28,43,5,9,0.4799
EMP_06083,Male,Product,Yes,4,2.5,2.42,48,19,25,0.314
EMP_06084,Male,Service,No,2,1.2,3.65,53,12,24,0.2069
EMP_06085,Male,Product,Yes,3,6.1,7.34,69,18,28,0.5076
EMP_06086,Male,Product,Yes,4,5.7,3.02,46,4,14,0.5135
EMP_06087,Female,Product,Yes,5,7.2,6.84,31,8,7,0.606
EMP_06088,Male,Service,Yes,4,6.8,4.32,60,14,8,0.5246
EMP_06089,Female,Service,Yes,3,9.1,1.96,46,16,18,0.6246
EMP_06090,Male,Product,Yes,5,5.1,7.34,37,8,14,0.466
EMP_06091,Male,Product,No,1,1.1,0.27,46,5,11,0.1468
EMP_06092,Female,Product,No,2,6.7,2.92,67,9,22,0.4958
EMP_06093,Male,Product,No,2,7.1,3.56,55,2,14,0.53
EMP_06094,Female,Product,Yes,3,5.7,4.58,69,8,12,0.59
EMP_06095,Male,Service,No,3,7.2,6.8,69,7,19,0.6299
EMP_06096,Female,Service,Yes,2,3.9,4.59,36,18,27,0.2095
EMP_06097,Male,Product,Yes,4,2.3,5.94,53,9,26,0.3962
EMP_06098,Female,Product,Yes,1,7.0,5.96,59,11,13,0.4866
EMP_06099,Male,Product,No,1,3.2,3.73,55,12,20,0.1593
EMP_06100,Female,Product,Yes,3,5.1,9.34,59,8,6,0.4674
EMP_06101,Male,Product,No,3,5.4,9.56,64,17,5,0.4624
EMP_06102,Female,Product,Yes,4,5.3,5.82,31,19,21,0.3988
EMP_06103,Male,Product,Yes,3,6.4,0.72,33,1,8,0.4993
EMP_06104,Female,Service,Yes,1,1.3,4.91,34,3,25,0.2212
EMP_06105,Male,Service,No,2,9.9,1.84,31,14,10,0.4814
EMP_06106,Male,Service,Yes,1,7.4,4.83,60,18,9,0.4468
EMP_06107,Male,Product,No,4,4.8,1.88,56,2,17,0.5406
EMP_06108,Male,Service,No,2,2.7,7.04,53,8,14,0.308
EMP_06109,Male,Service,No,2,1.7,0.8,33,17,17,0.0741
EMP_06110,Non-binary,Product,Yes,1,7.0,9.53,57,9,11,0.4706
EMP_06111,Non-binary,Product,No,2,3.9,1.95,34,12,4,0.2666
EMP_06112,Male,Product,No,2,3.1,6.61,56,7,28,0.3583
EMP_06113,Female,Product,Yes,3,4.4,9.17,34,1,22,0.3923
EMP_06114,Male,Product,No,2,6.3,2.48,34,14,17,0.3702
EMP_06115,Male,Service,Yes,4,7.0,9.34,38,2,20,0.6329
EMP_06116,Female,Product,Yes,2,6.8,3.89,56,17,15,0.4565
EMP_06117,Female,Product,Yes,3,8.8,9.61,33,7,18,0.5907
EMP_06118,Non-binary,Product,Yes,5,3.0,9.71,53,15,17,0.4162
EMP_06119,Male,Service,Yes,5,6.7,1.88,56,9,13,0.6195
EMP_06120,Female,Product,Yes,4,1.9,8.31,30,8,5,0.4453
EMP_06121,Male,Service,No,4,5.9,1.93,61,7,12,0.5384
EMP_06122,Male,Product,No,2,6.3,2.26,45,4,19,0.4531
EMP_06123,Male,Product,No,2,2.9,0.84,52,10,10,0.2513
EMP_06124,Non-binary,Service,Yes,5,4.5,1.57,57,7,7,0.5498
EMP_06125,Female,Product,No,5,8.4,6.32,49,15,23,0.6074
EMP_06126,Female,Product,Yes,1,2.3,4.49,46,13,10,0.1883
EMP_06127,Male,Product,No,5,4.9,7.91,65,8,17,0.6797
EMP_06128,Male,Service,Yes,5,9.4,3.32,37,9,13,0.7206
EMP_06129,Male,Service,Yes,4,5.5,9.69,47,9,11,0.5401
EMP_06130,Male,Product,No,1,7.5,0.5,42,5,27,0.4348
EMP_06131,Male,Service,Yes,1,8.4,0.63,38,6,28,0.4946
EMP_06132,Female,Product,Yes,2,2.8,7.01,66,16,27,0.226
EMP_06133,Male,Service,No,2,3.0,8.88,59,16,4,0.2967
EMP_06134,Male,Product,Yes,1,7.8,7.96,57,14,9,0.5393
EMP_06135,Male,Service,Yes,1,7.8,4.9,47,19,18,0.4174
EMP_06136,Male,Service,Yes,2,1.5,2.7,49,19,9,0.1591
EMP_06137,Male,Service,Yes,4,3.9,0.13,65,16,6,0.3233
EMP_06138,Non-binary,Product,Yes,4,4.6,5.09,48,5,7,0.4228
EMP_06139,Female,Service,No,4,8.5,4.76,34,1,16,0.5743
EMP_06140,Female,Product,Yes,4,4.8,3.44,63,5,24,0.5036
EMP_06141,Male,Service,No,2,9.3,5.78,46,9,9,0.5259
EMP_06142,Male,Product,Yes,3,10.0,7.29,57,7,15,0.7577
EMP_06143,Male,Product,Yes,5,8.0,7.01,65,10,20,0.6541
EMP_06144,Female,Product,No,5,7.0,2.63,67,15,12,0.5862
EMP_06145,Female,Product,No,5,4.5,5.85,59,12,4,0.5724
EMP_06146,Male,Service,No,5,1.6,1.49,47,13,15,0.364
EMP_06147,Male,Service,No,2,6.2,1.22,35,18,4,0.3355
EMP_06148,Male,Service,Yes,3,4.3,7.86,55,10,17,0.4497
EMP_06149,Female,Service,Yes,2,4.2,6.94,44,1,7,0.4897
EMP_06150,Non-binary,Service,No,3,7.2,7.68,30,4,24,0.5718
EMP_06151,Female,Product,Yes,2,5.2,1.52,46,17,13,0.2624
EMP_06152,Male,Product,Yes,1,7.8,9.15,60,13,8,0.4585
EMP_06153,Male,Product,Yes,3,4.6,1.33,31,2,21,0.427
EMP_06154,Male,Product,No,5,2.4,8.7,65,15,17,0.4745
EMP_06155,Male,Product,Yes,3,5.2,3.52,64,12,6,0.5252
EMP_06156,Male,Product,Yes,4,9.6,1.05,56,2,9,0.8003
EMP_06157,Female,Product,Yes,3,8.2,2.87,32,7,25,0.5865
EMP_06158,Female,Product,No,4,2.9,1.81,49,4,24,0.4351
EMP_06159,Male,Service,Yes,4,4.5,4.91,37,14,19,0.4616
EMP_06160,Female,Product,Yes,1,9.4,9.5,58,18,12,0.5729
EMP_06161,Male,Product,No,3,2.1,3.28,37,11,24,0.2845
EMP_06162,Male,Service,No,1,3.3,6.12,56,3,19,0.28
EMP_06163,Male,Product,No,5,3.4,8.92,55,3,13,0.5287
EMP_06164,Male,Product,No,3,6.1,6.3,68,18,23,0.4658
EMP_06165,Male,Product,Yes,2,4.7,3.62,39,1,24,0.3966
EMP_06166,Male,Product,Yes,2,1.7,9.91,59,13,18,0.2624
EMP_06167,Male,Product,Yes,2,6.7,1.87,62,5,9,0.5054
EMP_06168,Non-binary,Product,No,4,1.9,5.23,65,4,10,0.4952
EMP_06169,Male,Service,Yes,2,6.5,7.97,49,3,18,0.5423
EMP_06170,Male,Service,No,5,5.6,0.01,33,19,18,0.395
EMP_06171,Male,Product,No,3,5.4,7.02,52,13,27,0.4844
EMP_06172,Female,Product,Yes,3,1.6,2.66,58,16,24,0.3029
EMP_06173,Male,Product,Yes,4,6.8,1.7,61,19,29,0.535
EMP_06174,Female,Service,Yes,4,4.9,2.74,66,1,25,0.6049
EMP_06175,Male,Product,Yes,4,4.7,9.67,66,18,6,0.5153
EMP_06176,Male,Service,Yes,5,6.4,8.92,55,7,28,0.6672
EMP_06177,Female,Service,No,3,6.5,2.14,34,3,9,0.4851
EMP_06178,Male,Product,Yes,1,1.1,1.17,53,10,28,0.2119
EMP_06179,Male,Product,Yes,4,2.1,3.64,31,8,19,0.3814
EMP_06180,Male,Product,Yes,2,3.1,5.92,44,2,5,0.3352
EMP_06181,Female,Product,No,1,7.1,8.67,69,10,19,0.6294
EMP_06182,Male,Product,No,1,6.2,9.66,37,18,13,0.2688
EMP_06183,Male,Product,No,4,7.8,7.51,66,12,10,0.6559
EMP_06184,Non-binary,Product,No,2,7.7,5.99,66,14,21,0.5605
EMP_06185,Male,Product,Yes,4,8.7,1.42,43,2,9,0.6829
EMP_06186,Female,Service,Yes,4,4.4,0.74,34,17,20,0.2978
EMP_06187,Female,Product,Yes,2,4.1,5.96,38,12,23,0.3283
EMP_06188,Male,Service,Yes,1,8.5,5.39,51,7,17,0.5946
EMP_06189,Male,Service,No,1,3.1,8.46,59,15,21,0.2714
EMP_06190,Male,Service,Yes,2,5.2,3.23,62,2,28,0.4262
EMP_06191,Female,Service,Yes,1,2.7,0.4,67,12,5,0.1949
EMP_06192,Female,Product,No,5,9.2,4.24,66,17,18,0.761
EMP_06193,Female,Product,No,4,4.7,9.69,67,1,17,0.6215
EMP_06194,Non-binary,Service,No,5,2.9,7.96,36,8,7,0.4562
EMP_06195,Female,Service,Yes,5,7.2,0.34,32,5,16,0.6117
EMP_06196,Male,Service,No,5,3.2,8.75,69,8,26,0.4441
EMP_06197,Male,Service,Yes,3,9.5,4.72,61,14,4,0.6812
EMP_06198,Female,Product,Yes,3,4.3,3.65,65,6,29,0.5813
EMP_06199,Male,Product,No,5,7.0,3.47,48,18,6,0.5304
EMP_06200,Male,Product,No,4,4.1,5.95,60,5,22,0.5338
EMP_06201,Female,Product,Yes,5,8.3,5.31,59,10,15,0.746
EMP_06202,Male,Product,Yes,5,9.1,6.57,66,15,18,0.7079
EMP_06203,Female,Service,Yes,3,8.1,5.74,54,3,14,0.701
EMP_06204,Female,Service,Yes,5,8.6,1.44,42,3,29,0.7304
EMP_06205,Male,Product,No,4,1.9,2.57,41,17,7,0.3413
EMP_06206,Non-binary,Service,Yes,4,9.3,8.41,38,14,24,0.5662
EMP_06207,Male,Service,No,5,6.6,6.63,69,10,27,0.6985
EMP_06208,Male,Service,No,4,8.8,4.48,38,19,23,0.5616
EMP_06209,Male,Product,Yes,5,7.2,1.83,56,16,14,0.6245
EMP_06210,Male,Service,Yes,3,2.8,0.08,60,17,28,0.3001
EMP_06211,Male,Service,Yes,5,6.5,3.12,35,13,10,0.4837
EMP_06212,Male,Product,Yes,1,1.8,0.55,58,1,7,0.2175
EMP_06213,Male,Product,Yes,3,7.3,4.82,59,1,5,0.6127
EMP_06214,Male,Service,Yes,4,4.7,8.22,67,17,24,0.4705
EMP_06215,Female,Product,No,4,2.4,2.85,40,18,15,0.268
EMP_06216,Female,Product,Yes,3,9.8,8.48,35,17,6,0.5524
EMP_06217,Male,Product,No,1,9.1,7.05,68,12,23,0.5003
EMP_06218,Male,Service,Yes,3,9.0,1.25,60,6,10,0.5981
EMP_06219,Male,Service,No,2,8.1,6.45,64,7,29,0.5757
EMP_06220,Male,Product,No,1,7.2,1.52,41,17,29,0.3541
EMP_06221,Female,Product,Yes,3,6.9,6.55,35,16,6,0.4099
EMP_06222,Female,Service,No,2,2.0,1.43,55,1,9,0.3653
EMP_06223,Male,Service,No,5,9.1,3.93,66,11,5,0.8341
EMP_06224,Male,Service,No,1,8.9,5.67,61,10,6,0.5416
EMP_06225,Male,Product,No,5,7.7,0.5,33,1,26,0.7335
EMP_06226,Female,Product,Yes,2,9.3,1.53,69,11,10,0.6597
EMP_06227,Male,Product,Yes,4,6.0,3.2,32,3,15,0.5579
EMP_06228,Non-binary,Service,Yes,4,5.0,4.62,31,16,15,0.3688
EMP_06229,Female,Product,Yes,4,9.7,8.58,49,1,11,0.7665
EMP_06230,Male,Product,No,5,5.2,1.87,48,7,22,0.6025
EMP_06231,Female,Product,No,1,6.8,3.47,68,11,28,0.4621
EMP_06232,Female,Product,Yes,5,4.4,4.76,41,17,22,0.5375
EMP_06233,Female,Service,No,5,6.7,2.96,65,19,7,0.5629
EMP_06234,Male,Product,No,4,7.5,6.26,57,14,16,0.5904
EMP_06235,Male,Service,Yes,5,6.6,2.57,38,16,7,0.6095
EMP_06236,Female,Service,Yes,2,5.6,7.72,40,17,5,0.3041
EMP_06237,Female,Product,Yes,3,3.7,5.05,59,14,3,0.4964
EMP_06238,Female,Service,No,3,6.8,0.86,31,9,12,0.3395
EMP_06239,Female,Service,No,3,9.2,6.27,67,13,17,0.6101
EMP_06240,Female,Service,Yes,4,1.1,5.69,67,2,19,0.4068
EMP_06241,Female,Product,Yes,4,2.2,3.39,62,8,14,0.3468
EMP_06242,Male,Product,No,3,2.1,0.11,36,4,16,0.2762
EMP_06243,Male,Product,No,1,9.3,2.01,50,5,26,0.521
EMP_06244,Female,Service,No,3,7.0,4.06,41,15,6,0.4665
EMP_06245,Female,Service,No,5,9.6,2.0,50,2,13,0.6761
EMP_06246,Female,Service,Yes,3,6.2,5.77,52,9,28,0.6066
EMP_06247,Male,Product,Yes,3,5.2,7.12,35,8,17,0.4137
EMP_06248,Female,Product,Yes,1,8.1,8.56,43,11,16,0.4769
EMP_06249,Female,Service,No,4,2.4,6.47,61,13,29,0.3831
EMP_06250,Male,Product,Yes,4,4.4,6.89,42,7,20,0.4876
EMP_06251,Male,Service,No,5,5.2,6.08,56,19,24,0.5237
EMP_06252,Male,Product,Yes,3,3.7,9.85,40,15,11,0.3909
EMP_06253,Male,Product,No,2,4.3,2.61,61,12,17,0.2869
EMP_06254,Male,Product,Yes,5,1.7,2.66,32,13,23,0.4159
EMP_06255,Male,Product,Yes,4,2.8,1.26,31,1,5,0.2784
EMP_06256,Male,Product,No,1,4.0,4.86,59,8,22,0.3645
EMP_06257,Female,Product,Yes,4,8.2,0.96,31,15,15,0.5211
EMP_06258,Female,Product,No,4,2.6,2.7,68,14,4,0.3766
EMP_06259,Female,Product,Yes,1,4.1,4.83,58,8,17,0.3472
EMP_06260,Male,Product,Yes,3,1.6,9.58,51,3,16,0.4102
EMP_06261,Male,Service,No,3,6.0,9.64,54,12,9,0.4703
EMP_06262,Female,Product,No,4,6.5,7.44,48,15,6,0.3932
EMP_06263,Male,Service,Yes,5,8.8,3.89,45,16,6,0.6083
EMP_06264,Non-binary,Service,No,2,8.4,8.65,46,7,26,0.6638
EMP_06265,Female,Service,Yes,5,3.6,8.75,56,18,12,0.4176
EMP_06266,Male,Service,Yes,5,2.2,9.1,48,13,23,0.4047
EMP_06267,Non-binary,Product,Yes,4,2.4,6.4,59,6,21,0.4386
EMP_06268,Male,Service,Yes,4,9.7,2.02,43,2,15,0.6882
EMP_06269,Male,Service,Yes,2,7.1,0.91,61,2,8,0.4797
EMP_06270,Female,Service,Yes,2,1.4,9.15,52,19,10,0.2562
EMP_06271,Male,Product,Yes,2,2.2,0.56,65,6,12,0.354
EMP_06272,Female,Product,No,4,5.4,2.96,39,10,19,0.4549
EMP_06273,Male,Product,Yes,4,2.9,4.87,67,17,11,0.3507
EMP_06274,Male,Service,No,5,8.2,0.22,58,19,16,0.5676
EMP_06275,Female,Service,No,4,6.2,9.07,40,16,22,0.5185
EMP_06276,Female,Product,Yes,3,6.5,2.87,67,18,7,0.5033
EMP_06277,Male,Product,Yes,3,5.2,0.29,44,19,28,0.3353
EMP_06278,Male,Service,Yes,2,3.3,9.94,61,2,5,0.4843
EMP_06279,Female,Product,No,4,6.3,3.11,56,3,11,0.7166
EMP_06280,Male,Service,Yes,3,7.5,8.77,67,15,14,0.6387
EMP_06281,Female,Service,Yes,5,4.3,4.53,30,15,24,0.3544
EMP_06282,Female,Product,No,1,5.5,6.63,43,12,3,0.4273
EMP_06283,Female,Service,No,5,8.6,2.41,32,13,27,0.5881
EMP_06284,Female,Product,Yes,1,2.3,5.03,59,2,13,0.3708
EMP_06285,Male,Service,Yes,5,5.9,2.58,60,18,7,0.5228
EMP_06286,Female,Service,No,3,4.1,9.51,30,15,21,0.2527
EMP_06287,Female,Service,No,4,7.3,0.61,43,18,6,0.492
EMP_06288,Male,Product,Yes,1,1.2,2.75,65,13,14,0.273
EMP_06289,Non-binary,Product,Yes,4,7.0,8.93,65,6,18,0.6303
EMP_06290,Male,Product,No,4,1.9,4.8,44,8,18,0.3515
EMP_06291,Male,Product,No,3,1.6,6.0,67,16,23,0.4253
EMP_06292,Male,Product,No,2,7.5,6.52,54,3,3,0.6414
EMP_06293,Non-binary,Product,Yes,2,6.8,0.71,43,17,28,0.414
EMP_06294,Male,Product,No,1,9.1,0.18,53,18,5,0.464
EMP_06295,Female,Product,Yes,3,5.7,9.38,31,12,25,0.4461
EMP_06296,Female,Product,Yes,4,5.8,2.72,63,7,27,0.5372
EMP_06297,Male,Service,No,5,7.4,3.8,52,12,24,0.6028
EMP_06298,Male,Service,Yes,5,3.9,6.82,37,3,22,0.5999
EMP_06299,Female,Product,No,1,1.3,2.36,34,12,17,0.1141
EMP_06300,Male,Product,Yes,1,3.1,7.33,58,15,22,0.1831
EMP_06301,Female,Product,No,1,3.1,4.58,62,17,27,0.2566
EMP_06302,Male,Product,Yes,3,4.0,8.57,49,12,19,0.3142
EMP_06303,Male,Product,No,5,9.5,2.79,45,9,24,0.6745
EMP_06304,Female,Service,Yes,3,8.2,2.04,66,1,6,0.593
EMP_06305,Male,Service,No,3,9.4,8.32,66,16,5,0.6456
EMP_06306,Male,Service,No,4,10.0,3.26,53,15,13,0.671
EMP_06307,Male,Product,Yes,3,4.9,4.12,58,11,3,0.5307
EMP_06308,Male,Service,Yes,3,3.0,7.94,64,5,7,0.4986
EMP_06309,Male,Service,Yes,4,6.0,6.36,38,7,6,0.5118
EMP_06310,Female,Product,No,2,8.9,4.42,51,3,28,0.5659
EMP_06311,Male,Product,Yes,4,5.2,2.5,49,13,22,0.4885
EMP_06312,Male,Product,Yes,1,5.5,7.64,69,13,10,0.3343
EMP_06313,Female,Product,Yes,2,2.2,1.8,33,19,13,0.2216
EMP_06314,Male,Service,No,5,4.8,9.28,65,10,13,0.634
EMP_06315,Male,Product,Yes,3,4.5,1.5,41,7,20,0.3473
EMP_06316,Non-binary,Product,Yes,2,4.2,8.05,52,15,29,0.3116
EMP_06317,Female,Product,No,5,9.0,4.24,68,18,12,0.6691
EMP_06318,Female,Product,No,4,1.5,1.86,37,7,29,0.3216
EMP_06319,Female,Service,Yes,4,9.7,4.02,39,3,28,0.7202
EMP_06320,Male,Service,No,1,1.1,2.22,52,10,15,0.1698
EMP_06321,Female,Service,No,1,9.5,1.36,58,15,22,0.5085
EMP_06322,Male,Product,Yes,2,5.9,2.39,61,12,18,0.4139
EMP_06323,Male,Service,Yes,3,7.3,8.67,43,16,29,0.5672
EMP_06324,Male,Product,No,4,2.7,1.06,45,19,19,0.3356
EMP_06325,Male,Service,Yes,2,6.9,9.73,68,12,20,0.597
EMP_06326,Male,Product,Yes,2,8.9,0.05,46,2,28,0.5965
EMP_06327,Non-binary,Product,Yes,2,2.3,6.58,49,8,28,0.373
EMP_06328,Male,Product,No,1,2.1,8.57,41,13,5,0.0983
EMP_06329,Male,Product,Yes,4,3.7,9.34,38,1,3,0.5092
EMP_06330,Male,Service,No,1,2.5,1.44,37,2,4,0.329
EMP_06331,Male,Product,Yes,1,2.0,6.98,66,14,25,0.3083
EMP_06332,Female,Product,No,2,7.1,1.07,50,4,28,0.5391
EMP_06333,Male,Product,No,5,2.9,3.53,61,6,28,0.4875
EMP_06334,Male,Service,Yes,5,7.0,7.32,66,13,8,0.7022
EMP_06335,Male,Product,No,5,8.8,3.46,47,9,20,0.7157
EMP_06336,Female,Service,Yes,2,6.9,3.13,58,16,19,0.3755
EMP_06337,Male,Service,No,3,2.1,1.16,36,1,28,0.3933
EMP_06338,Male,Product,Yes,4,6.2,0.66,69,9,16,0.5779
EMP_06339,Male,Product,Yes,2,4.5,1.15,66,7,27,0.3796
EMP_06340,Male,Product,No,2,4.1,8.75,35,18,19,0.2163
EMP_06341,Male,Service,No,1,3.9,0.11,49,16,28,0.1998
EMP_06342,Female,Product,Yes,5,9.4,6.93,38,7,23,0.7386
EMP_06343,Female,Product,Yes,2,7.7,7.69,38,18,27,0.4018
EMP_06344,Female,Service,Yes,3,2.2,5.68,37,9,11,0.2661
EMP_06345,Male,Service,No,4,5.3,7.31,46,2,24,0.5434
EMP_06346,Male,Product,Yes,3,3.9,6.52,53,5,21,0.4733
EMP_06347,Male,Product,Yes,2,9.8,4.56,69,9,4,0.702
EMP_06348,Non-binary,Product,Yes,2,9.8,3.83,52,4,5,0.642
EMP_06349,Female,Product,No,1,3.9,9.41,62,16,18,0.4092
EMP_06350,Female,Product,Yes,3,4.2,9.72,51,3,18,0.4605
EMP_06351,Male,Service,Yes,1,6.4,6.51,51,6,3,0.4179
EMP_06352,Male,Product,Yes,3,5.3,1.97,56,17,21,0.4337
EMP_06353,Male,Service,Yes,5,2.9,4.48,31,19,20,0.3257
EMP_06354,Female,Service,No,5,6.9,4.97,60,8,26,0.7288
EMP_06355,Female,Product,No,3,4.0,7.58,42,10,12,0.3335
EMP_06356,Non-binary,Service,No,1,6.9,6.68,31,10,25,0.3936
EMP_06357,Male,Product,Yes,5,4.5,5.15,36,16,19,0.4753
EMP_06358,Male,Service,No,2,7.3,6.8,40,6,3,0.4142
EMP_06359,Non-binary,Service,Yes,4,7.0,0.24,55,8,7,0.5167
EMP_06360,Female,Product,Yes,1,5.6,7.77,50,3,6,0.4156
EMP_06361,Male,Product,No,3,7.3,2.12,44,2,26,0.503
EMP_06362,Male,Product,Yes,4,5.1,6.56,45,10,26,0.4939
EMP_06363,Male,Product,Yes,4,2.0,1.14,38,8,21,0.3711
EMP_06364,Male,Product,No,2,2.6,1.14,50,12,23,0.2382
EMP_06365,Male,Product,Yes,1,3.2,0.36,35,12,9,0.2262
EMP_06366,Female,Service,No,4,1.6,9.1,30,9,10,0.2851
EMP_06367,Male,Product,No,1,7.4,6.05,60,19,21,0.3709
EMP_06368,Male,Service,Yes,2,4.3,3.62,34,15,10,0.2415
EMP_06369,Male,Service,Yes,3,1.8,7.88,66,14,28,0.3448
EMP_06370,Female,Product,Yes,4,8.4,6.26,55,5,11,0.6162
EMP_06371,Female,Service,Yes,4,7.2,6.2,30,18,21,0.3984
EMP_06372,Male,Product,Yes,4,5.1,4.87,30,12,20,0.347
EMP_06373,Non-binary,Product,No,1,3.2,0.08,58,6,16,0.3162
EMP_06374,Female,Service,Yes,4,2.4,2.58,51,11,20,0.3933
EMP_06375,Male,Product,Yes,1,5.1,1.09,67,15,7,0.1862
EMP_06376,Male,Service,Yes,5,9.0,6.62,48,4,28,0.8439
EMP_06377,Female,Service,Yes,5,2.7,2.49,57,14,3,0.3341
EMP_06378,Female,Service,No,1,6.1,4.5,34,5,8,0.4281
EMP_06379,Non-binary,Service,Yes,5,9.7,3.53,50,11,9,0.7739
EMP_06380,Female,Service,No,2,6.7,1.43,51,7,7,0.5305
EMP_06381,Female,Product,Yes,2,5.0,9.58,49,13,29,0.368
EMP_06382,Male,Product,Yes,5,7.4,9.33,41,19,10,0.5785
EMP_06383,Male,Service,Yes,3,8.4,0.85,35,4,8,0.5549
EMP_06384,Male,Product,Yes,1,6.3,8.27,58,12,3,0.5198
EMP_06385,Male,Product,No,5,8.8,4.88,69,14,27,0.713
EMP_06386,Female,Product,Yes,1,5.6,7.74,64,1,14,0.5738
EMP_06387,Female,Service,No,5,8.5,1.51,40,8,7,0.6044
EMP_06388,Female,Product,Yes,2,9.6,1.32,62,16,7,0.5188
EMP_06389,Male,Service,No,3,5.5,8.91,54,19,17,0.4184
EMP_06390,Female,Product,Yes,1,6.4,8.98,43,5,19,0.4498
EMP_06391,Male,Product,Yes,3,6.5,4.66,58,14,7,0.4973
EMP_06392,Male,Product,Yes,2,8.0,8.7,42,12,21,0.4725
EMP_06393,Female,Product,Yes,4,8.4,6.67,44,12,12,0.5065
EMP_06394,Female,Service,No,4,1.2,1.85,37,12,5,0.2109
EMP_06395,Non-binary,Product,Yes,1,7.6,3.29,62,11,13,0.4993
EMP_06396,Male,Product,Yes,2,8.1,1.36,40,15,28,0.4761
EMP_06397,Male,Product,Yes,1,7.3,7.74,44,7,10,0.4503
EMP_06398,Male,Product,Yes,1,7.4,9.85,50,10,27,0.4346
EMP_06399,Male,Product,No,1,1.4,5.46,65,5,15,0.2095
EMP_06400,Female,Product,No,3,5.0,6.56,35,15,8,0.4437
EMP_06401,Female,Service,No,5,8.4,7.46,54,2,5,0.8037
EMP_06402,Female,Service,Yes,2,9.4,2.24,30,13,26,0.414
EMP_06403,Male,Product,No,3,3.1,3.36,62,14,21,0.3849
EMP_06404,Female,Product,No,5,6.2,4.12,68,6,9,0.6823
EMP_06405,Male,Product,Yes,1,8.2,5.95,61,1,4,0.6406
EMP_06406,Female,Product,Yes,4,7.8,8.5,31,15,24,0.5445
EMP_06407,Male,Service,No,3,6.6,2.54,54,11,26,0.4988
EMP_06408,Male,Service,Yes,2,1.2,4.71,69,13,21,0.31
EMP_06409,Male,Product,No,2,7.5,7.52,62,17,15,0.5442
EMP_06410,Non-binary,Service,Yes,5,8.0,0.87,67,4,27,0.7447
EMP_06411,Male,Product,Yes,3,7.5,5.13,40,11,13,0.4568
EMP_06412,Male,Product,No,1,7.9,1.44,48,1,11,0.5396
EMP_06413,Female,Product,No,5,4.9,5.39,54,14,21,0.5595
EMP_06414,Male,Product,Yes,2,9.9,7.68,57,5,21,0.689
EMP_06415,Male,Service,No,3,7.9,2.37,39,5,23,0.5781
EMP_06416,Male,Product,Yes,4,6.2,8.49,60,3,27,0.6294
EMP_06417,Male,Product,No,1,9.4,3.35,45,9,16,0.5158
EMP_06418,Female,Service,No,2,9.2,1.91,47,13,14,0.5645
EMP_06419,Female,Service,No,3,8.3,4.65,51,11,3,0.5962
EMP_06420,Male,Service,Yes,4,6.1,8.76,64,18,3,0.5919
EMP_06421,Non-binary,Service,Yes,2,5.7,0.69,41,10,19,0.4215
EMP_06422,Male,Product,No,4,4.0,3.28,57,6,6,0.5938
EMP_06423,Male,Service,Yes,2,3.3,6.53,38,9,15,0.3703
EMP_06424,Male,Service,Yes,5,5.6,3.58,59,13,25,0.5413
EMP_06425,Male,Service,No,5,6.2,0.71,47,18,13,0.4769
EMP_06426,Male,Service,Yes,5,3.2,3.32,53,10,20,0.3853
EMP_06427,Non-binary,Product,Yes,3,9.3,8.21,48,15,14,0.5552
EMP_06428,Female,Service,Yes,5,6.0,9.68,43,12,21,0.6051
EMP_06429,Male,Product,Yes,3,5.7,0.4,31,15,22,0.399
EMP_06430,Female,Product,Yes,1,4.9,5.69,40,14,3,0.2414
EMP_06431,Female,Product,No,5,1.5,1.05,55,19,20,0.37
EMP_06432,Non-binary,Service,Yes,3,8.9,6.8,37,19,4,0.5134
EMP_06433,Female,Product,Yes,2,3.9,0.08,32,10,13,0.3297
EMP_06434,Male,Product,No,3,6.8,0.15,44,1,17,0.6061
EMP_06435,Female,Product,No,3,6.5,7.77,69,7,17,0.6276
EMP_06436,Female,Service,No,2,6.3,0.74,42,11,8,0.378
EMP_06437,Female,Product,Yes,3,5.7,3.05,45,4,6,0.5147
EMP_06438,Male,Service,No,2,2.6,9.58,51,4,14,0.4319
EMP_06439,Male,Service,Yes,4,3.5,9.85,62,10,25,0.5674
EMP_06440,Male,Product,Yes,5,5.7,1.61,31,5,13,0.5266
EMP_06441,Male,Product,Yes,1,8.1,5.61,58,16,10,0.519
EMP_06442,Male,Service,Yes,3,4.9,5.59,63,12,4,0.4654
EMP_06443,Female,Service,Yes,2,2.8,4.52,45,1,18,0.4986
EMP_06444,Male,Service,No,5,1.8,9.25,43,5,4,0.4415
EMP_06445,Female,Product,Yes,3,7.0,7.54,68,18,23,0.4928
EMP_06446,Male,Service,No,5,4.8,7.65,34,4,6,0.6027
EMP_06447,Non-binary,Product,Yes,4,2.1,2.7,47,15,28,0.3602
EMP_06448,Male,Service,Yes,3,7.1,4.34,55,6,4,0.5182
EMP_06449,Male,Service,Yes,2,2.9,4.87,39,7,27,0.3027
EMP_06450,Female,Product,No,4,5.6,2.99,35,19,11,0.4247
EMP_06451,Female,Service,No,3,3.8,0.95,43,14,28,0.3269
EMP_06452,Non-binary,Service,No,5,9.4,1.26,31,15,15,0.6541
EMP_06453,Male,Service,No,4,3.1,1.81,56,16,22,0.3957
EMP_06454,Male,Product,No,2,4.8,2.04,38,15,4,0.34
EMP_06455,Female,Product,No,3,9.6,2.42,42,6,21,0.6393
EMP_06456,Male,Service,No,5,3.9,2.55,50,6,10,0.5741
EMP_06457,Female,Product,Yes,5,6.8,4.56,31,6,13,0.646
EMP_06458,Male,Product,Yes,4,3.9,5.1,32,12,10,0.3959
EMP_06459,Male,Service,Yes,3,2.0,3.09,42,2,18,0.3578
EMP_06460,Male,Product,Yes,5,6.6,9.07,50,4,25,0.6692
EMP_06461,Male,Service,Yes,4,9.2,5.53,62,6,22,0.726
EMP_06462,Female,Product,Yes,1,5.1,7.87,49,10,19,0.3843
EMP_06463,Non-binary,Product,Yes,5,6.6,9.24,65,19,28,0.6493
EMP_06464,Male,Service,Yes,4,6.5,1.63,47,5,27,0.6292
EMP_06465,Female,Service,No,1,4.7,4.28,54,6,17,0.2926
EMP_06466,Male,Service,Yes,4,6.5,4.33,67,14,9,0.4605
EMP_06467,Male,Product,Yes,5,3.3,3.54,54,15,3,0.4381
EMP_06468,Male,Service,No,1,4.4,0.09,67,19,16,0.2823
EMP_06469,Non-binary,Product,Yes,4,5.0,8.16,44,19,18,0.3316
EMP_06470,Female,Product,Yes,3,8.8,1.12,46,7,23,0.602
EMP_06471,Female,Product,Yes,1,4.1,9.95,65,18,5,0.2688
EMP_06472,Female,Service,Yes,4,6.7,7.73,58,12,20,0.5992
EMP_06473,Female,Product,Yes,3,2.9,5.8,62,8,21,0.3269
EMP_06474,Non-binary,Product,Yes,1,3.3,1.55,61,3,8,0.3225
EMP_06475,Female,Product,Yes,4,6.8,5.15,37,15,25,0.5071
EMP_06476,Female,Product,No,5,7.9,2.61,42,10,28,0.6566
EMP_06477,Male,Product,Yes,1,5.2,2.52,46,19,11,0.2645
EMP_06478,Male,Service,No,1,4.0,8.3,50,12,15,0.2595
EMP_06479,Male,Product,Yes,3,9.2,3.81,43,3,28,0.6652
EMP_06480,Male,Service,Yes,4,2.2,4.51,54,14,14,0.3223
EMP_06481,Female,Service,No,5,7.5,8.43,53,17,17,0.6465
EMP_06482,Male,Product,Yes,3,7.2,0.88,62,3,29,0.689
EMP_06483,Female,Service,No,1,7.2,5.95,37,7,9,0.4131
EMP_06484,Male,Product,Yes,3,9.4,5.78,57,17,14,0.6999
EMP_06485,Male,Service,No,3,7.6,4.25,48,15,19,0.5342
EMP_06486,Male,Service,Yes,3,3.7,8.3,40,10,15,0.3756
EMP_06487,Non-binary,Product,Yes,1,4.2,9.43,39,7,25,0.4304
EMP_06488,Male,Service,No,2,4.5,4.65,30,3,19,0.374
EMP_06489,Male,Product,No,3,1.3,4.56,34,15,10,0.1677
EMP_06490,Female,Product,Yes,2,9.2,5.02,45,5,20,0.5624
EMP_06491,Female,Service,No,5,1.7,7.23,49,2,4,0.4963
EMP_06492,Male,Product,Yes,5,7.3,6.68,49,9,19,0.6224
EMP_06493,Male,Product,Yes,5,7.6,2.23,57,18,27,0.5763
EMP_06494,Male,Product,Yes,4,8.6,0.64,34,13,14,0.5158
EMP_06495,Non-binary,Service,No,1,6.0,9.49,32,7,15,0.4156
EMP_06496,Male,Product,No,2,7.5,2.61,59,4,17,0.6599
EMP_06497,Male,Service,Yes,4,3.7,6.39,52,8,13,0.472
EMP_06498,Male,Product,Yes,2,7.7,8.28,63,6,26,0.554
EMP_06499,Male,Product,No,1,4.1,3.0,57,4,11,0.3674
EMP_06500,Female,Service,Yes,3,9.1,6.35,30,5,10,0.5534
EMP_06501,Male,Product,Yes,4,2.5,1.08,56,9,22,0.5592
EMP_06502,Male,Service,Yes,1,3.8,9.7,63,8,27,0.4396
EMP_06503,Male,Product,Yes,4,5.5,0.58,60,2,17,0.6651
EMP_06504,Male,Product,Yes,5,8.0,4.38,61,7,26,0.7653
EMP_06505,Male,Product,Yes,4,7.7,5.37,36,18,19,0.4449
EMP_06506,Female,Service,No,3,2.9,7.9,67,10,28,0.4552
EMP_06507,Female,Service,No,3,2.3,1.21,63,3,16,0.4352
EMP_06508,Female,Service,Yes,2,3.7,4.41,33,17,7,0.292
EMP_06509,Female,Product,Yes,4,5.4,3.0,48,2,18,0.5802
EMP_06510,Female,Service,Yes,5,5.9,3.12,51,3,27,0.5923
EMP_06511,Male,Product,Yes,3,4.9,7.79,58,5,10,0.6297
EMP_06512,Female,Service,No,2,7.0,0.05,63,13,19,0.5081
EMP_06513,Female,Service,No,5,4.8,7.49,63,13,24,0.5557
EMP_06514,Female,Service,No,5,9.5,8.1,32,6,13,0.7269
EMP_06515,Male,Product,No,5,3.3,9.01,50,14,24,0.4992
EMP_06516,Male,Product,Yes,1,6.6,6.27,67,5,20,0.4965
EMP_06517,Female,Product,Yes,3,6.5,3.33,50,1,29,0.5784
EMP_06518,Female,Service,No,1,3.5,4.27,46,9,4,0.2987
EMP_06519,Non-binary,Product,No,1,4.7,9.7,58,3,3,0.4376
EMP_06520,Male,Product,Yes,3,4.3,8.81,62,6,24,0.5495
EMP_06521,Male,Product,Yes,4,2.6,4.64,68,4,11,0.4886
EMP_06522,Male,Product,No,2,5.3,9.43,55,2,10,0.4869
EMP_06523,Female,Product,Yes,3,4.5,8.23,36,16,23,0.4094
EMP_06524,Male,Service,No,2,2.6,9.01,38,6,26,0.3562
EMP_06525,Male,Service,No,4,5.0,6.83,47,14,4,0.469
EMP_06526,Non-binary,Service,Yes,3,4.8,8.58,30,10,14,0.3711
EMP_06527,Male,Service,No,5,2.2,8.92,40,4,29,0.5225
EMP_06528,Female,Product,No,3,2.2,0.92,51,7,8,0.3381
EMP_06529,Male,Product,No,4,6.8,9.65,61,17,4,0.5653
EMP_06530,Female,Product,Yes,1,7.4,3.34,39,5,26,0.4143
EMP_06531,Female,Service,Yes,3,9.5,4.4,56,14,14,0.553
EMP_06532,Female,Product,Yes,5,1.8,7.92,41,16,20,0.4153
EMP_06533,Female,Product,Yes,3,2.1,6.65,59,8,7,0.3434
EMP_06534,Male,Product,Yes,1,1.5,8.93,39,16,15,0.0841
EMP_06535,Male,Product,Yes,3,5.8,4.01,41,6,25,0.4766
EMP_06536,Male,Product,No,5,6.6,3.73,67,11,25,0.664
EMP_06537,Female,Product,Yes,4,4.6,0.32,50,2,6,0.5956
EMP_06538,Female,Service,Yes,5,8.2,4.63,56,1,10,0.7815
EMP_06539,Male,Service,Yes,4,7.2,7.24,35,9,25,0.4633
EMP_06540,Female,Product,No,5,9.9,3.01,67,5,12,0.7761
EMP_06541,Male,Product,No,2,2.2,4.63,37,2,23,0.387
EMP_06542,Female,Service,Yes,3,1.5,2.19,66,14,16,0.3079
EMP_06543,Non-binary,Product,No,3,3.5,7.73,35,13,22,0.2841
EMP_06544,Male,Service,Yes,1,1.2,0.61,63,12,4,0.1276
EMP_06545,Male,Product,Yes,2,9.4,7.05,69,9,4,0.6831
EMP_06546,Male,Service,No,1,3.7,3.79,51,6,6,0.2798
EMP_06547,Female,Service,No,3,6.0,0.42,58,4,26,0.5296
EMP_06548,Male,Service,Yes,1,3.9,8.53,38,10,13,0.2718
EMP_06549,Male,Service,No,4,3.2,4.88,50,5,24,0.5554
EMP_06550,Male,Product,No,2,2.4,5.99,61,4,11,0.3287
EMP_06551,Male,Product,Yes,5,3.9,7.32,37,4,20,0.5987
EMP_06552,Male,Product,Yes,4,6.5,6.55,39,13,25,0.6246
EMP_06553,Female,Service,Yes,5,9.7,7.31,52,16,19,0.6574
EMP_06554,Male,Product,Yes,1,6.0,7.62,49,11,4,0.3232
EMP_06555,Female,Service,Yes,3,5.8,5.89,42,19,29,0.4067
EMP_06556,Female,Product,No,4,1.3,3.66,51,18,27,0.2863
EMP_06557,Male,Product,Yes,2,8.6,2.43,44,1,26,0.6503
EMP_06558,Male,Service,No,5,1.4,9.03,60,4,27,0.4485
EMP_06559,Female,Product,Yes,4,9.2,9.7,61,9,9,0.7484
EMP_06560,Non-binary,Product,Yes,3,5.8,3.58,42,9,14,0.4797
EMP_06561,Male,Product,Yes,2,2.5,1.12,54,11,18,0.2865
EMP_06562,Male,Product,Yes,2,5.1,2.23,50,5,12,0.4072
EMP_06563,Male,Service,Yes,5,10.0,6.71,33,6,13,0.7389
EMP_06564,Female,Service,No,4,3.7,1.73,44,6,11,0.5973
EMP_06565,Male,Product,No,4,3.4,7.8,50,8,6,0.3839
EMP_06566,Male,Product,Yes,2,2.1,9.23,37,19,18,0.3125
EMP_06567,Female,Product,No,1,6.4,9.64,60,1,21,0.5111
EMP_06568,Female,Product,Yes,2,1.8,0.09,39,5,22,0.1924
EMP_06569,Male,Service,Yes,3,7.9,9.58,50,19,7,0.4677
EMP_06570,Male,Service,Yes,4,9.3,7.4,46,2,14,0.7315
EMP_06571,Female,Product,No,5,9.4,0.84,34,16,12,0.6118
EMP_06572,Male,Product,Yes,4,2.0,4.15,42,2,16,0.4188
EMP_06573,Male,Service,Yes,2,6.0,7.0,50,9,22,0.4404
EMP_06574,Female,Product,Yes,3,1.9,9.57,41,18,22,0.3433
EMP_06575,Male,Product,No,1,6.1,1.64,54,16,14,0.281
EMP_06576,Female,Service,No,4,8.3,1.28,57,7,25,0.6365
EMP_06577,Female,Product,No,2,5.8,4.72,31,9,6,0.3798
EMP_06578,Male,Product,No,2,8.8,9.68,50,12,22,0.5619
EMP_06579,Male,Service,Yes,2,8.2,9.71,51,19,27,0.4317
EMP_06580,Female,Service,No,3,3.5,2.28,31,1,11,0.3936
EMP_06581,Female,Product,No,2,6.7,3.19,59,6,16,0.5357
EMP_06582,Non-binary,Product,Yes,2,1.1,9.08,30,2,7,0.293
EMP_06583,Female,Product,Yes,2,4.6,7.35,42,17,11,0.3398
EMP_06584,Male,Service,Yes,4,3.1,9.72,32,14,29,0.3294
EMP_06585,Female,Product,Yes,2,9.4,8.93,49,13,4,0.517
EMP_06586,Male,Product,No,3,4.6,2.15,34,11,14,0.3157
EMP_06587,Male,Service,Yes,4,6.9,7.6,31,16,14,0.4466
EMP_06588,Male,Product,Yes,2,7.6,0.49,55,18,15,0.3109
EMP_06589,Male,Product,No,1,8.0,8.18,58,3,23,0.5585
EMP_06590,Female,Product,Yes,3,7.6,6.02,47,1,13,0.6163
EMP_06591,Male,Product,Yes,1,3.6,9.56,38,14,25,0.202
EMP_06592,Male,Product,No,3,7.2,9.6,51,17,10,0.5373
EMP_06593,Male,Service,Yes,1,5.9,0.51,57,3,23,0.424
EMP_06594,Female,Service,No,2,6.4,1.61,41,12,14,0.4163
EMP_06595,Female,Product,Yes,1,1.0,4.84,66,2,11,0.2734
EMP_06596,Male,Product,Yes,1,3.3,8.79,47,2,14,0.3324
EMP_06597,Male,Service,Yes,3,9.4,8.14,63,12,13,0.7083
EMP_06598,Male,Product,Yes,2,3.6,9.64,32,5,21,0.2819
EMP_06599,Female,Product,No,3,4.9,6.18,34,16,10,0.3565
EMP_06600,Female,Service,No,2,2.7,2.57,52,5,29,0.3604
EMP_06601,Male,Product,No,5,2.2,0.25,42,3,27,0.4973
EMP_06602,Female,Product,Yes,4,2.9,2.23,53,6,9,0.4566
EMP_06603,Male,Product,No,4,6.0,6.75,57,19,23,0.4487
EMP_06604,Female,Product,No,3,9.3,9.26,46,12,27,0.5932
EMP_06605,Male,Product,Yes,2,3.9,3.21,35,8,29,0.2247
EMP_06606,Male,Product,No,1,3.9,8.76,56,6,16,0.345
EMP_06607,Male,Product,Yes,4,6.1,3.95,58,14,26,0.5834
EMP_06608,Male,Service,Yes,3,4.2,3.08,41,3,26,0.5013
EMP_06609,Non-binary,Product,No,3,9.2,5.09,64,11,24,0.6389
EMP_06610,Male,Product,No,3,4.4,4.42,34,7,4,0.4889
EMP_06611,Female,Service,Yes,2,5.4,9.14,31,9,22,0.36
EMP_06612,Female,Service,Yes,3,5.8,4.68,40,11,14,0.4516
EMP_06613,Male,Product,No,5,8.0,2.77,33,13,3,0.4772
EMP_06614,Male,Product,No,1,6.1,8.43,51,18,28,0.3495
EMP_06615,Male,Product,Yes,3,3.2,9.99,30,10,23,0.3512
EMP_06616,Female,Service,Yes,2,2.1,6.48,45,2,12,0.3093
EMP_06617,Male,Product,Yes,1,9.4,2.5,31,7,3,0.535
EMP_06618,Male,Product,No,1,8.2,2.39,56,15,24,0.3524
EMP_06619,Male,Product,Yes,4,1.2,0.58,41,10,12,0.2051
EMP_06620,Female,Product,Yes,3,8.4,0.77,34,12,10,0.5019
EMP_06621,Male,Product,Yes,3,6.3,9.15,34,9,15,0.3759
EMP_06622,Male,Product,No,2,5.7,0.96,51,19,16,0.3714
EMP_06623,Male,Service,No,5,1.1,4.84,42,6,12,0.3908
EMP_06624,Male,Service,No,5,8.0,6.98,45,19,3,0.6294
EMP_06625,Female,Product,Yes,4,2.8,8.5,55,1,8,0.5239
EMP_06626,Male,Product,Yes,5,7.6,1.71,38,2,14,0.678
EMP_06627,Female,Product,No,2,1.1,4.38,61,15,22,0.2286
EMP_06628,Female,Product,No,4,8.2,2.51,48,11,17,0.659
EMP_06629,Female,Service,No,3,1.2,2.56,65,18,15,0.3178
EMP_06630,Female,Service,No,5,3.1,3.04,57,1,17,0.5744
EMP_06631,Male,Product,No,2,3.4,5.87,44,4,27,0.386
EMP_06632,Male,Product,No,2,2.4,0.17,38,4,18,0.3142
EMP_06633,Female,Product,No,3,5.3,4.09,45,4,26,0.4824
EMP_06634,Male,Service,No,2,3.6,1.87,35,18,14,0.2337
EMP_06635,Female,Service,Yes,4,9.9,9.67,37,1,22,0.7229
EMP_06636,Male,Service,Yes,4,6.2,5.83,62,7,13,0.5476
EMP_06637,Female,Service,No,1,6.1,8.68,61,14,14,0.4118
EMP_06638,Female,Product,Yes,3,3.0,1.96,65,16,29,0.3992
EMP_06639,Male,Service,No,2,4.7,8.1,65,15,4,0.4461
EMP_06640,Male,Service,Yes,5,2.1,4.15,63,5,24,0.4539
EMP_06641,Female,Product,Yes,4,7.9,1.78,31,13,5,0.4806
EMP_06642,Female,Product,Yes,3,4.0,7.61,42,5,19,0.422
EMP_06643,Male,Service,Yes,3,7.8,7.62,39,18,16,0.4103
EMP_06644,Female,Service,Yes,4,4.3,9.96,67,5,29,0.5554
EMP_06645,Male,Service,Yes,1,9.9,7.81,36,5,9,0.4977
EMP_06646,Male,Service,No,3,2.5,1.45,32,6,22,0.2892
EMP_06647,Female,Service,Yes,2,1.0,3.23,56,14,16,0.1908
EMP_06648,Female,Service,Yes,5,6.4,4.52,43,2,11,0.6876
EMP_06649,Female,Product,Yes,5,9.6,1.27,59,15,12,0.7123
EMP_06650,Female,Service,No,4,6.8,7.88,63,16,28,0.6339
EMP_06651,Male,Product,No,3,1.8,5.27,52,5,13,0.2629
EMP_06652,Female,Product,No,5,5.9,9.44,46,16,13,0.4983
EMP_06653,Male,Product,Yes,3,9.2,5.89,44,1,29,0.6946
EMP_06654,Male,Service,Yes,4,1.1,5.23,36,8,21,0.3331
EMP_06655,Male,Service,No,1,2.5,0.71,32,1,15,0.2258
EMP_06656,Male,Service,No,5,8.3,1.49,38,7,12,0.6972
EMP_06657,Male,Product,Yes,2,9.0,8.5,32,6,18,0.5566
EMP_06658,Male,Product,Yes,4,7.4,9.91,64,8,12,0.7976
EMP_06659,Male,Product,Yes,1,9.9,4.15,69,5,12,0.643
EMP_06660,Male,Product,Yes,2,1.8,8.1,37,15,14,0.1802
EMP_06661,Female,Service,No,2,5.9,6.28,55,16,3,0.4891
EMP_06662,Male,Product,Yes,5,7.2,9.59,44,17,20,0.5925
EMP_06663,Male,Service,Yes,3,7.3,2.38,34,11,22,0.501
EMP_06664,Female,Service,Yes,4,8.1,5.45,42,2,13,0.6187
EMP_06665,Female,Product,No,2,9.3,4.09,44,1,9,0.6385
EMP_06666,Female,Service,No,5,4.3,5.42,68,17,16,0.5199
EMP_06667,Male,Product,No,1,1.4,2.69,41,1,10,0.2708
EMP_06668,Female,Product,Yes,2,4.3,4.98,64,2,6,0.4604
EMP_06669,Male,Service,No,1,7.0,6.25,37,17,5,0.2595
EMP_06670,Male,Service,Yes,4,2.9,0.81,39,4,12,0.4413
EMP_06671,Male,Product,Yes,5,8.3,7.43,63,12,11,0.719
EMP_06672,Female,Product,Yes,1,3.0,7.07,37,10,17,0.2102
EMP_06673,Male,Product,Yes,3,1.1,8.8,51,10,10,0.3266
EMP_06674,Male,Product,Yes,1,5.6,4.26,41,15,15,0.3108
EMP_06675,Male,Service,No,1,7.5,0.62,51,11,24,0.4405
EMP_06676,Female,Service,Yes,5,4.1,4.61,56,7,27,0.574
EMP_06677,Female,Product,Yes,5,7.7,1.38,47,10,26,0.6972
EMP_06678,Male,Service,Yes,2,4.9,6.47,48,19,9,0.3111
EMP_06679,Female,Product,Yes,1,2.5,0.47,34,18,15,0.1614
EMP_06680,Male,Product,Yes,1,1.8,3.74,45,2,8,0.2441
EMP_06681,Female,Service,Yes,5,7.4,0.83,39,7,12,0.5352
EMP_06682,Male,Service,Yes,3,4.5,0.03,48,14,21,0.4261
EMP_06683,Female,Service,Yes,5,9.2,9.61,30,11,13,0.6354
EMP_06684,Male,Product,Yes,3,5.9,9.96,51,1,18,0.6311
EMP_06685,Female,Service,Yes,5,4.1,5.56,46,5,24,0.5493
EMP_06686,Male,Product,Yes,4,4.1,2.39,64,4,22,0.5495
EMP_06687,Male,Service,Yes,1,2.2,9.11,68,14,23,0.3407
EMP_06688,Male,Service,Yes,3,6.3,9.23,38,3,25,0.4383
EMP_06689,Male,Product,No,4,6.2,8.55,34,18,16,0.4981
EMP_06690,Male,Service,Yes,3,8.2,5.44,38,18,25,0.5133
EMP_06691,Female,Product,Yes,2,2.8,0.75,40,4,11,0.2596
EMP_06692,Male,Product,No,2,3.6,0.88,43,3,18,0.3548
EMP_06693,Female,Service,No,1,1.9,8.97,69,10,11,0.3505
EMP_06694,Female,Product,No,4,3.7,8.76,53,16,8,0.3781
EMP_06695,Female,Service,No,4,4.9,4.34,49,3,8,0.5353
EMP_06696,Female,Product,Yes,2,9.7,3.28,62,19,20,0.5965
EMP_06697,Female,Service,Yes,1,6.9,6.44,33,15,26,0.2731
EMP_06698,Male,Product,No,2,8.0,8.07,45,5,21,0.5767
EMP_06699,Female,Product,No,4,3.9,7.32,54,11,19,0.4877
EMP_06700,Male,Product,No,3,2.3,6.16,30,9,6,0.3073
EMP_06701,Female,Service,No,4,3.3,2.32,53,13,23,0.3387
EMP_06702,Female,Service,Yes,1,3.3,2.63,32,11,21,0.2031
EMP_06703,Male,Service,Yes,4,6.2,7.24,61,14,25,0.5631
EMP_06704,Male,Product,No,5,4.1,8.03,63,1,29,0.6345
EMP_06705,Male,Product,No,4,8.7,1.16,54,9,23,0.685
EMP_06706,Female,Product,No,5,9.9,1.87,32,13,13,0.649
EMP_06707,Female,Service,No,2,4.1,6.8,36,2,28,0.4076
EMP_06708,Male,Product,Yes,5,7.3,3.89,64,4,23,0.6561
EMP_06709,Female,Service,Yes,4,6.9,5.63,58,16,24,0.5104
EMP_06710,Female,Service,No,4,2.8,6.15,69,10,13,0.4427
EMP_06711,Male,Product,Yes,4,9.3,7.76,54,6,13,0.7035
EMP_06712,Male,Product,Yes,1,2.8,8.06,57,9,24,0.3103
EMP_06713,Female,Service,Yes,2,7.6,2.8,53,2,27,0.5195
EMP_06714,Female,Product,Yes,5,4.1,5.41,34,1,21,0.4788
EMP_06715,Female,Product,Yes,3,4.3,1.24,56,12,10,0.4068
EMP_06716,Male,Product,No,5,5.1,8.42,39,16,29,0.4904
EMP_06717,Male,Service,Yes,4,8.8,8.45,41,2,25,0.7245
EMP_06718,Male,Service,Yes,3,2.3,3.0,47,13,18,0.4043
EMP_06719,Male,Product,No,3,1.5,1.61,67,8,27,0.2932
EMP_06720,Male,Product,Yes,5,4.6,0.7,37,1,23,0.5428
EMP_06721,Female,Product,No,5,1.5,5.75,67,5,25,0.5031
EMP_06722,Male,Service,Yes,5,7.2,0.91,59,10,10,0.6456
EMP_06723,Female,Product,No,5,7.8,6.81,38,3,11,0.7984
EMP_06724,Male,Product,Yes,2,8.7,6.78,54,11,26,0.4324
EMP_06725,Female,Service,Yes,1,7.7,6.14,59,5,14,0.5121
EMP_06726,Male,Service,No,1,9.2,8.77,31,12,14,0.4672
EMP_06727,Male,Service,No,5,7.7,3.78,46,12,4,0.6484
EMP_06728,Male,Service,Yes,1,9.4,9.02,36,13,29,0.5189
EMP_06729,Non-binary,Product,No,5,2.7,0.37,51,14,8,0.3146
EMP_06730,Female,Product,Yes,5,5.5,1.13,39,4,6,0.5524
EMP_06731,Male,Product,No,5,9.9,4.12,55,3,15,0.7641
EMP_06732,Male,Product,Yes,2,7.1,5.94,42,17,6,0.4274
EMP_06733,Non-binary,Service,Yes,4,8.9,0.32,57,8,11,0.6724
EMP_06734,Male,Service,Yes,1,1.3,5.67,65,16,9,0.1735
EMP_06735,Male,Service,Yes,1,8.8,3.07,40,11,8,0.5413
EMP_06736,Female,Product,Yes,2,7.3,8.87,38,5,20,0.5044
EMP_06737,Non-binary,Service,Yes,2,2.5,5.33,45,16,17,0.2224
EMP_06738,Male,Service,Yes,5,1.2,5.88,46,9,18,0.354
EMP_06739,Male,Product,Yes,5,3.3,9.46,34,13,3,0.287
EMP_06740,Non-binary,Service,Yes,4,9.2,7.64,34,8,12,0.6548
EMP_06741,Male,Product,No,1,7.0,4.38,67,5,6,0.4728
EMP_06742,Male,Product,Yes,2,9.3,4.77,60,9,27,0.6179
EMP_06743,Female,Service,No,4,5.0,6.48,31,6,6,0.6322
EMP_06744,Female,Service,No,1,9.4,2.0,56,2,20,0.6001
EMP_06745,Male,Product,No,4,5.2,0.89,48,7,15,0.5106
EMP_06746,Non-binary,Product,No,4,2.8,3.11,54,17,26,0.4063
EMP_06747,Female,Service,Yes,5,2.4,7.78,67,12,24,0.5647
EMP_06748,Male,Service,Yes,4,9.9,2.57,42,1,3,0.7396
EMP_06749,Non-binary,Service,Yes,5,4.0,1.31,58,15,22,0.4812
EMP_06750,Male,Product,Yes,1,2.4,2.19,48,11,12,0.1876
EMP_06751,Male,Product,No,1,1.1,6.79,64,10,23,0.2743
EMP_06752,Female,Product,Yes,5,3.6,6.14,54,16,3,0.4948
EMP_06753,Male,Product,Yes,3,9.0,6.88,38,9,4,0.5952
EMP_06754,Male,Product,No,4,5.8,3.22,64,12,11,0.4874
EMP_06755,Male,Product,Yes,1,6.7,9.01,44,15,3,0.3937
EMP_06756,Male,Service,Yes,4,9.3,4.52,51,16,17,0.6628
EMP_06757,Female,Product,Yes,3,5.6,5.14,42,1,29,0.4749
EMP_06758,Female,Service,No,4,8.5,9.49,59,6,17,0.7389
EMP_06759,Non-binary,Product,No,3,3.9,9.79,50,13,26,0.4485
EMP_06760,Male,Product,Yes,2,9.8,6.62,54,1,29,0.7019
EMP_06761,Male,Product,Yes,3,1.7,9.45,54,13,27,0.4231
EMP_06762,Male,Product,Yes,1,7.5,5.42,69,5,4,0.5144
EMP_06763,Male,Product,Yes,5,6.9,3.07,51,3,14,0.6215
EMP_06764,Male,Service,No,5,2.7,3.15,32,12,20,0.3309
EMP_06765,Female,Service,Yes,4,4.5,5.59,38,10,25,0.4188
EMP_06766,Female,Product,Yes,2,3.8,6.05,53,9,12,0.3403
EMP_06767,Non-binary,Product,No,4,1.9,4.4,61,17,15,0.3899
EMP_06768,Male,Service,No,3,6.3,8.84,46,6,11,0.4496
EMP_06769,Female,Service,No,5,9.9,4.27,53,14,28,0.6829
EMP_06770,Male,Product,Yes,3,6.0,2.73,37,3,27,0.541
EMP_06771,Male,Service,Yes,5,5.9,0.08,35,18,5,0.438
EMP_06772,Female,Service,Yes,5,1.4,9.71,38,7,25,0.3598
EMP_06773,Female,Service,No,5,2.3,8.24,44,9,24,0.4267
EMP_06774,Male,Service,Yes,1,5.6,6.16,53,15,10,0.4146
EMP_06775,Male,Service,No,3,9.9,8.31,40,19,16,0.5545
EMP_06776,Male,Service,No,4,8.9,8.1,60,16,26,0.672
EMP_06777,Female,Product,Yes,2,4.1,9.32,42,19,26,0.2839
EMP_06778,Male,Service,Yes,4,5.9,3.86,59,19,26,0.5643
EMP_06779,Non-binary,Service,No,3,6.0,5.55,54,17,29,0.4335
EMP_06780,Male,Service,No,2,7.2,0.99,41,6,28,0.4405
EMP_06781,Male,Service,No,4,7.2,9.65,50,1,18,0.7237
EMP_06782,Male,Product,Yes,2,8.1,9.85,53,19,8,0.5196
EMP_06783,Male,Product,Yes,3,1.2,7.89,55,15,11,0.282
EMP_06784,Male,Product,No,5,9.5,4.54,41,3,23,0.7659
EMP_06785,Female,Product,No,3,1.6,4.97,66,17,6,0.3404
EMP_06786,Female,Product,Yes,1,5.3,4.35,50,6,25,0.3621
EMP_06787,Non-binary,Service,Yes,2,9.3,2.93,52,4,21,0.6536
EMP_06788,Female,Product,No,3,5.4,5.28,30,8,26,0.4281
EMP_06789,Female,Service,Yes,5,1.6,0.53,39,4,17,0.4166
EMP_06790,Female,Service,No,5,3.1,9.92,64,2,26,0.581
EMP_06791,Female,Product,Yes,3,6.2,4.24,67,10,13,0.544
EMP_06792,Male,Product,No,4,1.8,9.27,57,12,23,0.3591
EMP_06793,Male,Service,No,3,4.8,7.24,30,1,12,0.4406
EMP_06794,Male,Service,Yes,5,4.0,2.9,37,12,10,0.4988
EMP_06795,Male,Service,No,3,8.3,2.22,52,10,5,0.5184
EMP_06796,Male,Service,No,1,2.0,9.96,49,12,21,0.2114
EMP_06797,Non-binary,Service,No,4,7.1,7.72,61,19,6,0.5192
EMP_06798,Male,Service,Yes,3,4.7,2.5,52,3,15,0.5041
EMP_06799,Male,Service,No,5,6.3,0.67,36,19,11,0.5325
EMP_06800,Male,Service,No,3,2.8,6.97,40,7,23,0.3559
EMP_06801,Male,Service,Yes,3,6.5,3.03,37,1,24,0.4315
EMP_06802,Male,Product,No,2,7.1,2.21,43,13,22,0.4572
EMP_06803,Male,Service,Yes,3,1.6,7.35,43,9,15,0.3097
EMP_06804,Male,Product,Yes,1,8.4,6.79,65,16,11,0.5166
EMP_06805,Male,Service,Yes,5,8.8,4.81,69,18,22,0.7283
EMP_06806,Female,Product,Yes,2,1.6,9.43,56,15,21,0.2382
EMP_06807,Female,Product,No,3,6.4,6.8,49,15,18,0.4175
EMP_06808,Male,Product,No,4,6.3,8.93,67,15,20,0.5277
EMP_06809,Male,Product,Yes,1,1.1,1.91,54,10,21,0.2794
EMP_06810,Male,Product,No,1,4.1,2.97,58,18,19,0.2356
EMP_06811,Female,Service,Yes,1,9.7,1.05,43,15,14,0.4305
EMP_06812,Male,Product,Yes,2,6.0,3.05,57,12,13,0.4617
EMP_06813,Male,Product,Yes,3,9.4,9.72,59,1,26,0.7502
EMP_06814,Female,Product,Yes,1,7.1,9.63,44,13,19,0.3062
EMP_06815,Male,Service,Yes,3,1.3,7.6,50,17,8,0.2082
EMP_06816,Male,Product,No,4,1.7,5.21,41,17,29,0.2959
EMP_06817,Male,Product,Yes,3,7.5,7.81,40,7,17,0.513
EMP_06818,Non-binary,Product,Yes,3,6.0,5.53,68,11,4,0.6176
EMP_06819,Female,Service,Yes,3,2.1,0.04,35,12,16,0.1799
EMP_06820,Female,Product,Yes,5,6.5,5.02,32,9,29,0.5081
EMP_06821,Male,Product,No,2,8.3,5.99,44,15,29,0.4275
EMP_06822,Male,Product,Yes,3,7.8,2.66,63,1,5,0.6842
EMP_06823,Non-binary,Service,No,1,3.2,2.03,33,11,27,0.1401
EMP_06824,Non-binary,Product,Yes,5,3.3,2.74,63,5,14,0.625
EMP_06825,Male,Service,No,3,9.7,6.24,67,19,27,0.6874
EMP_06826,Female,Product,Yes,5,9.0,1.46,68,18,8,0.724
EMP_06827,Male,Product,No,2,3.9,7.2,35,18,25,0.1771
EMP_06828,Male,Product,Yes,5,8.4,4.23,51,18,7,0.6333
EMP_06829,Female,Product,Yes,1,2.5,3.53,66,7,9,0.2048
EMP_06830,Male,Product,No,3,2.8,8.07,61,14,8,0.4524
EMP_06831,Non-binary,Product,No,1,2.6,5.06,57,1,23,0.3628
EMP_06832,Male,Product,Yes,4,1.8,3.78,55,9,21,0.4128
EMP_06833,Male,Service,No,5,8.7,8.78,33,16,16,0.5999
EMP_06834,Female,Service,No,5,6.2,3.68,39,6,20,0.5947
EMP_06835,Female,Product,Yes,5,3.3,8.59,56,7,23,0.5469
EMP_06836,Male,Service,Yes,2,8.6,5.04,49,18,16,0.4875
EMP_06837,Male,Service,Yes,1,8.2,2.08,65,1,10,0.6064
EMP_06838,Female,Service,Yes,4,1.9,6.13,34,16,16,0.2107
EMP_06839,Male,Product,No,2,6.8,2.85,46,18,23,0.3911
EMP_06840,Non-binary,Service,Yes,2,7.5,1.47,61,18,21,0.5141
EMP_06841,Female,Product,Yes,3,7.4,0.87,64,19,28,0.4691
EMP_06842,Male,Product,No,4,7.5,2.42,52,13,5,0.6369
EMP_06843,Male,Product,Yes,5,2.5,7.37,42,19,17,0.2899
EMP_06844,Male,Product,No,5,3.8,8.38,30,3,23,0.609
EMP_06845,Female,Product,No,3,8.6,8.62,60,17,18,0.5263
EMP_06846,Male,Product,No,5,9.1,2.7,48,11,27,0.6915
EMP_06847,Male,Service,No,1,3.5,6.61,52,17,17,0.2643
EMP_06848,Male,Product,Yes,5,1.2,2.3,63,12,16,0.4078
EMP_06849,Female,Product,Yes,1,8.7,6.23,33,12,17,0.4009
EMP_06850,Male,Product,Yes,3,4.4,8.87,63,16,26,0.4954
EMP_06851,Male,Product,Yes,3,4.0,0.41,59,1,9,0.4382
EMP_06852,Non-binary,Service,No,1,4.1,9.85,39,13,7,0.4162
EMP_06853,Female,Service,Yes,5,4.7,8.27,35,2,11,0.5267
EMP_06854,Female,Product,No,3,4.4,7.62,41,16,18,0.4185
EMP_06855,Male,Product,No,3,6.1,6.91,41,7,4,0.4314
EMP_06856,Male,Service,Yes,1,1.7,7.7,47,2,24,0.2531
EMP_06857,Female,Product,Yes,3,9.7,9.95,65,18,25,0.492
EMP_06858,Male,Service,Yes,5,9.4,7.7,64,17,9,0.791
EMP_06859,Female,Product,No,3,9.4,3.52,54,16,14,0.6106
EMP_06860,Female,Product,No,1,8.9,6.14,51,18,29,0.346
EMP_06861,Male,Product,Yes,5,6.9,3.37,59,16,18,0.5334
EMP_06862,Female,Product,Yes,4,3.0,9.7,58,1,6,0.445
EMP_06863,Non-binary,Product,Yes,1,1.4,9.0,36,5,4,0.2116
EMP_06864,Male,Service,No,4,1.9,5.68,69,15,19,0.379
EMP_06865,Male,Service,Yes,3,3.9,7.81,32,13,19,0.3973
EMP_06866,Male,Service,Yes,5,5.5,9.1,50,5,5,0.6279
EMP_06867,Male,Service,No,3,9.9,2.44,49,18,18,0.6499
EMP_06868,Male,Product,No,5,4.9,5.79,38,5,25,0.491
EMP_06869,Female,Service,No,2,5.7,4.82,65,16,29,0.407
EMP_06870,Non-binary,Product,Yes,3,7.3,7.72,43,11,7,0.4989
EMP_06871,Male,Service,No,3,2.6,3.79,47,11,9,0.3007
EMP_06872,Male,Product,Yes,3,9.4,7.09,62,3,15,0.7696
EMP_06873,Female,Service,Yes,1,5.8,4.03,31,19,11,0.2786
EMP_06874,Male,Service,Yes,5,3.5,1.11,66,10,10,0.4409
EMP_06875,Female,Product,Yes,5,9.4,1.07,60,2,3,0.7904
EMP_06876,Male,Product,Yes,5,6.6,1.19,51,17,6,0.5467
EMP_06877,Male,Product,No,1,5.4,0.33,38,3,23,0.4267
EMP_06878,Male,Product,Yes,5,6.2,5.33,49,3,9,0.7358
EMP_06879,Female,Service,No,3,7.7,6.72,49,8,13,0.6029
EMP_06880,Male,Service,Yes,4,2.4,1.27,30,16,10,0.2733
EMP_06881,Female,Product,Yes,2,8.8,6.12,59,12,10,0.5929
EMP_06882,Male,Product,No,5,9.6,5.98,48,19,22,0.6116
EMP_06883,Male,Service,No,1,6.1,1.47,65,1,13,0.4619
EMP_06884,Male,Product,Yes,1,7.1,4.04,43,19,9,0.2874
EMP_06885,Non-binary,Product,No,5,8.7,7.55,30,4,13,0.7574
EMP_06886,Non-binary,Service,Yes,4,4.4,0.17,34,17,20,0.3246
EMP_06887,Male,Service,No,5,9.9,1.47,39,19,27,0.6075
EMP_06888,Male,Product,Yes,1,7.1,9.96,38,4,24,0.4849
EMP_06889,Male,Product,No,2,4.8,7.34,43,15,6,0.3688
EMP_06890,Male,Service,Yes,4,7.1,4.64,68,7,8,0.7522
EMP_06891,Male,Service,No,5,5.7,6.3,47,17,9,0.5258
EMP_06892,Female,Service,No,2,2.0,8.46,54,9,12,0.3149
EMP_06893,Non-binary,Product,Yes,5,8.2,8.42,65,7,10,0.8282
EMP_06894,Male,Service,No,4,6.1,3.25,60,4,6,0.6084
EMP_06895,Male,Service,Yes,1,8.2,4.91,64,17,11,0.4152
EMP_06896,Female,Service,Yes,4,2.4,6.38,56,15,8,0.2728
EMP_06897,Female,Service,No,3,5.8,0.72,51,9,19,0.4858
EMP_06898,Male,Product,Yes,5,7.9,9.46,40,16,21,0.6079
EMP_06899,Male,Service,Yes,2,9.9,4.33,39,6,16,0.6717
EMP_06900,Male,Product,Yes,2,9.0,3.71,37,17,3,0.4462
EMP_06901,Male,Product,No,4,8.8,9.07,57,7,8,0.6695
EMP_06902,Male,Service,Yes,4,3.2,1.18,52,17,24,0.3935
EMP_06903,Male,Service,Yes,4,8.5,0.39,35,14,9,0.5399
EMP_06904,Female,Service,No,2,2.5,6.85,43,15,3,0.2926
EMP_06905,Male,Product,No,1,2.8,3.85,53,18,19,0.2113
EMP_06906,Male,Product,No,2,2.0,7.64,38,19,23,0.1998
EMP_06907,Male,Service,No,1,8.7,0.69,69,18,23,0.473
EMP_06908,Female,Product,No,4,2.0,3.84,67,14,19,0.3632
EMP_06909,Female,Service,Yes,3,2.2,2.35,54,5,9,0.3782
EMP_06910,Male,Product,Yes,2,3.2,7.4,67,7,16,0.4203
EMP_06911,Male,Service,No,4,6.2,2.27,59,12,9,0.6257
EMP_06912,Non-binary,Product,No,2,8.9,4.58,51,17,24,0.5026
EMP_06913,Male,Service,No,4,4.8,8.19,31,19,15,0.368
EMP_06914,Male,Service,Yes,2,5.9,9.15,54,16,25,0.4789
EMP_06915,Male,Product,Yes,5,2.5,7.23,53,2,24,0.492
EMP_06916,Male,Service,No,2,3.4,4.29,66,12,28,0.3902
EMP_06917,Male,Service,No,5,2.2,5.72,32,17,20,0.2748
EMP_06918,Female,Service,No,1,4.7,6.9,55,3,23,0.3307
EMP_06919,Female,Service,Yes,2,6.3,8.75,59,8,9,0.5742
EMP_06920,Male,Product,Yes,1,3.6,8.89,58,5,4,0.3637
EMP_06921,Non-binary,Product,No,3,8.6,9.31,36,17,23,0.4142
EMP_06922,Male,Product,No,5,9.8,8.11,38,14,21,0.6523
EMP_06923,Male,Product,Yes,2,2.1,1.47,59,14,16,0.2486
EMP_06924,Female,Product,Yes,1,1.2,7.48,45,4,27,0.3642
EMP_06925,Female,Service,No,4,8.1,8.15,69,15,28,0.5401
EMP_06926,Male,Product,No,1,2.7,8.78,43,2,3,0.3668
EMP_06927,Male,Product,Yes,2,4.2,9.25,55,4,18,0.4299
EMP_06928,Female,Product,Yes,3,4.5,5.09,66,17,9,0.4203
EMP_06929,Female,Service,Yes,5,9.2,6.55,39,3,28,0.7133
EMP_06930,Female,Service,Yes,4,6.9,0.1,59,16,18,0.5757
EMP_06931,Male,Product,No,1,1.4,5.73,51,12,22,0.21
EMP_06932,Male,Service,Yes,2,1.1,4.73,59,3,14,0.2807
EMP_06933,Male,Product,No,2,2.8,9.62,61,5,7,0.4578
EMP_06934,Male,Service,No,5,3.9,9.02,43,16,19,0.5327
EMP_06935,Non-binary,Service,Yes,4,5.4,7.98,52,7,23,0.6212
EMP_06936,Male,Product,Yes,1,8.5,0.57,46,16,29,0.5239
EMP_06937,Male,Service,Yes,1,3.8,4.02,65,17,26,0.3402
EMP_06938,Female,Service,Yes,1,4.4,6.96,58,2,15,0.4319
EMP_06939,Male,Product,Yes,5,4.0,0.3,53,12,16,0.4455
EMP_06940,Male,Service,No,5,1.1,2.36,40,13,24,0.3707
EMP_06941,Female,Product,No,4,9.6,8.88,44,5,18,0.6962
EMP_06942,Female,Product,No,1,2.3,1.3,51,16,15,0.2358
EMP_06943,Female,Product,No,1,3.6,0.51,56,8,20,0.2914
EMP_06944,Male,Product,No,4,2.2,5.81,63,14,20,0.4186
EMP_06945,Female,Product,No,4,5.4,9.46,62,8,29,0.5361
EMP_06946,Female,Service,Yes,4,9.4,8.35,50,18,11,0.6195
EMP_06947,Male,Product,No,2,1.9,9.75,53,12,3,0.2484
EMP_06948,Male,Product,Yes,4,5.0,7.54,49,11,4,0.5886
EMP_06949,Female,Product,Yes,3,1.2,4.37,33,16,10,0.181
EMP_06950,Male,Service,Yes,5,7.9,9.47,66,15,15,0.6975
EMP_06951,Female,Service,No,4,6.8,4.27,66,13,8,0.538
EMP_06952,Male,Service,No,2,7.3,3.5,62,18,21,0.3784
EMP_06953,Male,Service,No,3,5.3,4.48,60,1,21,0.5174
EMP_06954,Male,Service,No,2,9.2,8.14,63,1,29,0.6548
EMP_06955,Female,Service,Yes,2,4.7,9.18,51,1,27,0.4439
EMP_06956,Male,Service,No,2,5.6,3.58,59,9,4,0.4051
EMP_06957,Male,Product,No,2,7.3,4.62,34,14,12,0.4468
EMP_06958,Female,Product,No,1,5.7,8.98,52,18,7,0.3209
EMP_06959,Female,Service,Yes,5,2.7,0.47,42,1,25,0.508
EMP_06960,Non-binary,Product,Yes,1,3.9,7.84,38,11,24,0.2552
EMP_06961,Male,Product,No,3,1.8,4.54,43,2,3,0.3744
EMP_06962,Male,Service,Yes,1,4.9,3.77,46,19,15,0.288
EMP_06963,Non-binary,Service,No,3,6.5,4.47,64,2,14,0.5769
EMP_06964,Female,Product,Yes,4,2.1,4.19,47,19,12,0.3598
EMP_06965,Male,Service,No,3,6.7,7.57,41,2,5,0.5734
EMP_06966,Male,Service,Yes,1,9.0,9.28,45,6,17,0.4933
EMP_06967,Female,Service,No,1,4.0,4.91,59,15,7,0.264
EMP_06968,Male,Service,Yes,3,3.0,8.33,42,11,21,0.3401
EMP_06969,Female,Service,No,1,9.0,7.32,47,16,21,0.4437
EMP_06970,Male,Product,Yes,3,7.2,3.31,41,3,23,0.4352
EMP_06971,Male,Product,No,2,1.9,5.87,63,3,15,0.319
EMP_06972,Female,Product,No,5,4.7,6.67,62,19,10,0.5453
EMP_06973,Male,Service,Yes,3,7.1,0.23,35,11,28,0.4409
EMP_06974,Male,Service,No,2,6.2,3.96,47,6,10,0.4783
EMP_06975,Male,Service,Yes,2,6.6,9.93,32,9,26,0.459
EMP_06976,Male,Product,Yes,2,6.1,6.37,35,5,8,0.4351
EMP_06977,Female,Service,Yes,2,8.2,3.34,65,7,11,0.5494
EMP_06978,Female,Product,No,3,3.9,2.5,51,1,16,0.4363
EMP_06979,Female,Product,Yes,1,7.4,2.09,36,3,7,0.4502
EMP_06980,Male,Product,Yes,2,9.9,4.02,59,11,18,0.5545
EMP_06981,Male,Product,No,4,4.5,1.93,31,10,16,0.4244
EMP_06982,Male,Service,No,2,8.1,1.35,61,13,12,0.5805
EMP_06983,Non-binary,Product,Yes,1,3.2,3.64,44,3,25,0.1948
EMP_06984,Female,Product,No,1,3.5,6.07,51,11,19,0.3182
EMP_06985,Female,Service,No,5,9.4,1.46,67,9,18,0.7539
EMP_06986,Male,Product,Yes,5,1.2,0.44,37,11,22,0.3491
EMP_06987,Male,Product,No,2,3.0,0.35,37,9,19,0.2324
EMP_06988,Male,Product,Yes,2,5.3,2.67,68,13,18,0.4971
EMP_06989,Male,Product,No,5,4.6,1.9,65,9,12,0.5589
EMP_06990,Male,Product,Yes,2,6.7,5.39,49,14,20,0.4441
EMP_06991,Non-binary,Product,No,4,2.7,4.56,66,16,8,0.4255
EMP_06992,Male,Service,Yes,3,1.6,3.25,37,17,19,0.2152
EMP_06993,Male,Product,No,5,4.3,8.34,43,15,11,0.49
EMP_06994,Male,Product,Yes,5,5.7,5.05,49,11,24,0.5814
EMP_06995,Female,Service,Yes,1,6.1,0.92,64,12,10,0.3709
EMP_06996,Female,Product,Yes,2,6.4,2.96,54,11,28,0.4333
EMP_06997,Female,Service,No,5,5.9,9.73,47,18,28,0.5931
EMP_06998,Female,Product,Yes,5,3.2,9.77,50,12,10,0.4134
EMP_06999,Male,Product,Yes,4,7.9,2.55,66,8,14,0.6247
EMP_07000,Female,Service,Yes,2,1.8,1.67,60,10,20,0.1962
